entity,year,population,births,deaths,child_deaths_under_5,birth_rate_per_1000,death_rate_per_1000,under5_deaths_per_1000_births_same_year,health_spending_pct_gdp,gdp_per_capita
Afghanistan,2002,21378123.0,1015202.0,239161.0,123215,47.48789217837319,11.187184206957738,121.36993425938877,9.443391,1774.3087
Afghanistan,2003,22733053.0,1069727.0,243573.0,123894,47.05602014828364,10.714486963101699,115.81833495835853,8.941258,1815.9282
Afghanistan,2004,23560656.0,1095372.0,244435.0,122315,46.49157476769747,10.374711128586572,111.66526075159855,9.808474,1776.9182
Afghanistan,2005,24404575.0,1097038.0,241932.0,118420,44.95214524325869,9.913387141550304,107.9452124721295,9.948289,1908.1147
Afghanistan,2006,25424100.0,1120880.0,245586.0,116622,44.087302992042986,9.659574970205435,104.04503604310898,10.622766,1929.7239
Afghanistan,2007,25909852.0,1135656.0,245809.0,112800,43.83104928580835,9.48708622496184,99.32585219467867,9.904675,2155.353
Afghanistan,2008,26482631.0,1126525.0,235284.0,106511,42.53825837772689,8.884464689327885,94.54827899957834,10.256495,2191.5044
Afghanistan,2009,27466102.0,1158017.0,237450.0,106480,42.16167987725378,8.645202002089702,91.95029088519425,9.818487,2565.022
Afghanistan,2010,28284088.0,1181113.0,237640.0,104547,41.75892112908148,8.40189720806978,88.51566276893067,8.569672,2848.5862
Afghanistan,2011,29347708.0,1202456.0,235724.0,101679,40.9727396769792,8.0321093558652,84.55943502298628,8.561908,2757.0525
Afghanistan,2012,30560036.0,1243843.0,239042.0,101123,40.70162090123193,7.822045759370179,81.2988455938571,7.8971686,2985.319
Afghanistan,2013,31622709.0,1274030.0,240239.0,99706,40.288452200600524,7.597040468607544,78.26032354026201,8.805964,3046.5798
Afghanistan,2014,32792528.0,1300107.0,246289.0,99854,39.64644018905771,7.51052190913735,76.80444763392552,9.528878,3017.9426
Afghanistan,2015,33831767.0,1331758.0,254689.0,100282,39.36412780331574,7.528102212337889,75.30046750235402,10.105348,2967.6921
Afghanistan,2016,34700613.0,1344010.0,254007.0,97785,38.731592436133624,7.3199571431202095,72.75615508813178,11.81859,2958.7854
Afghanistan,2017,35688941.0,1362270.0,261084.0,90851,38.17064787660693,7.315543490068815,66.69089093938793,12.620817,2952.999
Afghanistan,2018,36743040.0,1382424.0,267164.0,89077,37.62410513664629,7.2711457734580485,64.4353685989248,14.208419,2902.392
Afghanistan,2019,37856125.0,1405919.0,267421.0,88750,37.138481553513465,7.064140875485803,63.125969561546576,14.83132,2927.245
Afghanistan,2020,39068977.0,1429983.0,295555.0,88718,36.60149586204932,7.564953645958019,62.0412969944398,15.533614,2769.6858
Afghanistan,2021,40000410.0,1453685.0,320101.0,88173,36.3417524970369,8.002442974959507,60.654818616137604,21.508444,2144.1665
Afghanistan,2022,40578847.0,1462654.0,243197.0,83784,36.04474025592694,5.993196405999411,57.28217336430899,23.08817,1981.7102
Albania,2000,3166147.0,55449.0,17793.0,1508,17.51308451565894,5.619764338168759,27.19616223917474,5.8742967,6581.9893
Albania,2001,3147943.0,52243.0,17710.0,1358,16.595916762152303,5.625896021624279,25.993913060122885,5.8561573,7232.9604
Albania,2002,3134095.0,48844.0,17835.0,1207,15.584722224437996,5.690637967260086,24.711325853738433,5.5980268,7590.4585
Albania,2003,3118093.0,48693.0,18013.0,1115,15.616275717241276,5.776928398222888,22.898568582753168,5.84189,8025.248
Albania,2004,3098662.0,45549.0,17924.0,980,14.69957033067821,5.78443211941154,21.51529122483479,5.8243394,8483.259
Albania,2005,3076156.0,42642.0,17729.0,859,13.862105822981668,5.76336180609826,20.14445851507903,5.6621623,8964.281
Albania,2006,3050805.0,39589.0,17433.0,742,12.976575035113683,5.714229523027528,18.742580009598626,5.5655375,9563.989
Albania,2007,3022887.0,37603.0,16958.0,653,12.439432899741208,5.609868976246879,17.36563572055421,5.8563986,10262.924
Albania,2008,2992933.0,36542.0,16707.0,582,12.209428009247116,5.582149683938798,15.926878660171857,5.4442167,11056.306
Albania,2009,2961487.0,36502.0,16943.0,531,12.325564826048536,5.721112400628468,14.54714810147389,5.7575192,11430.574
Albania,2010,2928731.0,36236.0,17734.0,483,12.372594137187745,6.055182261532384,13.3292857931339,6.163332,11829.004
Albania,2011,2911499.0,36120.0,18518.0,446,12.405980561902991,6.360297564931329,12.347729789590254,6.110262,12153.063
Albania,2012,2910003.0,37445.0,19584.0,430,12.867684328847771,6.729889969185599,11.483509146748563,6.0850472,12463.519
Albania,2013,2907571.0,38198.0,20412.0,413,13.137426394746681,7.020292883647554,10.812084402324729,6.2089744,12873.43
Albania,2014,2903748.0,37956.0,21010.0,395,13.071382227383369,7.2354763567637415,10.406786805775107,6.3588414,13366.504
Albania,2015,2898634.0,36033.0,21000.0,365,12.431027856569681,7.244791857129945,10.129603419088058,6.3881016,13876.762
Albania,2016,2897868.0,34407.0,21126.0,342,11.873211616264095,7.29018713067676,9.939837823698667,6.650188,14643.429
Albania,2017,2898245.0,33086.0,21372.0,323,11.415874089319571,7.374117785073381,9.762437284652119,6.501119,15359.397
Albania,2018,2894229.0,31542.0,21344.0,307,10.8982392201861,7.374675604452861,9.733054340244752,6.5900245,16170.924
Albania,2019,2885011.0,31033.0,21559.0,301,10.75663143052141,7.472761802294688,9.699352302387782,6.7814407,16761.123
Albania,2020,2871950.0,30258.0,26072.0,290,10.535698741273352,9.078152474799351,9.584242183885253,7.4651375,16457.719
Albania,2021,2849641.0,29955.0,29245.0,284,10.51185044010807,10.262696248404623,9.480887998664663,7.357504,18212.795
Albania,2022,2827614.0,29139.0,24626.0,292,10.305154805429595,8.70910951777718,10.02093414324445,7.5364623,19388.793
Algeria,2000,30903894.0,604906.0,157897.0,25280,19.57377927843009,5.109291405154314,41.791617209946665,3.2148545,11558.221
Algeria,2001,31331226.0,607972.0,157331.0,24765,19.4046667691842,5.0215398529250015,40.733783792674664,3.5362859,11742.595
Algeria,2002,31750832.0,606306.0,154929.0,23339,19.095751569596665,4.87952567668148,38.49376387500701,3.4416964,12213.126
Algeria,2003,32175813.0,631106.0,156843.0,23305,19.61429847941993,4.874562143930909,36.92723567831711,3.3256936,12835.182
Algeria,2004,32628286.0,663545.0,154796.0,22972,20.336495763216003,4.744227140831118,34.620108658794805,3.2903051,13226.765
Algeria,2005,33109258.0,699801.0,156629.0,23105,21.136112443232644,4.730670799085863,33.0165289846685,3.1188612,13738.496
Algeria,2006,33623505.0,739665.0,158850.0,23346,21.998450191317055,4.724373618990644,31.56293727565858,3.1899989,13920.694
Algeria,2007,34189420.0,782007.0,161813.0,23735,22.872777601959907,4.732838404395278,30.351390716451387,3.6201143,14114.675
Algeria,2008,34816963.0,826387.0,164346.0,24143,23.735183335778025,4.720285339074519,29.215125600959357,3.9833102,14206.776
Algeria,2009,35490442.0,858476.0,167001.0,24301,24.188935150483612,4.70552043279709,28.307139628830626,4.892108,14104.428
Algeria,2010,36188237.0,888644.0,169289.0,24433,24.556156189648032,4.678011808091121,27.494699789792087,4.640014,14496.421
Algeria,2011,36903374.0,913717.0,171899.0,24551,24.759714382755355,4.65808356710148,26.869369837706863,4.825675,14641.964
Algeria,2012,37646165.0,965845.0,175212.0,25245,25.65586693890334,4.654179250396422,26.137734315547526,5.636585,14697.54
Algeria,2013,38414176.0,980492.0,178301.0,25272,25.52422314095713,4.641541705853589,25.77481509283095,5.6454177,14778.191
Algeria,2014,39205035.0,1021803.0,182163.0,25780,26.06305542132535,4.646418502113313,25.229912223784822,6.014841,15073.763
Algeria,2015,40019528.0,1032935.0,185878.0,25777,25.810774180045303,4.644682466020089,24.955103660927357,6.334357,15239.518
Algeria,2016,40850719.0,1039209.0,189812.0,25593,25.439185048370874,4.646478804938537,24.627384866759236,6.0008087,15511.686
Algeria,2017,41689302.0,1042868.0,194263.0,25299,25.01524251953175,4.659780583517565,24.259062508390326,5.948454,15427.664
Algeria,2018,42505033.0,1022803.0,198389.0,24505,24.063103303554662,4.6674237377959455,23.958670438002237,5.9323926,15343.426
Algeria,2019,43294551.0,1012181.0,202652.0,23759,23.37894669470068,4.680773799917685,23.47307447976202,5.417321,15199.199
Algeria,2020,44042094.0,987851.0,263726.0,22755,22.429701003771527,5.988044074380296,23.034850397478973,5.6383076,14194.155
Algeria,2021,44761099.0,957511.0,222033.0,21608,21.3915882628351,4.960400994622585,22.56684257413231,5.0218887,14496.865
Algeria,2022,45477391.0,931867.0,209276.0,20523,20.490775295355004,4.601759146649376,22.02352910876767,3.6346428,14782.2
Andorra,2000,65703.0,758.0,405.0,5,11.536763922499732,6.164102095794712,6.596306068601583,5.933423,54809.145
Andorra,2001,65874.0,751.0,412.0,5,11.40055257005799,6.254364392628351,6.657789613848202,5.8640223,59109.016
Andorra,2002,66528.0,713.0,424.0,4,10.717291967291967,6.373256373256374,5.610098176718092,5.9962115,61188.637
Andorra,2003,69507.0,663.0,440.0,4,9.538607622253874,6.330297667860791,6.033182503770739,5.542936,63656.195
Andorra,2004,74342.0,762.0,462.0,5,10.249926017594362,6.214522073659573,6.561679790026247,5.2798915,64353.484
Andorra,2005,77436.0,813.0,469.0,5,10.498992716565938,6.056614494550338,6.150061500615006,5.5829625,65114.805
Andorra,2006,79609.0,835.0,464.0,5,10.488763833234936,5.828486728887437,5.9880239520958085,4.950782,66390.3
Andorra,2007,81901.0,822.0,474.0,4,10.036507490751028,5.787475122403878,4.866180048661801,4.9407873,65534.117
Andorra,2008,83513.0,873.0,484.0,5,10.453462335205298,5.7955048914540255,5.727376861397479,5.678714,60691.605
Andorra,2009,83907.0,847.0,501.0,4,10.094509397308926,5.970896349529836,4.7225501770956315,6.0936303,57203.973
Andorra,2010,80727.0,867.0,502.0,4,10.73990114831469,6.218489476878863,4.61361014994233,7.6883526,58285.06
Andorra,2011,77801.0,814.0,461.0,4,10.462590455135537,5.925373709849487,4.914004914004914,7.6205277,60470.465
Andorra,2012,76858.0,782.0,458.0,4,10.174607718129538,5.959041348981238,5.115089514066496,6.719663,58172.133
Andorra,2013,75220.0,679.0,440.0,3,9.026854559957458,5.849508109545334,4.418262150220913,6.7975836,57332.16
Andorra,2014,73755.0,662.0,423.0,3,8.975662666937835,5.735204392922514,4.531722054380665,6.773131,59929.246
Andorra,2015,72195.0,659.0,406.0,3,9.128055959553986,5.623658148071196,4.552352048558422,6.9136853,62105.152
Andorra,2016,72197.0,609.0,387.0,3,8.435253542390958,5.360333531864205,4.926108374384237,6.9416294,64402.81
Andorra,2017,73780.0,578.0,398.0,3,7.8341013824884795,5.394415830848469,5.190311418685121,7.0715823,63239.656
Andorra,2018,75181.0,538.0,409.0,3,7.156063367074128,5.440204306939253,5.5762081784386615,7.377811,63048.598
Andorra,2019,76492.0,535.0,419.0,3,6.994195471421848,5.47769701406683,5.607476635514018,7.3223863,63215.9
Andorra,2020,77397.0,529.0,639.0,3,6.83489024122382,8.25613395868057,5.671077504725898,8.78462,55488.492
Andorra,2021,78379.0,535.0,541.0,3,6.825807933247426,6.902359050255808,5.607476635514018,8.646717,59332.203
Andorra,2022,79722.0,546.0,468.0,3,6.84879957853541,5.870399638744638,5.4945054945054945,7.521358,63913.383
Angola,2000,16194873.0,758786.0,292798.0,151820,46.85347023097989,18.079672498821076,200.08276378320105,1.6852528,6794.5303
Angola,2001,16747204.0,783280.0,294847.0,149715,46.77079230658443,17.60574481567192,191.1385456031049,3.9588265,6846.7925
Angola,2002,17327701.0,808608.0,295803.0,151157,46.665625174395615,17.071104816501624,186.9348312161146,2.9398222,7521.736
Angola,2003,17943718.0,835292.0,279186.0,145036,46.55066469502028,15.558982815044239,173.6350880889557,3.1068034,7516.814
Angola,2004,18600426.0,864172.0,278230.0,143134,46.459796135851946,14.958259558141302,165.63137893845206,3.4608405,8079.5264
Angola,2005,19291160.0,893986.0,276048.0,140566,46.34174409418614,14.30955940441114,157.2351244874081,2.5472658,8892.921
Angola,2006,20015281.0,923158.0,275345.0,138137,46.12265998164103,13.756739163442171,149.63527370179318,2.3983343,9586.176
Angola,2007,20778570.0,952444.0,269704.0,133633,45.837803082695295,12.97991151460375,140.30536178504983,2.6579084,10434.709
Angola,2008,21578656.0,981972.0,265457.0,129335,45.50663396274541,12.301831958394443,131.7094581108219,2.978076,11131.631
Angola,2009,22414775.0,1012585.0,262303.0,124995,45.1748902230783,11.7022365827897,123.44148886266339,3.306559,10930.253
Angola,2010,23294822.0,1040378.0,258053.0,120632,44.66134147751805,11.077697867792251,115.95016426721826,2.3637385,11074.072
Angola,2011,24218358.0,1068908.0,255396.0,116452,44.13627051016423,10.54555391410103,108.94482967664196,2.355619,11034.592
Angola,2012,25177398.0,1097985.0,252859.0,112262,43.60994730273558,10.043095001318246,102.24365542334367,2.136773,11516.813
Angola,2013,26165616.0,1126819.0,250613.0,108498,43.064875675008,9.577951461184785,96.28698131643146,2.429772,11622.979
Angola,2014,27160767.0,1154406.0,249319.0,105268,42.50270251940971,9.179379949027213,91.18802223827666,2.1568003,11718.429
Angola,2015,28157802.0,1178313.0,248044.0,102388,41.846767727111654,8.809068264632304,86.8937200896536,2.2996688,11389.761
Angola,2016,29183072.0,1201836.0,247352.0,99655,41.18264177260023,8.475872588053786,82.91896731334391,2.3906872,10963.997
Angola,2017,30234836.0,1227383.0,247681.0,97246,40.59499446267874,8.191908168445167,79.23036248668916,2.4379425,10565.168
Angola,2018,31297160.0,1253674.0,248109.0,95339,40.05711700358754,7.927524414355807,76.0476806570129,2.2988749,10154.839
Angola,2019,32375633.0,1280086.0,249320.0,93652,39.5385628444701,7.70085329296882,73.16070951482948,2.2039428,9712.9795
Angola,2020,33451139.0,1308853.0,255168.0,92110,39.127307443851166,7.628081064743416,70.37459516080109,2.816889,8904.949
Angola,2021,34532427.0,1335364.0,263101.0,90760,38.66985659594676,7.618954787046969,67.96648704023772,2.739871,8720.1875
Angola,2022,35635028.0,1357751.0,252903.0,89116,38.10158364404821,7.097033851074847,65.6350096593558,2.6004105,8750.993
Antigua and Barbuda,2000,74929.0,1477.0,464.0,21,19.711994021006554,6.192528927384591,14.218009478672984,4.3239274,25547.611
Antigua and Barbuda,2001,76082.0,1367.0,464.0,21,17.967456165715937,6.098682999921137,15.362106803218726,4.958803,24014.775
Antigua and Barbuda,2002,77049.0,1318.0,473.0,19,17.10599748212177,6.138950537969344,14.415781487101668,4.7951226,23958.164
Antigua and Barbuda,2003,77896.0,1281.0,489.0,18,16.445003594536306,6.2776009037691285,14.05152224824356,5.040732,25136.002
Antigua and Barbuda,2004,78734.0,1255.0,498.0,18,15.939746488175377,6.3250946223994715,14.342629482071713,4.5848846,26303.617
Antigua and Barbuda,2005,79628.0,1243.0,500.0,17,15.610086904104083,6.279198271964636,13.676588897827836,4.462602,27692.635
Antigua and Barbuda,2006,80619.0,1246.0,501.0,17,15.455413736216029,6.214415956536301,13.643659711075442,4.1122055,30827.342
Antigua and Barbuda,2007,81716.0,1274.0,498.0,16,15.590582015761909,6.094277742424984,12.558869701726845,3.9235466,33245.27
Antigua and Barbuda,2008,82926.0,1409.0,495.0,17,16.991052263463814,5.969177338832212,12.065294535131299,3.693961,32756.307
Antigua and Barbuda,2009,84193.0,1395.0,491.0,17,16.56907343840937,5.831838751440143,12.186379928315413,3.6997914,28405.69
Antigua and Barbuda,2010,85337.0,1251.0,487.0,15,14.659526348477213,5.706786036537493,11.990407673860911,4.7577004,25826.61
Antigua and Barbuda,2011,86350.0,1231.0,489.0,15,14.255935147654892,5.662999420961205,12.185215272136475,4.810006,25023.918
Antigua and Barbuda,2012,87275.0,1174.0,490.0,15,13.451733027785734,5.614437124033228,12.776831345826235,4.8175454,25592.906
Antigua and Barbuda,2013,88074.0,1095.0,505.0,14,12.432727025001704,5.733814746690283,12.785388127853881,4.9103117,25206.846
Antigua and Barbuda,2014,88784.0,1093.0,529.0,13,12.310776716525499,5.958280771310146,11.893870082342177,5.322183,25557.525
Antigua and Barbuda,2015,89421.0,1125.0,543.0,12,12.58093736370651,6.072399100882343,10.666666666666666,4.909631,25734.152
Antigua and Barbuda,2016,89980.0,1049.0,551.0,11,11.658146254723272,6.123583018448544,10.486177311725452,4.9397955,26627.715
Antigua and Barbuda,2017,90483.0,1067.0,562.0,11,11.792270371229955,6.211111479504437,10.309278350515465,4.66319,27199.195
Antigua and Barbuda,2018,90942.0,984.0,569.0,10,10.820083129906973,6.256735061907589,10.16260162601626,4.6865654,28878.607
Antigua and Barbuda,2019,91377.0,1051.0,587.0,11,11.5018002341946,6.42393600140079,10.466222645099904,4.2770996,29651.863
Antigua and Barbuda,2020,91864.0,1119.0,608.0,11,12.18105024819298,6.618479491422102,9.830205540661305,5.68408,23930.672
Antigua and Barbuda,2021,92358.0,1121.0,627.0,11,12.137551700989627,6.788800103943351,9.812667261373774,4.813154,25745.496
Antigua and Barbuda,2022,92850.0,1114.0,627.0,11,11.997845988152935,6.7528271405492735,9.874326750448832,4.431468,27785.557
Argentina,2000,37213986.0,719276.0,281698.0,15419,19.328109598364446,7.569680925875557,21.436833705003362,8.220011,22281.38
Argentina,2001,37624817.0,712599.0,282041.0,14743,18.93960042383728,7.496142771936937,20.689055134795304,8.269663,21066.459
Argentina,2002,38029345.0,711232.0,286385.0,14168,18.702189059527583,7.530631936994971,19.920363538198508,7.332031,18571.701
Argentina,2003,38424283.0,707388.0,297255.0,13606,18.409920622331455,7.736123534172388,19.234140245522966,6.9267,20005.139
Argentina,2004,38815915.0,710123.0,292159.0,13144,18.294635074298775,7.526783794739864,18.509469486272096,7.0947704,21591.45
Argentina,2005,39216786.0,717902.0,289666.0,12781,18.305987645188463,7.386275866665871,17.803265626784714,7.7339244,23262.408
Argentina,2006,39622113.0,719581.0,294993.0,12421,18.161096052600726,7.445160736379708,17.26143408455754,7.709404,24877.25
Argentina,2007,40016767.0,718989.0,316077.0,12019,17.96719360162204,7.898614098435288,16.716528347443422,7.861966,26850.664
Argentina,2008,40424151.0,746330.0,303862.0,11966,18.4624780369537,7.516843087193099,16.03312207736524,8.240878,27658.484
Argentina,2009,40854832.0,744841.0,305535.0,11631,18.2314052839576,7.478552353366672,15.615413222419281,9.568529,25747.197
Argentina,2010,41288694.0,756144.0,314838.0,11396,18.313584827846576,7.6252835703643225,15.071203368670517,9.485244,28056.258
Argentina,2011,41730655.0,758343.0,309603.0,11064,18.17232439797554,7.419078372961076,14.589704131244043,9.510424,29425.76
Argentina,2012,42161718.0,736973.0,325443.0,10553,17.479671962133988,7.718921700486684,14.319384834993954,9.885188,28825.967
Argentina,2013,42582453.0,752967.0,331275.0,10363,17.682565163636767,7.779612884208432,13.762887350972884,9.920915,29227.66
Argentina,2014,43024071.0,775263.0,324792.0,10266,18.0192850648652,7.549076422823865,13.241957890419123,9.79773,28200.814
Argentina,2015,43477011.0,768023.0,323877.0,9888,17.665036816813373,7.4493851474748345,12.87461443211987,10.273642,28669.207
Argentina,2016,43900312.0,737028.0,345259.0,9310,16.788673392571788,7.864613809578391,12.631813173990677,10.0535555,27802.105
Argentina,2017,44288898.0,715490.0,340236.0,8818,16.155064413659602,7.682196111540188,12.32442102614991,10.260579,28334.904
Argentina,2018,44654876.0,684660.0,338605.0,8246,15.332256213184872,7.58271056446333,12.043934215523032,10.172893,27367.115
Argentina,2019,44973469.0,625199.0,345233.0,7433,13.901507130793044,7.676370261764775,11.889014537771173,10.119113,26629.553
Argentina,2020,45191960.0,533228.0,381888.0,6322,11.799178437934534,8.450352673351631,11.856091578086671,10.672463,23877.094
Argentina,2021,45312282.0,529339.0,440648.0,5933,11.68202034053372,9.724692303071384,11.20831829885952,11.009102,26300.273
Argentina,2022,45407904.0,496115.0,399469.0,5439,10.925741033983863,8.797345061335577,10.963183939207644,10.159505,27825.027
Armenia,2000,3125630.0,36509.0,25625.0,1148,11.680525206118446,8.198347213201819,31.444301405132983,4.1958117,4589.0083
Armenia,2001,3084350.0,36183.0,25533.0,1073,11.731158915168512,8.278243390017346,29.654810270016306,4.645639,5044.1167
Armenia,2002,3055636.0,36623.0,25613.0,1014,11.985393548184405,8.382215682758025,27.68751877235617,7.613588,5731.3535
Armenia,2003,3038976.0,39015.0,25941.0,1015,12.838206027293404,8.536099001769017,26.015635012174805,7.179362,6569.2603
Armenia,2004,3022544.0,40115.0,26319.0,997,13.271932517773108,8.70756554743289,24.853546055091613,6.0551014,7299.4
Armenia,2005,3006360.0,40615.0,26749.0,962,13.509692784629918,8.89747069545896,23.68583035824203,5.8618803,8362.9
Armenia,2006,2990371.0,41224.0,27193.0,930,13.785580451388807,9.09352050297438,22.559673976324472,5.850071,9525.231
Armenia,2007,2974825.0,42358.0,27611.0,908,14.23882077096972,9.281554377148236,21.43632843854762,5.4981403,10898.849
Armenia,2008,2959996.0,43279.0,27974.0,882,14.621303542302083,9.45068844687628,20.37939878462996,6.639766,11727.482
Armenia,2009,2945518.0,44096.0,28251.0,856,14.9705416840094,9.59118226403641,19.412191582002905,8.443777,10143.235
Armenia,2010,2931083.0,44082.0,28433.0,815,15.039492228640404,9.700510016263612,18.488271856993787,9.235383,10438.564
Armenia,2011,2923269.0,44589.0,28552.0,784,15.253129287793904,9.76714766927026,17.582811904281325,9.375889,10990.177
Armenia,2012,2922529.0,45208.0,28642.0,757,15.468794321630341,9.800416009558845,16.74482392496903,9.13455,11796.274
Armenia,2013,2922526.0,45139.0,28674.0,721,15.445200487523463,9.811375501877485,15.972883759055364,10.32345,12194.019
Armenia,2014,2922433.0,44017.0,28676.0,675,15.06176531677544,9.812372088598782,15.334984210645887,10.178279,12667.376
Armenia,2015,2921179.0,41785.0,28646.0,615,14.304155958946712,9.80631450520492,14.718200311116428,10.117627,13112.76
Armenia,2016,2918796.0,40595.0,28585.0,567,13.908131983187587,9.79342167112741,13.967237344500553,9.951949,13192.994
Armenia,2017,2914966.0,37703.0,28497.0,508,12.934284653748964,9.776100304428937,13.473728880990903,10.362703,14243.875
Armenia,2018,2909971.0,36526.0,28431.0,465,12.552015123174767,9.770200459042375,12.730657613754586,10.005434,15037.045
Armenia,2019,2903975.0,35809.0,28432.0,433,12.331029020566637,9.790717895298686,12.091932195816694,11.379801,16215.36
Armenia,2020,2890893.0,34929.0,41088.0,402,12.082425741803657,14.212909298268736,11.50906123851241,12.240562,15052.936
Armenia,2021,2870339.0,35635.0,38072.0,386,12.414909876498909,13.263938510398946,10.832047144661148,12.322685,15921.705
Armenia,2022,2880880.0,34510.0,29563.0,356,11.9789786454139,10.261795007081169,10.315850478122282,9.962112,17886.178
Australia,2000,19132472.0,249532.0,129228.0,1551,13.04232929231518,6.754380719856797,6.2156356699741915,7.5886908,45099.074
Australia,2001,19365438.0,246155.0,129266.0,1527,12.711047382455279,6.6750878549713155,6.203408421523024,7.6739173,45428.2
Australia,2002,19595356.0,250488.0,133937.0,1517,12.783028795190043,6.835139917845841,6.056178339880553,7.87221,46688.395
Australia,2003,19819449.0,251074.0,132706.0,1485,12.668061559128105,6.695746183458481,5.914590917418769,7.876595,47581.23
Australia,2004,20046679.0,254798.0,133214.0,1461,12.71023494714511,6.645190457731178,5.733953955682541,8.082577,49061.277
Australia,2005,20294490.0,265050.0,132447.0,1582,13.060195156419304,6.526254170466959,5.968685153744577,7.9648633,49997.066
Australia,2006,20590566.0,271597.0,135419.0,1518,13.190361061468636,6.57674976006002,5.589163356001723,7.971611,50693.727
Australia,2007,20954545.0,290455.0,140516.0,1460,13.861193359244975,6.705752856957762,5.026596202509856,8.051715,51663.242
Australia,2008,21370595.0,299959.0,143452.0,1491,14.036062168601294,6.712588021063522,4.970679326174578,8.247375,52473.383
Australia,2009,21783014.0,299304.0,142352.0,1464,13.740247332164412,6.535000161134726,4.891347927191084,8.54274,52407.91
Australia,2010,22141583.0,301517.0,143711.0,1451,13.61768036187837,6.490547672223798,4.812332306304454,8.419331,52739.27
Australia,2011,22479779.0,301733.0,147557.0,1347,13.422418432138501,6.563988017853734,4.4642117368667,8.534253,53257.047
Australia,2012,22852648.0,308329.0,150207.0,1232,13.492046961034887,6.5728488007166606,3.995731831906827,8.670207,54403.883
Australia,2013,23236271.0,306983.0,149460.0,1333,13.211371136100109,6.4321852675930655,4.342259994853135,8.74656,54895.004
Australia,2014,23595599.0,300278.0,155139.0,1203,12.726017254319334,6.574912550429426,4.006287506910263,9.828339,55489.07
Australia,2015,23947997.0,305482.0,158346.0,1155,12.756056383337613,6.612076993328502,3.7809101681932162,10.13642,55879.996
Australia,2016,24329963.0,309657.0,159874.0,1151,12.727392968086306,6.571074522390354,3.717015924070827,10.089582,56529.953
Australia,2017,24731044.0,308126.0,165431.0,1223,12.459077748598078,6.68920406271567,3.969155475357484,10.108806,56881.855
Australia,2018,25119700.0,313988.0,160788.0,1151,12.499671572510819,6.400872621886408,3.6657451877141805,10.089075,57647.844
Australia,2019,25482714.0,305307.0,166044.0,1159,11.980945200734899,6.515946456880535,3.796178928095327,10.254214,58048.617
Australia,2020,25743787.0,295156.0,163849.0,1071,11.465135257683729,6.364603622613875,3.6285896271802027,10.703241,57260.465
Australia,2021,25956417.0,304162.0,171436.0,1172,11.718181288272568,6.60476366980851,3.853209802670945,10.516122,58327.414
Austria,2000,8012929.0,78059.0,77148.0,450,9.741631306105422,9.627940045394137,5.764870162313122,9.389345,53534.266
Austria,2001,8042233.0,75153.0,74939.0,436,9.344792671388657,9.318183146397276,5.8014982768485615,9.4524355,54032.074
Austria,2002,8081640.0,77654.0,76441.0,386,9.608693285026305,9.458599987131324,4.970767764699823,9.591399,54565.0
Austria,2003,8122604.0,76261.0,77417.0,429,9.3887378973541,9.53105678917746,5.625417972489215,9.698442,54919.71
Austria,2004,8173496.0,78196.0,74621.0,405,9.567020036469094,9.129630699030134,5.179293058468464,9.815324,55980.152
Austria,2005,8229204.0,77610.0,75442.0,391,9.43104582168579,9.167593852333713,5.038010565648757,9.717797,56890.2
Austria,2006,8269901.0,77359.0,74605.0,349,9.354283684895382,9.021268815672643,4.5114337051926725,9.640739,58460.156
Austria,2007,8296948.0,75671.0,74720.0,332,9.120341600308933,9.005721139869745,4.3874139366468,9.604826,60470.824
Austria,2008,8323250.0,77099.0,75482.0,349,9.263088336887634,9.0688132640495,4.526647557037056,9.834152,61157.902
Austria,2009,8345073.0,75974.0,77593.0,354,9.104054572081036,9.298061263214834,4.659488772474794,10.311529,58810.36
Austria,2010,8365087.0,78318.0,77427.0,371,9.36248481336775,9.255970679085586,4.737097474399244,10.3162,59730.47
Austria,2011,8393272.0,77732.0,76722.0,334,9.261227325886734,9.140892848462435,4.296814696650028,10.137018,61272.17
Austria,2012,8431599.0,78433.0,79681.0,300,9.302268763018734,9.45028339227233,3.824920632896867,10.301981,61376.633
Austria,2013,8481411.0,78762.0,79643.0,300,9.286426515588031,9.390300741232798,3.8089433991010893,10.405748,60862.97
Austria,2014,8547812.0,81001.0,78406.0,299,9.476226196832593,9.172639735174334,3.69131245293268,10.511591,60845.574
Austria,2015,8644037.0,83579.0,83286.0,305,9.668977585357396,9.635081386162506,3.6492420344823464,10.516884,60951.605
Austria,2016,8737920.0,87159.0,80858.0,325,9.974799494616567,9.253689665275031,3.7288174485710024,10.517138,61572.625
Austria,2017,8798779.0,87349.0,83385.0,314,9.927400154044102,9.476883099348216,3.594774983113716,10.571328,62535.812
Austria,2018,8841653.0,85407.0,84396.0,273,9.659619078016295,9.545273943684512,3.1964593066142117,10.515716,63777.938
Austria,2019,8880876.0,84741.0,83683.0,318,9.541964103541137,9.422831711646463,3.752610896732396,10.625304,64609.285
Austria,2020,8921402.0,83467.0,84153.0,314,9.355816496106778,9.432710239937624,3.761965806845819,11.41293,60276.332
Austria,2021,8967053.0,85345.0,85122.0,285,9.517619668357039,9.492750851366663,3.3393871931571857,12.185215,62968.855
Austria,2022,9064678.0,82088.0,96596.0,317,9.055809814755694,10.656307924010099,3.8617093850501902,11.225198,65694.46
Azerbaijan,2000,8174784.0,124478.0,60664.0,9439,15.227068996563089,7.420868857207726,75.82866048619033,2.9489172,5656.9297
Azerbaijan,2001,8251776.0,117728.0,59763.0,8453,14.266989312361364,7.242440899995347,71.80110084262027,2.774194,6168.9854
Azerbaijan,2002,8326141.0,118344.0,58903.0,7773,14.213547428514602,7.0744658299685295,65.68140336645712,2.730973,6701.0815
Azerbaijan,2003,8400528.0,121350.0,60225.0,7336,14.445520567278628,7.169192222203176,60.453234445817884,2.7269921,7329.4062
Azerbaijan,2004,8489874.0,152824.0,61912.0,8025,18.000738291286773,7.292452161245267,52.51138564623358,2.6594424,7937.8594
Azerbaijan,2005,8597248.0,157436.0,63516.0,7992,18.312371586814756,7.387945537920972,50.763484844635286,2.22961,10054.101
Azerbaijan,2006,8711380.0,163981.0,62967.0,7862,18.823768450004476,7.228131478594666,47.94457894512169,2.0705914,13371.658
Azerbaijan,2007,8828313.0,163293.0,64461.0,7464,18.496512300821234,7.301621498920575,45.70924656905073,1.9942226,16587.365
Azerbaijan,2008,8942637.0,161318.0,63653.0,6979,18.039198057575188,7.1179228229883424,43.262376176248154,2.0481446,17963.021
Azerbaijan,2009,9046336.0,157210.0,63412.0,6423,17.378306532058946,7.0096887844979445,40.85617963233891,2.7654135,19242.39
Azerbaijan,2010,9146852.0,168827.0,63866.0,6285,18.45738839985604,6.9822929243853515,37.227457693378426,2.6463485,19925.39
Azerbaijan,2011,9256156.0,175634.0,65063.0,6118,18.97483145271104,7.029159836977683,34.833802111208534,2.5954719,19358.078
Azerbaijan,2012,9376179.0,191217.0,65391.0,6140,20.393915261216748,6.974162929270015,32.11011573238781,3.1568215,19523.373
Azerbaijan,2013,9504417.0,191774.0,65420.0,5841,20.177355433794624,6.883115503034011,30.457726281977745,3.2255108,20398.646
Azerbaijan,2014,9631136.0,188927.0,65188.0,5430,19.61627371890502,6.768464280849114,28.74125985168875,3.5870304,20709.201
Azerbaijan,2015,9752859.0,182766.0,65234.0,4939,18.73973570211566,6.688705332456872,27.02362583850388,4.341314,20678.754
Azerbaijan,2016,9868434.0,173748.0,65872.0,4462,17.60644090034954,6.675020575706338,25.680871146718236,4.4224195,19822.41
Azerbaijan,2017,9968510.0,166136.0,67200.0,3996,16.666081490613944,6.741228127373097,24.052583425627194,4.073965,19659.004
Azerbaijan,2018,10039782.0,159805.0,67313.0,3595,15.917178281361087,6.704627650281649,22.496167203779606,3.8366134,19781.852
Azerbaijan,2019,10110483.0,153355.0,67285.0,3190,15.167920266519413,6.654973852386677,20.801408496625477,4.1818876,20101.492
Azerbaijan,2020,10181736.0,142992.0,87997.0,2892,14.043970497761874,8.642632258388943,20.224907687143336,5.848177,19126.098
Azerbaijan,2021,10234372.0,135569.0,87423.0,2618,13.24644052414745,8.542097160431535,19.31119946300408,4.685267,20111.375
Azerbaijan,2022,10295307.0,129419.0,65873.0,2394,12.570679048230422,6.398352181241414,18.49805669955725,3.415496,21051.244
Bahamas,2000,323846.0,5587.0,2100.0,93,17.252027198112682,6.484563650624062,16.645784857705387,3.8048704,34597.164
Bahamas,2001,327847.0,5503.0,2125.0,91,16.7852687381614,6.481682004105574,16.536434671997092,3.924409,35072.367
Bahamas,2002,331625.0,5405.0,2153.0,90,16.298529966076142,6.492272898605353,16.651248843663275,3.8125193,35610.68
Bahamas,2003,335625.0,5378.0,2196.0,90,16.023836126629423,6.5430167597765365,16.7348456675344,4.0199857,34740.76
Bahamas,2004,339794.0,5425.0,2259.0,92,15.965555601334925,6.648145641182599,16.95852534562212,4.046282,34617.805
Bahamas,2005,343905.0,5532.0,2312.0,92,16.085837658655734,6.722786816126546,16.630513376717282,4.031965,35365.465
Bahamas,2006,348386.0,5584.0,2378.0,91,16.028198607291912,6.825762229251462,16.296561604584525,4.3093576,35789.133
Bahamas,2007,353343.0,5698.0,2449.0,92,16.125973912034482,6.93094245534792,16.146016146016148,4.495987,35797.117
Bahamas,2008,358133.0,5670.0,2537.0,91,15.832107066369197,7.08396042810911,16.049382716049383,4.8626165,34498.035
Bahamas,2009,362806.0,5775.0,2610.0,90,15.917597834655437,7.193927333065054,15.584415584415584,5.1500144,32630.264
Bahamas,2010,367482.0,5352.0,2697.0,84,14.563978643851945,7.339134978039741,15.695067264573991,5.2559423,32711.459
Bahamas,2011,371738.0,5306.0,2742.0,81,14.273493697173816,7.37616278131372,15.265736901620807,5.3239856,32535.662
Bahamas,2012,375474.0,5285.0,2799.0,79,14.07554184843691,7.454577414148516,14.947965941343426,5.319092,33667.555
Bahamas,2013,378957.0,5268.0,2835.0,77,13.901313341619232,7.481059856395317,14.616552771450266,5.684112,32402.916
Bahamas,2014,382312.0,5162.0,2907.0,74,13.502061143777857,7.603737261712947,14.335528864781093,5.64134,32712.635
Bahamas,2015,385355.0,4858.0,3021.0,76,12.606557589754901,7.8395245942053435,15.644298065047343,5.244627,32777.586
Bahamas,2016,388060.0,4650.0,3079.0,66,11.982683090243777,7.934340050507654,14.193548387096776,5.6551533,32172.336
Bahamas,2017,390496.0,4460.0,3170.0,63,11.42137179382119,8.117880848971565,14.125560538116591,6.6036396,33050.035
Bahamas,2018,392718.0,4423.0,3249.0,61,11.262534439470562,8.273112004033429,13.791544200768708,5.8389034,33650.215
Bahamas,2019,394684.0,4418.0,3676.0,109,11.193765138693234,9.31378013803448,24.671797193300137,5.7048416,33202.49
Bahamas,2020,395874.0,4400.0,3777.0,59,11.114647589889712,9.540914533412147,13.409090909090908,7.3983264,26452.695
Bahamas,2021,396381.0,4369.0,4467.0,58,11.022223567729029,11.26946044336131,13.275349050125886,6.785372,31064.682
Bahamas,2022,397542.0,4350.0,3400.0,56,10.942240065200657,8.552555453260284,12.873563218390805,7.042875,34342.93
Bahrain,2000,669589.0,13680.0,1766.0,175,20.430443152441274,2.637438787076849,12.792397660818713,3.2002056,57968.996
Bahrain,2001,699964.0,13356.0,1770.0,164,19.080981307610106,2.528701476075913,12.279125486672656,3.343475,57280.7
Bahrain,2002,752205.0,14402.0,1829.0,166,19.14637632028503,2.431518003735684,11.52617691987224,3.528971,55096.656
Bahrain,2003,811276.0,15976.0,1923.0,176,19.692435126886533,2.370340056898022,11.016524787180773,3.7281091,54431.875
Bahrain,2004,871446.0,17307.0,2018.0,183,19.86009460138666,2.315691391090211,10.573756283584677,3.3549929,54045.094
Bahrain,2005,932618.0,18050.0,2109.0,184,19.354119264264682,2.261376040350926,10.193905817174516,3.1259441,53478.266
Bahrain,2006,994626.0,17981.0,2197.0,180,18.078151988787745,2.208870469905271,10.010566709304264,2.981382,52691.934
Bahrain,2007,1057419.0,17936.0,2276.0,175,16.962055722471412,2.152410728386761,9.756913470115968,3.1607106,52731.793
Bahrain,2008,1120718.0,18140.0,2357.0,171,16.18605215585009,2.103116038111282,9.426681367144432,3.0732121,52765.39
Bahrain,2009,1183616.0,18301.0,2432.0,166,15.461940359035363,2.0547204498756355,9.070542593300912,4.1505423,50665.75
Bahrain,2010,1213248.0,18788.0,2516.0,163,15.485704489106926,2.0737722213430394,8.675750479029169,3.9225948,50704.848
Bahrain,2011,1206733.0,18633.0,2487.0,158,15.44086388621178,2.0609364291852468,8.479579241131326,3.7181015,53132.33
Bahrain,2012,1216307.0,18778.0,2460.0,153,15.438536487909714,2.022515697106076,8.147832570028758,3.9506114,54516.84
Bahrain,2013,1257206.0,19594.0,2491.0,154,15.585353553832865,1.9813777535264707,7.859548841482086,4.144911,55376.402
Bahrain,2014,1312857.0,20513.0,2714.0,159,15.624702461882748,2.067247232562267,7.75118217715595,4.236905,55065.82
Bahrain,2015,1369656.0,21038.0,2851.0,161,15.360061212450425,2.0815445630143627,7.652818709002757,4.7512636,54149.914
Bahrain,2016,1429609.0,20905.0,2838.0,157,14.622879402689826,1.9851581796141464,7.510165032288926,4.6236086,54107.074
Bahrain,2017,1482003.0,20853.0,2943.0,153,14.070821718984375,1.9858259396236038,7.3370738023305995,4.302367,53859.773
Bahrain,2018,1497634.0,20429.0,3045.0,149,13.64084949994458,2.033207045246035,7.293553282098977,3.9432495,54893.074
Bahrain,2019,1485675.0,19786.0,3124.0,140,13.317852154744475,2.102747909199522,7.075710098049126,3.7843099,56749.96
Bahrain,2020,1483081.0,19002.0,3830.0,177,12.812516646090133,2.5824617805770558,9.314808967477108,4.556857,53814.246
Bahrain,2021,1501762.0,19586.0,4212.0,130,13.04201331502595,2.8047054060496937,6.637394056979476,4.3277144,54954.676
Bahrain,2022,1533460.0,20367.0,3209.0,130,13.281728900656033,2.0926532156039284,6.3828742573771295,3.8909836,57572.996
Bangladesh,2000,134544303.0,3980972.0,1113445.0,338808,29.588558647481342,8.275675559447507,85.10685330115358,1.8050451,2712.935
Bangladesh,2001,136805810.0,3991130.0,1085482.0,321862,29.17368787188205,7.934472958421868,80.64432879911203,1.7720186,2803.5547
Bangladesh,2002,138933659.0,3963262.0,1055570.0,303250,28.526291098401142,7.597654935439367,76.51525435361074,1.9341711,2866.4346
Bangladesh,2003,140970355.0,3911233.0,1029294.0,284022,27.745074487469367,7.301492572676007,72.6169982713891,1.961522,2958.915
Bangladesh,2004,142902857.0,3857568.0,1007927.0,265692,26.994337838885894,7.053231972821929,68.8755194982953,1.9985431,3071.838
Bangladesh,2005,144715789.0,3770632.0,987574.0,246411,26.05542923861611,6.824231183233227,65.35005272325701,2.0587392,3231.6138
Bangladesh,2006,146405983.0,3697001.0,971276.0,228878,25.251707097243422,6.634127786977121,61.909098753286784,2.1064658,3407.4272
Bangladesh,2007,147989282.0,3629568.0,963370.0,214805,24.525884246130744,6.509728184234315,59.18197427352236,2.172685,3608.9155
Bangladesh,2008,149474264.0,3540223.0,944575.0,197244,23.684498623789846,6.319315276909475,55.71513432910865,2.1187885,3787.9382
Bangladesh,2009,150873716.0,3444271.0,932491.0,182364,22.828833883829045,6.180606037435971,52.9470532371001,2.183217,3942.1362
Bangladesh,2010,152201978.0,3329284.0,920705.0,167732,21.874117825196727,6.04923150210308,50.38080259899726,2.2880766,4125.464
Bangladesh,2011,153591074.0,3242917.0,910734.0,154904,21.113967859877068,5.929602393430754,47.76687161589396,2.3641813,4352.4263
Bangladesh,2012,155070110.0,3211309.0,906650.0,145057,20.70875554289605,5.846710239645796,45.1706765060603,2.353788,4592.0483
Bangladesh,2013,156532134.0,3216675.0,904443.0,137400,20.549614432522844,5.778002106583432,42.714915246333554,2.2957447,4822.726
Bangladesh,2014,157964931.0,3206405.0,900891.0,130192,20.29820783449714,5.7031076093718545,40.60372909847633,2.2791517,5068.6396
Bangladesh,2015,159383179.0,3228108.0,898665.0,124473,20.25375588725081,5.63839299503494,38.55911883989011,2.272177,5352.7114
Bangladesh,2016,160811934.0,3252648.0,896598.0,119477,20.226409316114562,5.575444419442154,36.732225558990706,2.3893821,5682.5356
Bangladesh,2017,162186146.0,3242306.0,893985.0,114063,19.991263618780362,5.512092259717424,35.17959131556368,2.3672018,6005.707
Bangladesh,2018,163523109.0,3281709.0,889861.0,110188,20.06877816883973,5.441805781713702,33.576407902102225,2.3162224,6392.5933
Bangladesh,2019,164913060.0,3319802.0,885868.0,106828,20.130619127435995,5.371727381688267,32.17902754441379,2.1271265,6838.326
Bangladesh,2020,166298024.0,3374090.0,1018772.0,104931,20.289417269323657,6.126182232928997,31.099051892510275,2.1825492,7015.1978
Bangladesh,2021,167658855.0,3422642.0,1059068.0,102054,20.414322882021352,6.316803249073841,29.81731656422144,2.2667873,7441.0693
Bangladesh,2022,169384891.0,3486416.0,853187.0,99644,20.582803929070625,5.036972276352559,28.58063983185024,2.215449,7888.164
Barbados,2000,262071.0,3969.0,2393.0,58,15.144750849960507,9.131113324251825,14.613252708490805,4.9261255,21315.768
Barbados,2001,262429.0,3950.0,2371.0,59,15.051690171436846,9.03482465733589,14.936708860759493,5.10419,20782.844
Barbados,2002,264155.0,3756.0,2386.0,58,14.218924495088112,9.032575571160871,15.4419595314164,5.4133863,20809.857
Barbados,2003,265789.0,3733.0,2413.0,58,14.044975525698955,9.078630041122846,15.537101526922047,6.173127,21132.328
Barbados,2004,267297.0,3601.0,2400.0,57,13.471905782706129,8.97877641724374,15.828936406553733,6.71095,21308.605
Barbados,2005,268717.0,3470.0,2451.0,55,12.913213529475247,9.121119988686983,15.85014409221902,6.143264,22035.387
Barbados,2006,270011.0,3389.0,2463.0,52,12.551340500942555,9.121850591272207,15.343759221009147,5.9046807,23260.865
Barbados,2007,271298.0,3486.0,2457.0,53,12.849339103126452,9.056461897986717,15.203671830177854,5.368631,23631.943
Barbados,2008,272719.0,3479.0,2496.0,52,12.756720287182045,9.15227761908778,14.946823799942512,5.7382197,23657.291
Barbados,2009,274137.0,3497.0,2500.0,51,12.756395524865304,9.119527827327213,14.583929082070346,6.3013735,22354.84
Barbados,2010,275251.0,3514.0,2533.0,51,12.76652945856691,9.202509709319857,14.513375071143995,5.970295,20464.795
Barbados,2011,276150.0,3441.0,2546.0,49,12.460619228680065,9.21962701430382,14.240046498111013,6.059103,20383.254
Barbados,2012,276949.0,3366.0,2557.0,47,12.153862263449227,9.232746823422364,13.96316102198455,6.852188,19743.578
Barbados,2013,277669.0,3340.0,2567.0,46,12.028710443009484,9.244820271618366,13.772455089820358,6.482743,19730.348
Barbados,2014,278355.0,3314.0,2583.0,45,11.905660038440121,9.27951716333459,13.578756789378396,6.097323,19840.83
Barbados,2015,278999.0,3292.0,2598.0,44,11.799325445610915,9.311861332836319,13.365735115431349,6.0917063,19642.232
Barbados,2016,279604.0,3273.0,2615.0,43,11.705841118152815,9.352512839587417,13.137794072716163,6.194795,19877.111
Barbados,2017,280177.0,3258.0,2641.0,41,11.628363498788266,9.426184162154637,12.584407612031923,6.0020504,19966.32
Barbados,2018,280719.0,3239.0,2655.0,40,11.538228620079154,9.4578564329454,12.349490583513429,5.83038,19877.676
Barbados,2019,281216.0,3219.0,2677.0,39,11.446717114246699,9.519373008648156,12.115563839701771,5.674768,19890.455
Barbados,2020,281706.0,3193.0,2696.0,37,11.33451186698189,9.57026119429476,11.587848418415282,6.727289,16399.701
Barbados,2021,282157.0,3184.0,2776.0,36,11.284497637839927,9.838494171684559,11.306532663316583,7.442776,17686.746
Barbados,2022,282324.0,3176.0,3137.0,35,11.249486405689916,11.111347246426092,11.02015113350126,5.874467,20494.535
Belarus,2000,9991310.0,90546.0,140616.0,1134,9.062475291027903,14.073830158407656,12.524020939632894,5.2808805,11182.455
Belarus,2001,9938068.0,88659.0,142424.0,1047,8.921150469085138,14.331155713565252,11.809291780868271,5.7064805,11771.087
Belarus,2002,9873451.0,86166.0,145224.0,955,8.727039816169645,14.708535040078692,11.083257897546597,5.624042,12443.933
Belarus,2003,9803175.0,85838.0,144590.0,879,8.756142780272718,14.749303159435591,10.240219949206645,5.771032,13413.927
Belarus,2004,9735089.0,86423.0,142625.0,815,8.877474052882311,14.650610795648607,9.430359973618133,5.7365065,15052.118
Belarus,2005,9667833.0,88443.0,140877.0,762,9.148172087788442,14.571724604676145,8.61571859841932,6.070363,16579.873
Belarus,2006,9608041.0,94726.0,138148.0,739,9.85903369896111,14.378373281296364,7.80144838798218,5.573663,18349.871
Belarus,2007,9563135.0,101207.0,135276.0,719,10.5830357931787,14.145570464078986,7.104251682195896,5.6917243,20019.611
Belarus,2008,9529357.0,105086.0,134062.0,690,11.027606584578582,14.068315417294157,6.566050663266277,5.294489,22137.947
Belarus,2009,9507334.0,107158.0,135341.0,653,11.271088193598752,14.235431299668235,6.093805408835551,5.39065,22236.838
Belarus,2010,9490752.0,106778.0,135662.0,609,11.250741774729757,14.29412548131065,5.7034220532319395,5.6569433,24012.613
Belarus,2011,9472738.0,109637.0,132755.0,577,11.573950424892994,14.01442750765407,5.262821857584575,4.8745275,25404.756
Belarus,2012,9463075.0,115932.0,128717.0,564,12.250986069538707,13.60202682531841,4.864920815650554,5.2453895,25879.133
Belarus,2013,9464454.0,118179.0,124090.0,539,12.486615709685946,13.111163095092438,4.560877990167458,5.695631,26147.625
Belarus,2014,9472704.0,118739.0,121844.0,511,12.534858051090797,12.862641965799838,4.303556539974229,5.387922,26564.436
Belarus,2015,9487289.0,119028.0,119819.0,482,12.54604977249033,12.629424485751409,4.049467352219646,6.0652804,25513.213
Belarus,2016,9499066.0,117118.0,119138.0,450,12.329422703242614,12.542075189287031,3.8422787274372854,5.9105415,24846.83
Belarus,2017,9495793.0,102953.0,119098.0,387,10.841959170761198,12.542185786905844,3.7589968237933813,5.7597485,25503.98
Belarus,2018,9480031.0,94468.0,121807.0,336,9.964946317158669,12.848797646336811,3.5567599610450102,5.5269947,26363.463
Belarus,2019,9435415.0,87652.0,124188.0,293,9.289681481948595,13.161901198834391,3.3427645689773193,5.861338,26798.82
Belarus,2020,9350943.0,83089.0,147593.0,259,8.885627898704975,15.783755713193845,3.117139452875832,6.406072,26731.496
Belarus,2021,9251368.0,79787.0,146534.0,230,8.624346150753055,15.839171028544104,2.882675122513693,6.5655,27611.18
Belarus,2022,9173240.0,73954.0,121505.0,199,8.06192795566234,13.245592615041142,2.69086188711902,6.5778413,26537.508
Belgium,2000,10251719.0,115875.0,105242.0,699,11.302982455917881,10.26579054693169,6.032362459546925,7.999176,50455.734
Belgium,2001,10287005.0,114774.0,103716.0,662,11.157183261794856,10.082234819561183,5.767856831686619,8.149889,50835.4
Belgium,2002,10332975.0,112478.0,105936.0,619,10.885345217616416,10.252226488499197,5.503298422802681,8.318211,51471.85
Belgium,2003,10376262.0,113291.0,107134.0,589,10.918286373262356,10.324912767237374,5.199000803241211,9.189253,51788.844
Belgium,2004,10421298.0,116438.0,102143.0,543,11.173080359087706,9.80137023238372,4.663426029303149,9.354969,53406.69
Belgium,2005,10478883.0,118499.0,103324.0,562,11.30836177863614,9.860211245797858,4.74265605616925,9.250183,54346.895
Belgium,2006,10548445.0,121383.0,101605.0,600,11.507193714334198,9.632225413319215,4.943031561256518,9.1325655,55367.62
Belgium,2007,10625488.0,123022.0,102193.0,607,11.578009405309196,9.617722969523847,4.934076831786185,9.139289,56983.46
Belgium,2008,10709711.0,125935.0,104709.0,570,11.758954093159003,9.777014524481567,4.526144439591853,9.600367,56787.74
Belgium,2009,10812936.0,126154.0,104558.0,554,11.666951510672032,9.669714127596798,4.391458059197489,10.543934,55258.707
Belgium,2010,10936619.0,128632.0,105251.0,570,11.761587379061115,9.623723748628347,4.4312457242365815,10.413252,56240.203
Belgium,2011,11038624.0,127165.0,104229.0,538,11.520004667248381,9.44220946378824,4.23072386269807,10.413022,56585.3
Belgium,2012,11107522.0,126462.0,109091.0,583,11.385257665931249,9.821362496513624,4.6100804984896655,10.5865345,56356.824
Belgium,2013,11160277.0,124540.0,109461.0,540,11.15922122721506,9.808089888808317,4.335956319254858,10.637876,56263.176
Belgium,2014,11210113.0,123865.0,104797.0,505,11.049397985551083,9.348433865028836,4.0770193355669475,10.620326,57002.91
Belgium,2015,11275332.0,121172.0,110823.0,480,10.746645863731551,9.828801493383963,3.9613111940052157,10.883873,57509.023
Belgium,2016,11332707.0,120896.0,108141.0,460,10.66788367510075,9.542380298017058,3.804923239809423,10.898337,57901.496
Belgium,2017,11376583.0,118711.0,109773.0,507,10.434679727647573,9.64903082058998,4.270876329910455,10.940427,58529.332
Belgium,2018,11428608.0,117308.0,110783.0,517,10.264417153865107,9.69348148085926,4.407201554881167,10.993797,59357.69
Belgium,2019,11490623.0,117399.0,108979.0,489,10.216939499276933,9.484168090798907,4.165282498147344,10.8583145,60479.977
Belgium,2020,11540102.0,115567.0,127253.0,425,10.014382888470136,11.027025584349254,3.6775203994219803,11.46253,57333.543
Belgium,2021,11570843.0,117668.0,112309.0,437,10.169354125710633,9.706207231400514,3.7138389366692732,11.288251,60669.215
Belgium,2022,11641814.0,113797.0,119831.0,496,9.774851238818968,10.293155345034718,4.358638628434845,10.739763,62602.926
Belize,2000,240809.0,7275.0,1340.0,181,30.210664883787565,5.564576074814479,24.879725085910653,2.9386678,11363.687
Belize,2001,248393.0,7305.0,1385.0,182,29.409041317589466,5.5758415092212745,24.91444216290212,3.4538474,11567.026
Belize,2002,256019.0,7345.0,1377.0,168,28.689276967725053,5.37850706392885,22.872702518720217,3.5550623,11828.187
Belize,2003,263794.0,7365.0,1396.0,163,27.91951295328931,5.292008157880771,22.131704005431093,3.529215,12589.268
Belize,2004,271695.0,7410.0,1413.0,160,27.2732291724176,5.200684591177607,21.59244264507422,3.4182556,12807.166
Belize,2005,279747.0,7475.0,1440.0,158,26.720572517310284,5.1475082842711455,21.137123745819398,3.437295,12714.97
Belize,2006,287889.0,7347.0,1471.0,153,25.52025259735523,5.10960821705588,20.8248264597795,3.5488353,12912.53
Belize,2007,296117.0,7239.0,1508.0,147,24.446418138776227,5.092581648470031,20.306672192291753,4.0534506,12973.207
Belize,2008,304373.0,7208.0,1561.0,146,23.68146977557142,5.128575793516507,20.25527192008879,4.5128646,12415.681
Belize,2009,312619.0,7112.0,1608.0,139,22.74973690018841,5.14364130139243,19.54443194600675,4.504734,12033.91
Belize,2010,320256.0,7037.0,1658.0,134,21.9730465627498,5.17710831334932,19.04220548529203,4.4771676,11913.664
Belize,2011,327306.0,7204.0,1697.0,131,22.00998454046061,5.18475066146053,18.18434203220433,4.529044,11641.771
Belize,2012,334421.0,7358.0,1723.0,128,22.002206799214164,5.152188409220713,17.396031530307148,4.3428397,11843.415
Belize,2013,341635.0,7535.0,1762.0,126,22.05570272366707,5.157551187671052,16.721964167219642,4.4212875,12064.797
Belize,2014,348934.0,7667.0,1802.0,124,21.97263665908166,5.164300412112319,16.173209860440853,4.8707147,12272.296
Belize,2015,356341.0,7732.0,1833.0,120,21.698317061466405,5.143949194732013,15.519917227108122,4.6598873,12348.795
Belize,2016,364717.0,7795.0,1864.0,116,21.372735573060755,5.110811944603625,14.881334188582425,4.772072,12063.06
Belize,2017,373215.0,7944.0,1906.0,112,21.285318114223703,5.1069758718165135,14.098690835850956,4.622288,11572.301
Belize,2018,380232.0,8039.0,1932.0,107,21.142355193671232,5.081108375938901,13.310113198158975,4.7552986,11451.897
Belize,2019,385833.0,7460.0,1944.0,97,19.33478992206473,5.038449277277993,13.002680965147452,4.816081,11765.975
Belize,2020,390819.0,7173.0,2178.0,95,18.353764786256555,5.572912268850797,13.244109856405968,5.3390117,10045.141
Belize,2021,395355.0,6539.0,2352.0,80,16.539565706769864,5.949083734871191,12.234286588163327,5.045984,11716.327
Belize,2022,402741.0,7004.0,2176.0,77,17.390829341934396,5.402976106232045,10.993717875499714,4.21643,12565.364
Benin,2000,7221618.0,303881.0,85861.0,40492,42.079351192489,11.889440842758507,133.2495285983658,2.9591713,2536.169
Benin,2001,7445599.0,310446.0,87558.0,40417,41.6952349972111,11.759698581672206,130.19011357852895,3.3041732,2591.065
Benin,2002,7675430.0,318378.0,88900.0,40386,41.48015160062694,11.582412972302528,126.84921696850913,3.095892,2630.1807
Benin,2003,7913074.0,328197.0,90237.0,40468,41.47528507884547,11.403532938021305,123.30399120040707,3.116785,2639.0437
Benin,2004,8159098.0,337207.0,91570.0,40600,41.32895572525296,11.223054313111572,120.4008220469919,3.2327387,2672.844
Benin,2005,8426145.0,346205.0,92405.0,40733,41.08699767212646,10.96646212473201,117.65572420964457,3.223458,2632.4724
Benin,2006,8693243.0,359386.0,94351.0,41181,41.34084368744782,10.85337198097419,114.58710133394177,3.2877386,2652.2185
Benin,2007,8953973.0,366762.0,95460.0,41313,40.96081147441476,10.661189172672287,112.64253112372602,2.9371564,2729.1375
Benin,2008,9228468.0,372558.0,98317.0,41267,40.370514369232254,10.65366429184129,110.76664573032924,2.651781,2777.6196
Benin,2009,9509431.0,380206.0,100007.0,41242,39.98199261343817,10.516612402992356,108.47277528497709,2.8995388,2758.0725
Benin,2010,9797488.0,389643.0,101944.0,41242,39.76968382099575,10.40511608689901,105.84560738932818,3.0184824,2733.574
Benin,2011,10093626.0,400626.0,104284.0,41353,39.690989145030734,10.331668718456578,103.22095919885379,2.9986556,2732.0125
Benin,2012,10397659.0,412846.0,106670.0,41571,39.70566836246505,10.259040039685855,100.693721145415,3.0756297,2779.7266
Benin,2013,10708831.0,423880.0,108075.0,41773,39.58228493847741,10.092137974723851,98.54911767481363,2.8688076,2893.0466
Benin,2014,11030008.0,433941.0,110183.0,41883,39.34185723165386,9.98938532048209,96.51772936873907,2.6911197,2987.3823
Benin,2015,11360681.0,443019.0,112458.0,41898,38.9958137192656,9.898878421108735,94.57382189025752,2.7281342,2952.0022
Benin,2016,11697845.0,450993.0,114442.0,41775,38.553511351877205,9.783169464119245,92.62893215637494,3.6204286,2962.6638
Benin,2017,12039777.0,455587.0,115820.0,41461,37.84015268721339,9.619779502560554,91.00566960865872,3.6738935,3041.7793
Benin,2018,12383349.0,457631.0,117365.0,40841,36.95535028529035,9.47764615210312,89.24439122349666,3.4364984,3155.4512
Benin,2019,12726760.0,458619.0,118810.0,40037,36.035801728012466,9.335447513742697,87.29904343256604,3.0020688,3281.1047
Benin,2020,13070169.0,461781.0,119851.0,39238,35.330912706637534,9.169812570900957,84.9710143986002,3.0512166,3317.8596
Benin,2021,13413423.0,466510.0,125402.0,38486,34.77934006852688,9.348993169006897,82.49769565496987,2.9158976,3464.2886
Benin,2022,13759507.0,472635.0,123118.0,37823,34.349704535198825,8.947849657694858,80.02581273075418,2.981844,3588.3252
Bhutan,2000,596871.0,15029.0,4885.0,1308,25.17964518296248,8.184348041704153,87.03173863863198,4.138679,5287.574
Bhutan,2001,610801.0,14577.0,4667.0,1102,23.86538332451977,7.640786442720297,75.59854565411264,4.6003795,5545.6304
Bhutan,2002,624417.0,14147.0,4684.0,1005,22.656333828194942,7.501397303404616,71.03979642326995,3.951611,5991.255
Bhutan,2003,637667.0,13841.0,4709.0,916,21.705686510357285,7.38473215643902,66.18018929268118,3.8348145,6323.541
Bhutan,2004,650559.0,13831.0,4783.0,848,21.26017778556595,7.3521386991802435,61.31154652592003,4.2639775,6517.997
Bhutan,2005,661875.0,13975.0,4871.0,793,21.114258734655337,7.359395656279509,56.74418604651163,3.8330898,6850.804
Bhutan,2006,670803.0,14067.0,4872.0,742,20.970389220083987,7.262937106721347,52.7475652235729,4.085239,7140.856
Bhutan,2007,678643.0,14112.0,4790.0,689,20.794438312927415,7.058202913755833,48.823696145124714,3.8377495,8195.07
Bhutan,2008,686359.0,13928.0,4727.0,634,20.29258740688182,6.8870663894550805,45.519816197587595,3.1484222,8470.035
Bhutan,2009,693994.0,13631.0,4721.0,589,19.641380184843097,6.802652472499763,43.21032939622918,3.2966502,9019.118
Bhutan,2010,701638.0,13262.0,4662.0,535,18.901484811255948,6.644451982361275,40.34082340521791,3.2575862,9985.284
Bhutan,2011,709387.0,12928.0,4644.0,490,18.224185106296,6.546497187007938,37.902227722772274,3.0206273,10714.687
Bhutan,2012,717288.0,12616.0,4655.0,452,17.58847213392668,6.489722398813308,35.827520608750795,3.259884,11143.944
Bhutan,2013,725282.0,12376.0,4690.0,420,17.0637076337204,6.466450291059202,33.93665158371041,3.3486269,11212.4795
Bhutan,2014,733151.0,12040.0,4748.0,392,16.42226499043171,6.476155662339681,32.55813953488372,3.2322645,11744.519
Bhutan,2015,740623.0,11595.0,4840.0,362,15.655738479631337,6.535038744408424,31.22035360068995,3.4365308,12400.298
Bhutan,2016,747878.0,11076.0,4913.0,333,14.809902149815878,6.569253273929705,30.065005417118094,3.2775671,13320.976
Bhutan,2017,754343.0,10379.0,5010.0,304,13.758992924969146,6.641541049628617,29.28991232295982,3.1121507,13482.343
Bhutan,2018,759766.0,9832.0,4924.0,275,12.940826517638325,6.48094281660406,27.969894222945484,3.0689673,13854.8545
Bhutan,2019,764830.0,9500.0,4856.0,254,12.42106088934796,6.349123334597231,26.73684210526316,3.3751116,14555.188
Bhutan,2020,770013.0,9973.0,4829.0,250,12.951729386386983,6.271322691954551,25.067682743407197,4.084515,12979.937
Bhutan,2021,775450.0,9997.0,4835.0,245,12.8918692372171,6.235089302985363,24.5073522056617,4.7858143,13458.8125
Bhutan,2022,780921.0,10001.0,4798.0,233,12.806673146195326,6.144027372807236,23.297670232976703,3.9175746,14061.3125
Bolivia,2000,8606330.0,256865.0,83863.0,25135,29.84605517101947,9.744339340926969,97.85295777937827,4.395541,7492.4336
Bolivia,2001,8752740.0,254876.0,83700.0,23809,29.119567129835914,9.562719788317716,93.41405232348279,4.825222,7491.1523
Bolivia,2002,8900358.0,253925.0,83268.0,22628,28.529751275173425,9.355578730653306,89.11292704538741,4.8964505,7550.0156
Bolivia,2003,9050703.0,254642.0,82795.0,21590,28.13505205065286,9.147908179066311,84.78569913839821,5.1970963,7625.9053
Bolivia,2004,9204297.0,254854.0,82511.0,20630,27.688589362120755,8.964399997088316,80.94830765850251,4.8631573,7811.5967
Bolivia,2005,9360758.0,255846.0,82285.0,19748,27.33176095354671,8.790420604827087,77.18705783948155,5.0740814,8020.6357
Bolivia,2006,9521685.0,260345.0,82338.0,19102,27.34232438901308,8.647419022998555,73.37187193915766,4.6608753,8263.319
Bolivia,2007,9685960.0,260302.0,81995.0,18336,26.87415599486267,8.465345716893317,70.44125669414757,4.6968894,8493.948
Bolivia,2008,9850859.0,260466.0,81894.0,17550,26.44094286599778,8.313386680288492,67.37923567759324,4.6067724,8865.272
Bolivia,2009,10016279.0,260589.0,81850.0,16774,26.01654766206093,8.171697293975138,64.36956279812271,5.174445,9011.557
Bolivia,2010,10182345.0,260864.0,81827.0,16055,25.619245861341373,8.036164557378482,61.545479636898925,5.2023053,9230.398
Bolivia,2011,10348931.0,261007.0,82178.0,15414,25.220672550623828,7.940723539465091,59.05588738999337,5.173068,9554.445
Bolivia,2012,10515814.0,261112.0,82389.0,14775,24.830412557696437,7.834771516498865,56.5849137534851,5.2539444,9884.462
Bolivia,2013,10682612.0,261055.0,83128.0,14275,24.43737542840646,7.781617454607543,54.68196357089502,5.5746512,10391.384
Bolivia,2014,10848889.0,260816.0,83850.0,13803,24.040802703392025,7.728902010150533,52.92236672596773,5.8961363,10790.848
Bolivia,2015,11014707.0,260533.0,84360.0,13370,23.653193861625187,7.658851025270123,51.31787527875547,6.5506496,11144.642
Bolivia,2016,11180020.0,260185.0,85118.0,12987,23.272319727513903,7.613403196058684,49.91448392489959,6.8333306,11448.021
Bolivia,2017,11344591.0,259921.0,86119.0,12654,22.9114474025551,7.591194781724612,48.684023222440665,6.490195,11755.256
Bolivia,2018,11508370.0,259789.0,87022.0,12338,22.573917939725607,7.561626885475528,47.49238805338178,6.6039944,11920.313
Bolivia,2019,11671386.0,259767.0,88176.0,12051,22.256739687985643,7.554886797506311,46.39157398745799,6.88793,11930.916
Bolivia,2020,11816301.0,259912.0,128047.0,11858,21.99605443361675,10.836470736485133,45.62313398380991,8.022581,10285.659
Bolivia,2021,11937369.0,260326.0,140749.0,11406,21.807652925866662,11.790621534778728,43.81429438473298,8.160168,11202.441
Bolivia,2022,12077156.0,260457.0,92767.0,11099,21.566087247693083,7.681195804707664,42.61356001182537,7.159331,11487.715
Bosnia and Herzegovina,2000,4159785.0,42557.0,30842.0,423,10.23057682067703,7.414325499995793,9.939610404868764,7.962394,7830.502
Bosnia and Herzegovina,2001,4179446.0,41697.0,31275.0,391,9.976681119937906,7.483049188815934,9.377173417751877,7.5734477,7982.519
Bosnia and Herzegovina,2002,4188006.0,42342.0,31368.0,371,10.110300701574925,7.48996061610227,8.761985735203815,7.3993435,8366.691
Bosnia and Herzegovina,2003,4178523.0,42068.0,31287.0,351,10.06767223729533,7.4875739585494685,8.343634116192831,8.280561,8709.957
Bosnia and Herzegovina,2004,4140990.0,41928.0,32377.0,333,10.125115008729797,7.818661720989425,7.942186605609617,9.062702,9344.83
Bosnia and Herzegovina,2005,4096493.0,40186.0,33642.0,309,9.809854429142195,8.212390452028114,7.689245010700244,8.820418,9814.47
Bosnia and Herzegovina,2006,4063269.0,38808.0,36091.0,288,9.550930543855207,8.882257118590966,7.421150278293135,8.883627,10430.412
Bosnia and Herzegovina,2007,4013420.0,38347.0,36792.0,276,9.55469400162455,9.167243896726482,7.1974339583279,9.255014,11178.682
Bosnia and Herzegovina,2008,3947545.0,37634.0,37471.0,264,9.533520200529695,9.49222871430218,7.014933304990168,9.486302,11983.72
Bosnia and Herzegovina,2009,3879798.0,37870.0,37217.0,258,9.760817444619539,9.59250971313455,6.812780565091102,9.015209,11826.65
Bosnia and Herzegovina,2010,3811480.0,36074.0,37968.0,245,9.46456494590028,9.961484777566719,6.791595054609968,9.012127,12142.861
Bosnia and Herzegovina,2011,3741799.0,33170.0,38528.0,223,8.864719884739934,10.296651423553216,6.722942417847452,9.171212,12487.649
Bosnia and Herzegovina,2012,3670109.0,32553.0,39313.0,214,8.86976381355431,10.711670961271176,6.573894879120204,9.479158,12626.927
Bosnia and Herzegovina,2013,3610857.0,31542.0,39906.0,207,8.735322390224814,11.051670005209289,6.562678333650371,9.436163,13135.718
Bosnia and Herzegovina,2014,3564831.0,29941.0,40945.0,199,8.398995632612037,11.485817981273165,6.646404595704887,9.471033,13458.853
Bosnia and Herzegovina,2015,3518541.0,29960.0,41900.0,191,8.514892962736543,11.908344964574805,6.375166889185581,9.240866,14220.09
Bosnia and Herzegovina,2016,3472997.0,29459.0,42469.0,188,8.482299293664807,12.228343416363446,6.381750908041685,9.139435,14873.641
Bosnia and Herzegovina,2017,3428684.0,29379.0,42190.0,186,8.568593664508017,12.30501265208459,6.3310527928111915,8.817973,15554.659
Bosnia and Herzegovina,2018,3386999.0,29816.0,40575.0,186,8.803073162997686,11.979631526315773,6.238261336195332,8.761004,16349.0
Bosnia and Herzegovina,2019,3345532.0,28642.0,43834.0,179,8.561269179311392,13.102251002232231,6.249563577962433,8.925444,17029.297
Bosnia and Herzegovina,2020,3299352.0,27558.0,50065.0,178,8.352549227848378,15.174191780689057,6.459104434284055,9.703118,16747.035
Bosnia and Herzegovina,2021,3244912.0,25994.0,59668.0,128,8.010694897118935,18.388172005897232,4.92421327998769,9.555143,18286.662
Bosnia and Herzegovina,2022,3204802.0,24831.0,45032.0,152,7.748060566612228,14.051414096721109,6.121380532399018,8.716448,19298.117
Botswana,2000,1677384.0,46859.0,21006.0,3486,27.93576187682725,12.523071640125337,74.39339294479181,6.1083856,13185.817
Botswana,2001,1712264.0,47784.0,21670.0,3543,27.906911551022503,12.655758691416745,74.14615770969363,6.366078,12949.641
Botswana,2002,1744765.0,48237.0,22070.0,3545,27.646703137671835,12.649267952990803,73.49130335634472,6.665298,13479.696
Botswana,2003,1775744.0,48643.0,22098.0,3514,27.393025120738127,12.444361349383694,72.24061015973521,6.4093385,13857.259
Botswana,2004,1807153.0,49351.0,21875.0,3470,27.30870048081153,12.104675143720538,70.31265830479626,6.09126,13984.842
Botswana,2005,1839881.0,50976.0,21595.0,3445,27.706139690556075,11.737172132328123,67.5808223477715,5.2653294,14361.958
Botswana,2006,1874526.0,52751.0,21410.0,3542,28.140980706589293,11.421554035526848,67.1456465280279,4.875994,15275.583
Botswana,2007,1911200.0,54153.0,20321.0,3417,28.33455420678108,10.632586856425283,63.09899728546895,5.5208073,15850.234
Botswana,2008,1949973.0,55371.0,19939.0,3394,28.395777787692445,10.225269785786779,61.295624063137744,5.897473,16040.315
Botswana,2009,1990671.0,56528.0,19859.0,3359,28.39645526558633,9.976033206893554,59.42187942258704,6.620812,13489.951
Botswana,2010,2033110.0,57668.0,19567.0,3312,28.364426912464154,9.624171835267154,57.432198099465914,6.267182,14545.02
Botswana,2011,2073538.0,58137.0,19529.0,3247,28.03758600035302,9.418202126028074,55.8508350964102,5.86915,15236.719
Botswana,2012,2108617.0,58497.0,19296.0,3155,27.74188010435276,9.151021736047847,53.93438979776741,6.350106,14957.619
Botswana,2013,2140687.0,58191.0,18784.0,3046,27.183329463859035,8.774753151675139,52.34486432609854,6.4991364,16369.426
Botswana,2014,2172053.0,58201.0,18157.0,2930,26.795386668741507,8.359372446252463,50.342777615504886,5.880406,17052.193
Botswana,2015,2203276.0,58331.0,17434.0,2821,26.47466772206478,7.912762631644878,48.361934477379094,6.1028776,15994.964
Botswana,2016,2234784.0,58673.0,16678.0,2728,26.254438907742312,7.462913641765826,46.49498065549742,5.7683764,16905.588
Botswana,2017,2266749.0,59100.0,15941.0,2644,26.07258236355238,7.032538671021803,44.73773265651438,6.62987,17352.896
Botswana,2018,2299149.0,59541.0,15372.0,2582,25.896973184426066,6.685952063132924,43.365076166003256,6.0401034,17825.02
Botswana,2019,2332082.0,60054.0,14944.0,2514,25.75123859281106,6.408007951692951,41.86232390848237,6.121932,18106.01
Botswana,2020,2365895.0,60407.0,14797.0,2454,25.53240951098844,6.254292772925257,40.62443094343371,6.12134,16289.392
Botswana,2021,2401448.0,61049.0,20156.0,2406,25.421745546853398,8.393269394132206,39.41096496257105,6.3031507,17960.625
Botswana,2022,2439895.0,61615.0,14215.0,2395,25.25313589314294,5.826070384176368,38.870404933863504,5.736508,18647.373
Brazil,2000,174018278.0,3459239.0,1087230.0,120453,19.87859574153469,6.247791970450368,34.82066431374068,8.334572,14005.348
Brazil,2001,176301201.0,3382286.0,1091064.0,110421,19.184701980561098,6.188636230560903,32.64685481949191,8.549633,14016.132
Brazil,2002,178503485.0,3300495.0,1093541.0,100919,18.48980707575541,6.126160506053986,30.576928612223316,8.69687,14265.905
Brazil,2003,180622688.0,3218588.0,1089771.0,92133,17.819400406664304,6.033411483722356,28.62528537358618,8.188994,14259.366
Brazil,2004,182675144.0,3196886.0,1088789.0,85295,17.500388558609814,5.9602471149550595,26.680651108610064,8.12492,14911.261
Brazil,2005,184688101.0,3172258.0,1088914.0,79153,17.176298758954697,5.895961862751515,24.951627515794744,8.035396,15221.014
Brazil,2006,186653099.0,3115423.0,1089260.0,73085,16.69097923737125,5.835745593487307,23.459093676845807,8.249525,15657.4795
Brazil,2007,188552311.0,3062690.0,1092307.0,67729,16.243184630073298,5.793124434311495,22.11421985248262,8.20183,16440.584
Brazil,2008,190367297.0,3008005.0,1099895.0,63041,15.801059569596136,5.777751837281169,20.95774441864292,8.011285,17113.367
Brazil,2009,192079958.0,2989532.0,1111087.0,59332,15.563997572302677,5.784502514312295,19.84658468281992,8.394805,16939.441
Brazil,2010,193701931.0,2970979.0,1123720.0,56286,15.337890462227762,5.80128444873376,18.945270229106296,7.945166,18062.158
Brazil,2011,195284736.0,2956872.0,1141138.0,53869,15.141337006492918,5.843457217260442,18.218238733364178,7.7881913,18627.81
Brazil,2012,196876113.0,2940339.0,1157774.0,51332,14.93497080572695,5.8807235797061885,17.45785094847907,7.7363772,18832.219
Brazil,2013,198478290.0,2934515.0,1175771.0,49560,14.785067928588058,5.923927498569238,16.88865110588973,7.9766016,19241.506
Brazil,2014,200085126.0,2957978.0,1200100.0,48441,14.78359765732911,5.997947093778476,16.376389547183923,8.396441,19183.172
Brazil,2015,201675534.0,2961442.0,1219165.0,47318,14.684190696130747,6.0451804729075365,15.97802692066905,8.9093,18357.068
Brazil,2016,203218108.0,2874734.0,1265256.0,45261,14.14605237836384,6.226098709668136,15.74441322223204,9.169017,17620.928
Brazil,2017,204703440.0,2891049.0,1280591.0,44636,14.123109020542108,6.255835270770242,15.439378578502128,9.471251,17724.48
Brazil,2018,206107265.0,2889976.0,1306181.0,43690,14.021708550642307,6.337384565265082,15.117772604339967,9.46475,17917.75
Brazil,2019,207455459.0,2810666.0,1338507.0,41918,13.548286526410472,6.452021105889529,14.913902968193304,9.614491,18018.621
Brazil,2020,208660845.0,2711546.0,1565282.0,39747,12.994991944943001,7.501560726450619,14.658427332599189,9.623265,17327.516
Brazil,2021,209550291.0,2672684.0,1753027.0,38397,12.754379806611675,8.365662446157137,14.366457089577368,9.636465,18075.705
Brazil,2022,210306411.0,2640391.0,1585585.0,37481,12.554971517249658,7.539404017502823,14.195246082871817,9.387395,18554.047
Brunei,2000,326429.0,6464.0,1134.0,68,19.802162185345054,3.4739560516988384,10.51980198019802,2.5479064,100323.44
Brunei,2001,333353.0,6433.0,1154.0,66,19.297861426175853,3.461795754050511,10.259598942950412,2.5465107,99680.766
Brunei,2002,340108.0,6355.0,1183.0,63,18.68524115869077,3.478306890752349,9.91345397324941,2.5344794,101571.586
Brunei,2003,346650.0,6252.0,1214.0,62,18.035482475118993,3.5020914467041684,9.916826615483044,2.6026058,103226.914
Brunei,2004,352921.0,6128.0,1254.0,60,17.363659289189368,3.553203124778633,9.7911227154047,2.5519338,101497.76
Brunei,2005,358930.0,5998.0,1296.0,59,16.710779260580058,3.610731897584487,9.836612204068024,2.2338617,99795.69
Brunei,2006,364670.0,5930.0,1340.0,58,16.261277319220117,3.674555077193079,9.780775716694773,1.9072516,102248.51
Brunei,2007,370883.0,5913.0,1392.0,57,15.943033247681884,3.7532051886983226,9.639776763064434,1.9414544,96752.62
Brunei,2008,377800.0,6050.0,1427.0,59,16.013763896241397,3.777130757014293,9.75206611570248,1.8761202,91275.5
Brunei,2009,384965.0,6252.0,1465.0,60,16.24043744236489,3.8055407634460274,9.596928982725528,2.3930662,87875.83
Brunei,2010,392340.0,6504.0,1498.0,63,16.57745832696131,3.8181169393893053,9.686346863468636,2.278261,88586.516
Brunei,2011,399395.0,6776.0,1534.0,65,16.96566056159942,3.840809223951226,9.592680047225503,1.8640972,90279.664
Brunei,2012,405564.0,6933.0,1584.0,67,17.094712548451046,3.90567210107406,9.663926150295687,1.850972,89718.46
Brunei,2013,411205.0,6955.0,1649.0,67,16.91370484308313,4.01016524604516,9.633357296908699,1.898314,86606.65
Brunei,2014,416757.0,6929.0,1722.0,67,16.625995484179033,4.131904203168753,9.66950497907346,1.914368,83310.62
Brunei,2015,422223.0,6856.0,1798.0,68,16.23786482498585,4.258413208186195,9.918319719953326,2.387089,81910.19
Brunei,2016,427571.0,6749.0,1872.0,67,15.784512981469742,4.378220225412855,9.927396651355755,2.548287,78880.625
Brunei,2017,432787.0,6636.0,1949.0,66,15.333177752566506,4.503370018045828,9.945750452079567,2.2702286,78966.87
Brunei,2018,437811.0,6534.0,2029.0,64,14.924248134468984,4.63441987524297,9.794918885827977,2.416009,78099.05
Brunei,2019,442690.0,6451.0,2116.0,63,14.572274051819557,4.779868531026226,9.765927763137498,2.2310076,80228.16
Brunei,2020,447411.0,6391.0,2197.0,62,14.284405166614143,4.91047381490397,9.701142231262713,2.4535956,80280.9
Brunei,2021,451722.0,6351.0,2363.0,62,14.05953219015235,5.231093460136987,9.762242166587939,2.147487,78248.8
Brunei,2022,455374.0,6305.0,2986.0,61,13.845761945126423,6.557247449349326,9.674861221252975,1.7704219,76357.83
Bulgaria,2000,8000519.0,72135.0,115129.0,1163,9.016290068181826,14.390191436330568,16.12254800027726,5.8297095,12563.836
Bulgaria,2001,7928455.0,67967.0,112176.0,1148,8.57254029946566,14.148532091056833,16.890549825650684,6.859588,13306.505
Bulgaria,2002,7861949.0,67094.0,112433.0,1076,8.53401618351887,14.300906810766643,16.03720153814052,7.0809865,14397.001
Bulgaria,2003,7804405.0,67996.0,111795.0,996,8.712515560122776,14.32460258020951,14.647920465909758,7.199874,15271.484
Bulgaria,2004,7749430.0,70567.0,109949.0,1026,9.10608909300426,14.188011247278832,14.539373928323437,6.8909087,16388.96
Bulgaria,2005,7695047.0,71885.0,113224.0,902,9.341723318908905,14.713880240107695,12.547819433817903,6.890115,17678.033
Bulgaria,2006,7640292.0,74681.0,113227.0,880,9.774626414801947,14.819721549909348,11.783452283713395,6.5254455,19024.543
Bulgaria,2007,7586896.0,76095.0,112809.0,847,10.029793475487208,14.86892663350071,11.13082331296406,6.1565175,20440.252
Bulgaria,2008,7535589.0,78327.0,110236.0,818,10.394277076416985,14.628717144738122,10.443397551291381,6.282816,21845.955
Bulgaria,2009,7488016.0,81232.0,107824.0,879,10.84826741823201,14.399541881320767,10.820858774867048,6.595776,21251.217
Bulgaria,2010,7437594.0,76057.0,109563.0,834,10.226022017335175,14.730973484167057,10.965460115439736,7.0947795,21724.287
Bulgaria,2011,7380023.0,71337.0,107961.0,718,9.666230037494463,14.628816197456295,10.064903205909976,7.1025057,22321.033
Bulgaria,2012,7317020.0,69316.0,109021.0,665,9.473255505656674,14.899644937419877,9.593744589993653,7.5390368,22618.81
Bulgaria,2013,7264605.0,66702.0,104158.0,611,9.181779325923433,14.337737564533791,9.160145123084764,7.1416745,22954.396
Bulgaria,2014,7223450.0,67457.0,108799.0,605,9.3386124358859,15.061916397289384,8.968676341965994,7.683062,23455.482
Bulgaria,2015,7177515.0,65896.0,110010.0,510,9.180893387195987,15.327031709442613,7.739468253004735,7.3936357,24562.648
Bulgaria,2016,7127436.0,65025.0,107362.0,491,9.123196616567304,15.06320084810302,7.550941945405613,7.45975,25636.744
Bulgaria,2017,7075642.0,63939.0,109605.0,494,9.036494497601772,15.490467154782563,7.726113952360843,7.496245,26691.758
Bulgaria,2018,7024745.0,62236.0,108365.0,446,8.859538673645805,15.426182729764568,7.166270325856417,7.3408628,27690.895
Bulgaria,2019,6975466.0,61503.0,107891.0,416,8.817045341486862,15.467210362719852,6.763897696047347,7.1181364,29149.922
Bulgaria,2020,6933656.0,58839.0,124102.0,358,8.485999305416941,17.898493954704414,6.08439980285185,8.440609,28521.207
Bulgaria,2021,6877222.0,59000.0,148512.0,399,8.579045434333805,21.594766026165797,6.76271186440678,8.580489,30958.982
Bulgaria,2022,6825862.0,64058.0,115520.0,420,9.38460226708363,16.923869835047938,6.55655811920447,7.6384945,32433.658
Burkina Faso,2000,11925548.0,539498.0,182835.0,92863,45.23884353155092,15.331370935742324,172.12853430411235,4.021167,1428.574
Burkina Faso,2001,12294996.0,552129.0,184408.0,92893,44.90680598838747,14.998622203699782,168.24510214098518,3.959839,1477.2849
Burkina Faso,2002,12680904.0,564087.0,186757.0,92900,44.48318511046215,14.727420064058524,164.69090760822354,4.1798553,1494.678
Burkina Faso,2003,13082530.0,582049.0,187543.0,92390,44.490553432707586,14.33537702569763,158.73234040433022,4.4226604,1561.8331
Burkina Faso,2004,13500536.0,595700.0,187130.0,91265,44.12417403279396,13.860931151177997,153.20631190196406,5.2308364,1581.2562
Burkina Faso,2005,13932127.0,613825.0,186583.0,90046,44.05824035339328,13.392283891756083,146.69653402842832,4.837849,1664.9955
Burkina Faso,2006,14373713.0,637917.0,187564.0,89494,44.38080821566425,13.049098726265091,140.29097829341435,5.170433,1714.7604
Burkina Faso,2007,14816313.0,654744.0,187476.0,88473,44.19075109981815,12.653350398307596,135.12609508449103,5.77535,1731.9304
Burkina Faso,2008,15258103.0,670185.0,184973.0,86454,43.923219026637845,12.122935596908738,129.00020143691668,4.967216,1779.3271
Burkina Faso,2009,15710067.0,683565.0,183969.0,84809,43.5112721034226,11.71026196132709,124.06866940232459,5.1968393,1779.323
Burkina Faso,2010,16176503.0,698825.0,183353.0,83305,43.20000435199128,11.33452638063987,119.20724072550352,5.2896724,1873.9714
Burkina Faso,2011,16661907.0,712470.0,181695.0,81415,42.760411518321405,10.904814196838332,114.2714780973234,4.6486816,1939.8666
Burkina Faso,2012,17172284.0,726047.0,181757.0,79967,42.28016494486115,10.584322970665987,110.14025262827337,4.6026726,2003.6647
Burkina Faso,2013,17695411.0,737957.0,181860.0,78434,41.70329810367219,10.277240805539924,106.2853255677499,5.563316,2057.064
Burkina Faso,2014,18229466.0,744883.0,181681.0,76660,40.86148217397042,9.96633691848132,102.91549142617029,5.0002723,2083.1985
Burkina Faso,2015,18777488.0,751910.0,181355.0,74789,40.04316232288366,9.658107623341312,99.4653615459297,5.131924,2101.7026
Burkina Faso,2016,19334854.0,752608.0,181101.0,72664,38.92493835226271,9.36655637534165,96.54959819720227,5.9528465,2162.7258
Burkina Faso,2017,19894413.0,750548.0,180579.0,70252,37.72657177670937,9.076869973494569,93.60094224486642,6.120752,2232.2878
Burkina Faso,2018,20438289.0,735902.0,179403.0,67206,36.00604727724518,8.777789569371487,91.32466007702112,4.944277,2316.3943
Burkina Faso,2019,20961956.0,719512.0,179512.0,64182,34.32465939724327,8.563704646646524,89.20212588532226,5.3500113,2391.5364
Burkina Faso,2020,21478691.0,703172.0,178808.0,60785,32.73812170397163,8.324902108792383,86.44399947665721,6.8946996,2380.9316
Burkina Faso,2021,21995249.0,713006.0,185536.0,58555,32.4163640975376,8.435276181688145,82.12413359775374,7.0869193,2486.431
Burkina Faso,2022,22509038.0,721256.0,183104.0,57021,32.042950924868485,8.134687941794759,79.05792118193817,7.4143553,2469.1995
Burundi,2000,6470196.0,276449.0,102582.0,41149,42.7265263679802,15.854542891745476,148.8484313562357,4.221816,1030.3224
Burundi,2001,6634368.0,285509.0,100969.0,40524,43.03484521811271,15.219083415330594,141.9359810023502,5.681804,1025.4838
Burundi,2002,6824139.0,300548.0,98655.0,40337,44.04189305053722,14.456768831936161,134.21150698058213,5.349836,1041.2972
Burundi,2003,7043158.0,313617.0,97324.0,40307,44.52789501527582,13.818233241395408,128.52300736248353,5.272452,996.56946
Burundi,2004,7310656.0,331100.0,96210.0,40140,45.29005331395705,13.160241707447321,121.23225611597704,7.0957274,1006.5124
Burundi,2005,7587303.0,350183.0,96782.0,40309,46.153817766339365,12.755784235847704,115.10838618665097,7.560166,978.54193
Burundi,2006,7865545.0,366335.0,96462.0,39982,46.574649309107,12.26386728446662,109.14054076187097,8.712648,995.02783
Burundi,2007,8161879.0,381375.0,96050.0,39391,46.72637268942605,11.768123492151746,103.28679121599475,9.18554,991.9314
Burundi,2008,8505643.0,396840.0,96093.0,38774,46.656084672258174,11.297558573760972,97.70688438665458,7.741475,998.56506
Burundi,2009,8947653.0,415969.0,96384.0,38190,46.489174311967616,10.771986799219864,91.80972620555859,9.232385,985.18475
Burundi,2010,9376448.0,440345.0,98541.0,37972,46.96287976001147,10.509416785546083,86.23238597009163,11.281967,988.0187
Burundi,2011,9717980.0,446809.0,97878.0,36776,45.97755912236905,10.071846206721974,82.30810032922345,10.069963,991.6599
Burundi,2012,10071033.0,450756.0,96686.0,35320,44.757672822638945,9.60040544003778,78.35724871105431,8.637565,999.2201
Burundi,2013,10439346.0,458280.0,96055.0,34038,43.89930173786748,9.20124689803365,74.27336999214454,8.628346,1011.43134
Burundi,2014,10799789.0,463323.0,95524.0,32796,42.9011159384688,8.844987619665533,70.7843124558893,7.2108154,1019.1761
Burundi,2015,11047581.0,466834.0,95985.0,31618,42.25667139258812,8.68832733609285,67.72857161217905,6.290445,992.2858
Burundi,2016,11239459.0,450656.0,92265.0,29493,40.095880059707504,8.209025007342436,65.44459632180644,7.0614824,1006.5591
Burundi,2017,11506764.0,444372.0,90491.0,27768,38.61832918446924,7.864157116631574,62.488185574248604,6.952304,1020.84985
Burundi,2018,11859444.0,441348.0,89648.0,26383,37.21489810146243,7.559207666059218,59.778224892828334,7.2939615,1043.4056
Burundi,2019,12255339.0,448292.0,90615.0,25507,36.579322693562375,7.393920315056157,56.89818243466312,9.059406,1054.726
Burundi,2020,12617041.0,452381.0,90724.0,24607,35.85476182569273,7.190592469343644,54.394415326903655,10.707762,1027.6289
Burundi,2021,12965487.0,454572.0,94727.0,23781,35.060156244034644,7.306088849574258,52.31514479554394,8.941903,1032.3827
Burundi,2022,13321102.0,456995.0,93200.0,22977,34.306095696887546,6.9964181642029315,50.27844943598946,8.668775,1028.1113
Cambodia,2000,12462343.0,354758.0,108419.0,36881,28.466396728127286,8.699728453951234,103.96101004064742,6.4812655,1922.0317
Cambodia,2001,12658486.0,355824.0,105101.0,33660,28.10952273439335,8.302809672499539,94.59732901659247,6.7602835,2032.0809
Cambodia,2002,12855249.0,353882.0,102022.0,30607,27.528210460956455,7.936213448685435,86.48928173798046,6.9195275,2126.3416
Cambodia,2003,13050977.0,350806.0,98932.0,27651,26.879673452799743,7.580428652965981,78.82134285046435,6.4576244,2309.8394
Cambodia,2004,13244737.0,347814.0,96171.0,25007,26.260544093854037,7.261072832174772,71.89762344241463,6.485218,2491.3093
Cambodia,2005,13439203.0,350813.0,94065.0,22947,26.10370570338137,6.999298991167855,65.41091692725185,6.150014,2781.8904
Cambodia,2006,13639032.0,356349.0,92645.0,21292,26.12714743978898,6.792637483363921,59.75041321850209,5.3644032,3041.1047
Cambodia,2007,13841773.0,362784.0,92033.0,19918,26.209359162298064,6.648931462754085,54.903193084590285,4.427027,3308.1575
Cambodia,2008,14053479.0,363698.0,91579.0,18404,25.879570460809028,6.51646471311481,50.60242288932026,5.6129665,3501.9258
Cambodia,2009,14276819.0,365845.0,91145.0,17185,25.62510598474352,6.384125203240301,46.97344503819924,6.3089695,3587.609
Cambodia,2010,14500730.0,363038.0,90763.0,15908,25.03584302307539,6.259202122927604,43.8191043361852,5.627132,3711.5376
Cambodia,2011,14722587.0,362638.0,90467.0,14905,24.631404793192935,6.144776050567743,41.1015944275007,6.0044365,3921.979
Cambodia,2012,14945090.0,367322.0,90672.0,13934,24.57810558517881,6.06700929870613,37.93401974289588,5.7763286,4159.1636
Cambodia,2013,15170210.0,372579.0,91556.0,13320,24.559910508819588,6.035249347240414,35.750807211356516,5.008637,4419.399
Cambodia,2014,15396771.0,375729.0,92534.0,12575,24.403103741687136,6.009961439317373,33.46827101448118,4.4078465,4702.7305
Cambodia,2015,15623253.0,378364.0,93970.0,11967,24.218003766565133,6.014752497447234,31.62827330295694,4.538986,4968.5728
Cambodia,2016,15852802.0,379768.0,95641.0,11442,23.955891204595883,6.0330659526309605,30.128920814813256,4.490533,5283.7295
Cambodia,2017,16073374.0,380213.0,97515.0,10958,23.65483438635846,6.066865612658549,28.820687351563468,4.2693324,5632.0312
Cambodia,2018,16274522.0,380367.0,99703.0,10476,23.371930677902554,6.126324324609964,27.541821451387737,4.497078,6050.591
Cambodia,2019,16481305.0,378867.0,102001.0,10014,22.987682104056685,6.188890988911376,26.431439001021467,5.0580106,6448.885
Cambodia,2020,16725484.0,374795.0,106055.0,9584,22.408619086897573,6.340922630400412,25.571312317400178,5.1303144,6128.782
Cambodia,2021,16974309.0,371827.0,115873.0,9167,21.905280503612843,6.826375082484948,24.653938525174343,6.3388805,6225.5327
Cambodia,2022,17201721.0,366027.0,108775.0,8743,21.27851044671635,6.323495189812694,23.886216044171604,4.468561,6458.368
Cameroon,2000,14912632.0,609606.0,197969.0,84961,40.878498175238285,13.275255501510397,139.37034740471717,4.295734,3822.9443
Cameroon,2001,15309489.0,622620.0,200117.0,85351,40.6688949578918,13.0714356305426,137.0836144036491,4.168304,3884.873
Cameroon,2002,15725534.0,641602.0,202053.0,85711,40.800013532131885,12.848721067278223,133.58904741568762,4.026699,3951.4194
Cameroon,2003,16160340.0,663763.0,204346.0,86264,41.073578897473695,12.644907223486634,129.96204970750102,3.9022799,4054.7812
Cameroon,2004,16610485.0,685601.0,206719.0,86832,41.275194553319785,12.445091157783773,126.65092378803413,3.72799,4222.9663
Cameroon,2005,17074599.0,705512.0,208968.0,87179,41.31938911127576,12.23853046270662,123.56841556203155,3.7727444,4199.7227
Cameroon,2006,17550403.0,721591.0,210220.0,87058,41.115352165987304,11.978072526311788,120.64729188695534,3.7366283,4241.5176
Cameroon,2007,18049897.0,738190.0,211240.0,86772,40.89718628311286,11.703113873724597,117.54697300153077,3.794988,4302.619
Cameroon,2008,18574052.0,755313.0,212396.0,86385,40.66495560580965,11.435092353569377,114.36980430629421,3.6584368,4300.2666
Cameroon,2009,19113978.0,771425.0,213585.0,85534,40.359207277522245,11.174283029937566,110.8779207311145,3.4999719,4286.577
Cameroon,2010,19668063.0,783507.0,213595.0,84375,39.8365105907989,10.859991652457083,107.68889110116437,3.5774217,4286.583
Cameroon,2011,20232312.0,793453.0,212848.0,82608,39.217119625280596,10.520201546911693,104.11202679931893,3.8528295,4307.852
Cameroon,2012,20809530.0,804318.0,210278.0,80338,38.65142557280246,10.1048894424814,99.88337945936807,3.9310236,4382.1113
Cameroon,2013,21402379.0,814923.0,208843.0,78158,38.076281146128665,9.757933919402138,95.90844779199999,3.6313643,4473.5723
Cameroon,2014,22059894.0,828313.0,209069.0,76215,37.54836718617052,9.477334750565891,92.01231901467199,4.341488,4588.4863
Cameroon,2015,22763418.0,858607.0,209424.0,75174,37.71872044874808,9.200024354866216,87.5534441251935,4.126005,4698.667
Cameroon,2016,23454165.0,885986.0,208929.0,74321,37.775209648265026,8.907970076956481,83.88507267609195,4.022537,4767.132
Cameroon,2017,24128609.0,905199.0,208719.0,73357,37.515589895795486,8.650270722195382,81.03963879765665,3.7929394,4797.9756
Cameroon,2018,24806377.0,915335.0,209156.0,71979,36.89918120650992,8.431541615287069,78.6367832542184,3.6197016,4851.48
Cameroon,2019,25506095.0,922896.0,208210.0,70484,36.183351469521305,8.163146887047978,76.3726357032645,3.6515791,4882.3555
Cameroon,2020,26210566.0,928861.0,212485.0,68859,35.438418231792475,8.106845155499503,74.13272814769917,4.2505193,4763.482
Cameroon,2021,26915765.0,936082.0,222277.0,67128,34.77820526371812,8.258245678694253,71.71166628564592,4.341098,4793.556
Cameroon,2022,27632770.0,946933.0,212027.0,65645,34.26847905584565,7.673027351221032,69.32380643614701,4.4943914,4843.6504
Canada,2000,30891800.0,329737.0,220889.0,1994,10.6739328883393,7.150408846360523,6.047243712413226,8.248085,48399.285
Canada,2001,31213578.0,333510.0,222643.0,2096,10.68477314584057,7.132889411140241,6.284669125363557,8.6247635,48774.15
Canada,2002,31535579.0,329815.0,226849.0,2090,10.458504662305392,7.193430632746588,6.336885829934963,8.856652,49694.99
Canada,2003,31836483.0,334808.0,229673.0,2090,10.516488269134502,7.214144853877232,6.242383694535375,9.010865,50139.766
Canada,2004,32132680.0,337172.0,230174.0,2054,10.493117909866216,7.163236928883617,6.091846298031865,9.066234,51210.66
Canada,2005,32440172.0,342817.0,233957.0,2150,10.567669000028731,7.211953130211517,6.271567629376606,9.035298,52356.54
Canada,2006,32759174.0,354634.0,232190.0,2084,10.825486625517481,7.087785546729598,5.876481104462629,9.331887,53195.76
Canada,2007,33092171.0,367258.0,239677.0,2175,11.098032824742747,7.242710065773563,5.922267180020586,9.434696,53761.84
Canada,2008,33449088.0,377291.0,242930.0,2194,11.279560148246793,7.262679329254059,5.81514003779576,9.594279,53711.656
Canada,2009,33826370.0,380249.0,242591.0,2128,11.241200282501492,7.171653358016246,5.596332929212174,10.704025,51552.402
Canada,2010,34196900.0,377848.0,244282.0,2194,11.049188669148373,7.143396038822233,5.806567720353158,10.700665,52558.42
Canada,2011,34555449.0,378973.0,247868.0,2116,10.967098126839561,7.17305105773622,5.583511226393437,10.405187,53681.11
Canada,2012,34922513.0,383018.0,250821.0,2099,10.967652871945383,7.182215094314661,5.48016020134824,10.540711,54034.78
Canada,2013,35293421.0,382695.0,256612.0,2204,10.843239027466337,7.270816847139868,5.759155463227898,10.435593,54712.156
Canada,2014,35634265.0,386115.0,263225.0,2065,10.835497799659963,7.386850830233204,5.348147572614376,10.281157,55723.46
Canada,2015,35962236.0,384571.0,268728.0,2033,10.693745516824928,7.472505324752332,5.286410051719969,10.763979,55660.844
Canada,2016,36353345.0,383577.0,270983.0,2028,10.551353664979109,7.454142115395433,5.287074042499941,11.05627,55606.133
Canada,2017,36808498.0,377884.0,282308.0,1973,10.266216241695057,7.669641939749892,5.2211789861438955,10.9242115,56612.305
Canada,2018,37294996.0,374264.0,289729.0,2043,10.035233681215571,7.768575709191657,5.458713635294872,10.922621,57337.47
Canada,2019,37782934.0,372337.0,288924.0,1914,9.854634370110062,7.646944517331555,5.140504435497949,11.048235,57583.824
Canada,2020,38171903.0,362246.0,311994.0,1864,9.489859596468115,8.173393922749934,5.145674486398745,13.017329,54092.86
Canada,2021,38454058.0,369789.0,311189.0,1883,9.616384309817185,8.092487924161345,5.092093058473886,12.381066,56995.094
Canada,2022,38821259.0,354665.0,337728.0,1775,9.13584487303722,8.699563298552476,5.004722766554354,11.081197,58583.13
Cape Verde,2000,453335.0,12631.0,2880.0,443,27.862397564714833,6.3529178201550724,35.072440820204264,3.8602502,4510.1357
Cape Verde,2001,460300.0,12318.0,2805.0,401,26.760808168585704,6.0938518357592875,32.55398603669427,3.6965292,4540.907
Cape Verde,2002,467056.0,12003.0,2731.0,369,25.699273748758177,5.847264567846254,30.742314421394653,3.7248976,4710.241
Cape Verde,2003,473384.0,11714.0,2679.0,342,24.745238537846653,5.6592533756949965,29.1958340447328,3.6274426,4841.2656
Cape Verde,2004,479377.0,11478.0,2653.0,324,23.943576767345952,5.534266349866598,28.227914270778882,3.546163,5268.303
Cape Verde,2005,485128.0,11059.0,2627.0,306,22.79604557972329,5.415065714615524,27.669771227054888,3.3408659,5565.7695
Cape Verde,2006,490728.0,10606.0,2631.0,292,21.612787531993284,5.361422213527657,27.53158589477654,3.8240676,5941.3823
Cape Verde,2007,496196.0,10213.0,2659.0,281,20.582592362695387,5.3587695184967234,27.513952805248213,3.8421862,6767.4067
Cape Verde,2008,501362.0,9955.0,2642.0,271,19.85591249436535,5.2696454856969615,27.222501255650428,3.2695158,7169.1396
Cape Verde,2009,506148.0,9872.0,2660.0,263,19.504176643985552,5.255379849372121,26.641004862236628,3.55867,6994.574
Cape Verde,2010,509793.0,10410.0,2660.0,260,20.420052844978255,5.217804089110678,24.975984630163303,4.080854,7072.1216
Cape Verde,2011,511453.0,10524.0,2649.0,249,20.576670779133178,5.179361544462542,23.660205245153936,3.9252782,7325.784
Cape Verde,2012,511966.0,9782.0,2626.0,222,19.10673755679088,5.129246864049566,22.69474545082805,4.674055,7397.8223
Cape Verde,2013,512231.0,9425.0,2642.0,201,18.399901606892204,5.157829182536785,21.3262599469496,4.8246827,7440.6626
Cape Verde,2014,512334.0,9263.0,2636.0,185,18.080002498370202,5.145081138476072,19.971931339738745,4.8523154,7491.022
Cape Verde,2015,512405.0,8946.0,2630.0,169,17.458846029995804,5.132658736741445,18.891124524927342,4.400737,7560.1367
Cape Verde,2016,512556.0,8878.0,2643.0,154,17.32103418943491,5.156509727717556,17.346249155215137,4.36134,7881.303
Cape Verde,2017,512899.0,8616.0,2629.0,142,16.798628969836166,5.1257655015899815,16.48096564531105,4.4807096,8234.56
Cape Verde,2018,513418.0,7933.0,2653.0,125,15.451347634870611,5.16732954434788,15.756964578343629,4.785482,8531.13
Cape Verde,2019,514116.0,7345.0,2568.0,112,14.28665904192828,4.994981677286837,15.248468345813478,4.824313,9111.63
Cape Verde,2020,514683.0,6764.0,3031.0,102,13.142069973167951,5.889061810862221,15.079834417504436,7.0339932,7207.8687
Cape Verde,2021,516655.0,6494.0,2910.0,93,12.569316081330868,5.632385247408813,14.320911610717586,6.607736,7685.4194
Cape Verde,2022,519750.0,6465.0,2601.0,85,12.438672438672437,5.004329004329004,13.147718484145399,6.702434,8850.106
Central African Republic,2000,3833421.0,161226.0,63757.0,26057,42.057994673687034,16.631880505689306,161.6178531998561,4.3808217,1245.814
Central African Republic,2001,3919498.0,164424.0,64826.0,26100,41.950270162148314,16.539362949030718,158.73595095606478,4.01044,1272.857
Central African Republic,2002,4006079.0,165879.0,65289.0,25977,41.40682198229241,16.297481901879618,156.60210153183948,4.236336,1290.3832
Central African Republic,2003,4103092.0,171114.0,65576.0,25952,41.703671280098035,15.982093504118357,151.66497189008496,4.1857247,1191.8732
Central African Republic,2004,4192828.0,174245.0,65694.0,25868,41.557869771905736,15.668183860630583,148.45763149588223,4.143679,1236.2854
Central African Republic,2005,4288814.0,179167.0,65634.0,25782,41.775418565598784,15.303531465808497,143.8992671641541,4.2285757,1219.594
Central African Republic,2006,4377582.0,184701.0,65826.0,25815,42.1924706379001,15.037068408998394,139.76643331654944,4.3110867,1251.8708
Central African Republic,2007,4462777.0,188292.0,65151.0,25724,42.19166675816425,14.598757679355254,136.6175939498226,4.633889,1284.5529
Central African Republic,2008,4558989.0,193562.0,64930.0,25637,42.457220230187,14.24219273176575,132.44851778758226,4.0263577,1283.2728
Central African Republic,2009,4529051.0,197666.0,328277.0,100353,43.644021672531395,72.48251344486957,507.68973925713067,4.683256,1402.6816
Central African Republic,2010,4493003.0,202009.0,71464.0,27742,44.960797934032094,15.905620361259496,137.3305149770555,3.5669987,1479.4137
Central African Republic,2011,4565023.0,206859.0,63949.0,26127,45.31390093762945,14.008472684584502,126.30342407146897,3.6756186,1517.1484
Central African Republic,2012,4610848.0,208167.0,61375.0,25543,45.14722671404479,13.311000492751008,122.70436716674593,3.9181445,1577.9806
Central African Republic,2013,4642423.0,207318.0,66827.0,27054,44.65728349183174,14.394853721860331,130.49518131566,4.766602,996.89636
Central African Republic,2014,4623187.0,206410.0,98965.0,37125,44.64669069194043,21.406229079637058,179.8604718763626,4.5655737,1001.85596
Central African Republic,2015,4629322.0,200626.0,58711.0,24690,43.33809572978505,12.682418721359197,123.06480715360921,5.034342,1043.9218
Central African Republic,2016,4713663.0,204529.0,62114.0,25507,43.39067090710558,13.177437589407642,124.71092118966016,5.444023,1073.9448
Central African Republic,2017,4793512.0,209676.0,81217.0,31128,43.741624095235395,16.943109770039168,148.45762032850683,6.665416,1103.8661
Central African Republic,2018,4878663.0,213870.0,60510.0,24790,43.83783015961546,12.40298827773101,115.91153504465329,10.994841,1125.7009
Central African Republic,2019,4944708.0,218100.0,149574.0,52349,44.107761267197176,30.249308958183175,240.02292526364053,7.760815,1145.0956
Central African Republic,2020,5026629.0,223558.0,66647.0,26109,44.47473644862193,13.258786355627201,116.78848442015048,8.98488,1136.5706
Central African Republic,2021,5112103.0,231200.0,106790.0,38004,45.22600581404561,20.88964169931631,164.3771626297578,9.150975,1128.5524
Central African Republic,2022,5098038.0,231576.0,281036.0,94166,45.424533908927316,55.12630545319592,406.63108439561955,9.949935,1136.8018
Chad,2000,8512092.0,439131.0,151959.0,78043,51.58908056914798,17.852133177132014,177.72145441792998,4.2069755,1506.7158
Chad,2001,8804122.0,451136.0,153875.0,78741,51.24145258323317,17.477608783703815,174.53938501915164,4.0803933,1626.5668
Chad,2002,9116195.0,460121.0,157126.0,79022,50.47292209085041,17.235919152672796,171.74178096631104,5.602512,1704.273
Chad,2003,9487830.0,474662.0,159922.0,79643,50.028510207286594,16.855487503464968,167.78886871078788,4.246983,1878.5858
Chad,2004,9920036.0,499724.0,165585.0,81324,50.37522041250657,16.69197571460426,162.73783128286814,4.2398286,2400.97
Chad,2005,10328094.0,523340.0,171041.0,82998,50.67149853593509,16.560751674026204,158.59288416708068,3.731969,2705.8164
Chad,2006,10706426.0,538567.0,176542.0,84203,50.303154385973436,16.489349480396164,156.34637844502168,3.7341726,2596.0325
Chad,2007,11081667.0,555267.0,178526.0,84741,50.106811547396255,16.110031099111712,152.61306722711777,3.4719965,2613.4739
Chad,2008,11476299.0,568419.0,180980.0,85113,49.529817931721716,15.769892366868449,149.7363740480174,3.1635978,2601.3613
Chad,2009,11893753.0,585846.0,183911.0,85522,49.25661395524188,15.462823214842278,145.98034295702283,3.3626013,2474.7075
Chad,2010,12312580.0,603058.0,186877.0,85839,48.97901170997468,15.177728794452504,142.3395427968786,3.08811,2717.4055
Chad,2011,12755004.0,618487.0,189495.0,85960,48.48975351164139,14.856522193172186,138.98432788401374,2.8558578,2741.0708
Chad,2012,13211006.0,636465.0,192218.0,85891,48.17687615916608,14.549838218225016,134.95007580935322,2.6730642,2886.2747
Chad,2013,13691081.0,649348.0,194842.0,85548,47.42854125251322,14.23130868921161,131.74445751738668,2.9576604,2864.113
Chad,2014,14188680.0,667604.0,199646.0,85428,47.05187515681515,14.070794464319443,127.96208530805686,3.2970834,2820.678
Chad,2015,14647626.0,681261.0,203257.0,85044,46.50999417926154,13.87644659960597,124.83321370223747,3.4025393,2822.5793
Chad,2016,15114652.0,688209.0,204767.0,83878,45.532573293781425,13.54758283551616,121.87867348436303,3.7084248,2622.598
Chad,2017,15622756.0,701724.0,207412.0,82948,44.91678676924865,13.276274685465227,118.20601832059329,3.510234,2496.2622
Chad,2018,16156535.0,717372.0,207723.0,82090,44.40135214636059,12.856902795060947,114.43156409784602,3.289322,2552.3704
Chad,2019,16685223.0,739415.0,208889.0,81483,44.31555994187192,12.51940114914856,110.19927915987638,3.3847163,2604.5315
Chad,2020,17224686.0,753575.0,212342.0,80581,43.749708993243765,12.32777189668363,106.93162591646485,4.352151,2513.0293
Chad,2021,17828274.0,771674.0,216831.0,79784,43.28371888383587,12.162198090516222,103.39081010893202,3.9722333,2435.0728
Chad,2022,18455319.0,800043.0,211970.0,79609,43.35026666296042,11.485577680884303,99.50590155779126,4.1582355,2449.4824
Chile,2000,15503638.0,253044.0,77691.0,2906,16.321588520062196,5.011146416086341,11.484168761164067,7.0002074,17529.42
Chile,2001,15683852.0,249600.0,77938.0,2703,15.91445774928251,4.9693149361521645,10.829326923076922,7.097331,17874.531
Chile,2002,15857926.0,241810.0,79493.0,2545,15.24852619440903,5.012824501766498,10.52479219221703,7.208338,18244.52
Chile,2003,16024755.0,236992.0,82700.0,2424,14.78911846078146,5.160765328393476,10.22819335673778,7.250478,18907.346
Chile,2004,16187324.0,233333.0,83211.0,2320,14.414550545846861,5.140503767021652,9.942871346959066,6.910286,19966.709
Chile,2005,16348780.0,232635.0,85634.0,2270,14.22950214022086,5.237944360374291,9.757775055344208,6.6237206,20923.48
Chile,2006,16509195.0,231044.0,88772.0,2220,13.99486770857089,5.3771246871819,9.608559408597497,6.072356,21973.738
Chile,2007,16671571.0,236641.0,91596.0,2221,14.194283190228443,5.494143293394486,9.385524909039432,6.2125964,22884.299
Chile,2008,16838987.0,241683.0,94578.0,2227,14.352585461346338,5.6166086475391905,9.214549637334855,6.739545,23515.348
Chile,2009,17009730.0,244308.0,96733.0,2277,14.362838210835799,5.686921544316106,9.320202367503315,7.2502685,23019.03
Chile,2010,17181463.0,244494.0,98971.0,2229,14.23010368791063,5.760336008639078,9.116788142040296,6.819584,24122.479
Chile,2011,17351810.0,243213.0,102168.0,2167,14.01657809761633,5.888031277428695,8.909885573550756,6.799475,25372.273
Chile,2012,17519116.0,241335.0,106731.0,2111,13.775523833508494,6.092259449620632,8.747177160378726,7.0195127,26676.81
Chile,2013,17687006.0,240927.0,107148.0,2066,13.621694932426664,6.058006651888963,8.575211578610949,7.475527,27297.818
Chile,2014,17864192.0,240683.0,109302.0,2017,13.472929534120546,6.118496711186266,8.380317679271075,7.8415017,27511.56
Chile,2015,18047630.0,237273.0,110194.0,1949,13.147044792030865,6.105732442431499,8.21416680363969,8.351394,27817.959
Chile,2016,18267225.0,231728.0,111179.0,1883,12.685451676431423,6.086255575217363,8.125906234896085,8.557671,27965.348
Chile,2017,18558868.0,218305.0,112045.0,1725,11.762840276680668,6.037275549349238,7.901788781750303,9.090518,27899.598
Chile,2018,18893185.0,221012.0,117053.0,1617,11.697974692991151,6.19551441432453,7.316344813856261,9.150404,28499.406
Chile,2019,19197748.0,210016.0,124017.0,1440,10.939616459180524,6.4599764514046125,6.856620447965869,9.309685,28227.979
Chile,2020,19370621.0,195578.0,143204.0,1188,10.096630355836295,7.392845071926192,6.074302835697266,9.697346,26258.404
Chile,2021,19456323.0,176463.0,148947.0,1041,9.0696993465826,7.6554547331476765,5.89925366790772,9.724502,29106.635
Chile,2022,19553033.0,189124.0,148082.0,1035,9.672361316016804,7.57335191936719,5.472599987309914,10.005307,29560.451
China,2000,1269581174.0,17551192.0,7780055.0,625893,13.82439528833152,6.12804849294339,35.660996700395046,4.453586,4065.8672
China,2001,1278725061.0,16586483.0,7830809.0,561863,12.971109666865283,6.123919237084539,33.87475210989575,4.1975203,4372.4355
China,2002,1286866835.0,16382375.0,7916788.0,512491,12.7304353134565,6.151986969187841,31.2830709832976,4.321562,4744.382
China,2003,1294517323.0,16221728.0,8011829.0,467493,12.531101524703196,6.18904734425095,28.81893963454448,4.3546047,5191.7812
China,2004,1302100316.0,16461427.0,8121151.0,433014,12.642211047585675,6.236962621242463,26.304766895360892,4.2294908,5684.388
China,2005,1310027135.0,16602725.0,8214690.0,399792,12.673573360753325,6.270625837074741,24.07990254611818,4.112308,6298.2993
China,2006,1318054030.0,16868048.0,8339011.0,371363,12.79769085035156,6.3267596093917335,22.015766139626827,3.8865502,7057.1113
China,2007,1325813576.0,17202356.0,8410712.0,346620,12.974943318878791,6.3438119447948695,20.149565559508243,3.6173773,8013.7837
China,2008,1333821011.0,17712990.0,8683383.0,334076,13.279885272402566,6.510156106695189,18.86050858720069,3.8362775,8743.702
China,2009,1342522717.0,18031192.0,8715892.0,306336,13.430828224860495,6.492174686977755,16.989226225310006,4.27632,9518.682
China,2010,1351561505.0,17912368.0,8788793.0,283665,13.253091282738183,6.502695561753218,15.83626464128026,4.158211,10476.152
China,2011,1360250658.0,17824404.0,8969344.0,260979,13.103764291654546,6.593890579834588,14.64166768212839,4.267194,11404.918
China,2012,1369520866.0,19246444.0,9086058.0,255120,14.053414210630947,6.634479419461434,13.25543565346409,4.490466,12217.935
China,2013,1379008040.0,18297106.0,9235336.0,230487,13.268309878744434,6.697086407124936,12.596910134313044,4.6388264,13080.879
China,2014,1387951970.0,18769424.0,9383269.0,216890,13.52310771964249,6.760514198484836,11.555495789322038,4.6988025,13968.519
China,2015,1396134171.0,17518180.0,9521878.0,192467,12.547633575541214,6.820174018933886,10.986700673243453,4.853676,14857.108
China,2016,1404052628.0,18329284.0,9688664.0,183254,13.054556242745056,6.900499174166284,9.997880986513167,4.883381,15772.837
China,2017,1412354730.0,18260492.0,10049252.0,170302,12.929111654548713,7.1152464650293625,9.326254736181259,4.9695034,16758.047
China,2018,1419008954.0,15357072.0,9967030.0,141044,10.822392597813023,7.023937355648286,9.184302841062411,5.069333,17807.049
China,2019,1423520357.0,14615866.0,10128803.0,124102,10.267409193081178,7.115320093732948,8.490909809928471,5.2651687,18820.588
China,2020,1426106093.0,11843469.0,10411387.0,99296,8.30476011436549,7.300569748004015,8.384030050654921,5.5044184,19215.102
China,2021,1426437269.0,10461124.0,10759523.0,82067,7.333742764120109,7.542934578218735,7.844950504362628,5.2559032,20843.297
China,2022,1425179562.0,9455320.0,10998724.0,72370,6.634476280821096,7.717430345805085,7.6538922003697385,5.880788,21499.312
Colombia,2000,39089939.0,870048.0,217884.0,22503,22.25759421113448,5.573915068017885,25.864090257089263,5.6352935,10813.494
Colombia,2001,39709263.0,862583.0,219646.0,21613,21.722463093812646,5.531354233393856,25.05613952512396,5.942383,10823.45
Colombia,2002,40324684.0,861020.0,220158.0,20908,21.352182201849367,5.4596336080401775,24.28282734431256,5.732966,10925.148
Colombia,2003,40937426.0,856735.0,214594.0,19668,20.92791569259875,5.242000315310494,22.956923669512744,5.7750545,11183.291
Colombia,2004,41543177.0,842400.0,213997.0,18814,20.27769806820504,5.151194864080809,22.333808167141502,5.798921,11607.938
Colombia,2005,42128978.0,824839.0,214218.0,17943,19.57889887573347,5.084813593151963,21.753336105591515,6.067106,11999.255
Colombia,2006,42691081.0,809616.0,215241.0,17081,18.964523292347646,5.041825949546698,21.09765617280291,6.3354664,12636.625
Colombia,2007,43235374.0,802116.0,218967.0,16399,18.55230857954415,5.064533499814296,20.444673837699284,6.4910216,13318.304
Colombia,2008,43758805.0,796007.0,219345.0,15692,18.19078468893289,5.012591180220758,19.713394480199295,6.841922,13591.061
Colombia,2009,44271543.0,781638.0,222621.0,14934,17.65554003843959,5.028534921405382,19.106031180674428,7.3113456,13586.752
Colombia,2010,44777325.0,758100.0,224437.0,14216,16.93044414779132,5.012291377387997,18.752143516686452,7.071302,14037.064
Colombia,2011,45259614.0,738679.0,227145.0,13440,16.32093017850307,5.0187127093041495,18.194642056969265,6.780768,14852.37
Colombia,2012,45715807.0,730825.0,227505.0,12718,15.986264882078972,4.97650626620241,17.402250880853828,6.746016,15279.479
Colombia,2013,46151583.0,721365.0,232279.0,12124,15.630341433792205,5.032958457784644,16.807025569579892,7.0172405,15912.247
Colombia,2014,46565426.0,710473.0,239565.0,11567,15.257521750149994,5.144696840097629,16.28070313720578,7.185532,16480.363
Colombia,2015,46969938.0,693457.0,246688.0,10937,14.763847463456306,5.252040145337216,15.771706104343888,7.523385,16821.38
Colombia,2016,47437513.0,677004.0,251870.0,10343,14.271490160118638,5.309511061425164,15.277605449893946,7.5311704,17003.244
Colombia,2017,48131076.0,682368.0,255821.0,10065,14.177285377954153,5.315089984690972,14.750105514912775,7.678643,16986.033
Colombia,2018,49024463.0,695926.0,262295.0,9836,14.195484405407969,5.350288079647093,14.13368662760121,7.717775,17104.13
Colombia,2019,49907987.0,709573.0,268507.0,9704,14.217624124972222,5.380040673650091,13.67583039377203,7.8340483,17336.771
Colombia,2020,50629997.0,714207.0,335215.0,9423,14.10640020381593,6.62087734273419,13.19365394066426,8.697513,15861.5
Colombia,2021,51188174.0,713944.0,402786.0,9131,13.947440281811966,7.868731555065826,12.789518505653104,9.141505,17383.09
Colombia,2022,51737944.0,710397.0,304254.0,8822,13.730677044298474,5.880674346085341,12.418408298458466,7.5903726,18458.72
Comoros,2000,536084.0,18955.0,5688.0,1867,35.35826474955417,10.610277493825594,98.49643893431814,7.51525,2917.8716
Comoros,2001,547221.0,19202.0,5609.0,1832,35.09002761224441,10.249972131917453,95.40672846578481,6.6571784,3013.389
Comoros,2002,558927.0,19419.0,5659.0,1827,34.743356466944704,10.12475690027499,94.08311447551367,6.685946,3085.9382
Comoros,2003,569808.0,19635.0,5606.0,1781,34.458975654957456,9.838401707241738,90.70537305831424,6.6602483,3085.5967
Comoros,2004,580711.0,19937.0,5591.0,1733,34.332051571263506,9.627852752918406,86.92381000150475,6.5857615,3121.5168
Comoros,2005,592679.0,20415.0,5607.0,1704,34.445289946159726,9.460433050605808,83.46803820720058,6.1314287,3231.725
Comoros,2006,604752.0,20743.0,5619.0,1676,34.30001058285049,9.291412016826731,80.79834160921756,5.7734184,3111.6257
Comoros,2007,616935.0,21060.0,5672.0,1657,34.13649736195872,9.193837276212243,78.67996201329534,5.4175386,3074.7346
Comoros,2008,629314.0,21459.0,5653.0,1626,34.099034822044324,8.982797141013867,75.77240318747378,5.068975,3133.7502
Comoros,2009,641949.0,22005.0,5690.0,1613,34.27842398695224,8.863632469246,73.30152238127698,4.926944,3171.6035
Comoros,2010,654846.0,22550.0,5700.0,1597,34.43557721968219,8.704336592114787,70.82039911308203,4.9918156,3226.635
Comoros,2011,668064.0,23056.0,5743.0,1580,34.51166355319251,8.596481774201274,68.52879944482999,5.3021183,3293.834
Comoros,2012,681637.0,23340.0,5773.0,1557,34.241099001374636,8.469317246569656,66.70951156812339,5.1735463,3330.5244
Comoros,2013,696203.0,23570.0,5792.0,1522,33.855068133863256,8.319412585122443,64.5736105218498,5.102993,3406.4993
Comoros,2014,711512.0,23708.0,5831.0,1485,33.32059051709599,8.195223692643273,62.63708452842923,5.2384973,3403.4128
Comoros,2015,726685.0,23821.0,5859.0,1441,32.78036563297715,8.06264062145221,60.49284244993913,4.600899,3370.5557
Comoros,2016,741745.0,23804.0,5891.0,1391,32.09189141820976,7.942082521621312,58.43555704923542,4.6526356,3411.7712
Comoros,2017,756672.0,23722.0,5927.0,1339,31.35043982068849,7.832984437114099,56.445493634600794,5.2680745,3472.0786
Comoros,2018,771597.0,23850.0,5971.0,1303,30.9099180012364,7.738495613642873,54.63312368972746,4.903186,3528.9587
Comoros,2019,786582.0,23949.0,6014.0,1268,30.446920982173506,7.645738143003527,52.945843250240095,5.1804447,3522.6687
Comoros,2020,802172.0,24053.0,6144.0,1229,29.984841156260753,7.659205257725276,51.095497443146385,5.902421,3447.4727
Comoros,2021,818178.0,24134.0,6489.0,1194,29.497248764938682,7.931037011506053,49.473771442777824,6.46315,3449.0435
Comoros,2022,834191.0,24243.0,6088.0,1161,29.061689708951548,7.298088806999836,47.890112609825515,8.471195,3465.8403
Congo,2000,3151349.0,113966.0,35476.0,12284,36.16419507963098,11.257401195488027,107.78653282557956,1.5050085,7570.583
Congo,2001,3272542.0,121369.0,36489.0,12490,37.08707176256256,11.15004788326628,102.90930962601654,2.1852999,7567.439
Congo,2002,3350770.0,125039.0,36539.0,12379,37.316497402089674,10.904657735386195,99.0011116531642,1.7016783,7729.3887
Congo,2003,3445758.0,127338.0,36015.0,12074,36.9550038046781,10.451981828091235,94.81851450470403,1.918524,7577.4565
Congo,2004,3565565.0,132330.0,35748.0,11718,37.11333266957691,10.025900523479448,88.55134890047609,1.9215237,7577.446
Congo,2005,3696399.0,136888.0,35539.0,11360,37.03279867784836,9.614492374876196,82.98755186721992,1.717741,7876.118
Congo,2006,3837411.0,142358.0,35484.0,11018,37.0974076011144,9.246859405990131,77.3964231023195,1.7086132,8192.58
Congo,2007,3980430.0,148138.0,35678.0,10745,37.21658212806154,8.963353205558194,72.53371855972134,1.9020017,7375.8247
Congo,2008,4113514.0,156315.0,35599.0,10538,38.00035687249393,8.654157977826259,67.41515529539711,2.2392714,7587.288
Congo,2009,4281218.0,162727.0,35824.0,10399,38.00951037765421,8.36771217910417,63.90457637638498,2.1422224,8138.45
Congo,2010,4462304.0,173633.0,36729.0,10557,38.911064777298904,8.230949751518498,60.800654253511716,1.8517286,8583.662
Congo,2011,4609728.0,177029.0,36655.0,10389,38.40335047968123,7.951662223888264,58.68530014856323,1.7523732,8492.421
Congo,2012,4740457.0,179282.0,36819.0,10201,37.81956043478508,7.76697267795067,56.89918675606029,1.9097106,9079.687
Congo,2013,4857104.0,178855.0,36777.0,9941,36.8233828223567,7.571795868484595,55.58133683710268,1.9434716,8798.494
Congo,2014,4975887.0,178231.0,36554.0,9546,35.81894042207952,7.346227918761017,53.55970622394533,1.9731174,9159.257
Congo,2015,5097583.0,178070.0,36530.0,9218,34.9322414171579,7.166141286958937,51.76615937552648,2.4566848,8977.707
Congo,2016,5222545.0,178053.0,36696.0,8899,34.09314807244361,7.026459322035521,49.979500485810405,2.59423,8001.8257
Congo,2017,5351013.0,178792.0,36817.0,8590,33.41273885897866,6.880379472073792,48.04465524184527,2.3647602,7372.7705
Congo,2018,5483128.0,179756.0,37057.0,8321,32.783476876702494,6.7583685808538485,46.29052715903781,1.7558498,7029.3364
Congo,2019,5616656.0,180763.0,41252.0,9148,32.18338456191727,7.344583681108475,50.607701797381104,2.3477128,6939.369
Congo,2020,5752792.0,182600.0,39110.0,7861,31.74110936046358,6.798438045387353,43.050383351588174,4.0177507,6350.5093
Congo,2021,5892187.0,184882.0,40639.0,7738,31.377483436964912,6.897099498030188,41.853722915156695,3.4613335,6263.2114
Congo,2022,6035104.0,186731.0,39653.0,7582,30.940808973631604,6.570392158942083,40.60386331139446,2.3001137,6205.105
Costa Rica,2000,3937737.0,79689.0,15426.0,1047,20.237258100274346,3.9174784908184574,13.138576215035952,6.564987,14025.69
Costa Rica,2001,4008951.0,77805.0,15608.0,993,19.407820150458313,3.89328779523621,12.762675920570658,6.4740987,14257.525
Costa Rica,2002,4075710.0,74128.0,15737.0,929,18.187751336576937,3.8611677474599517,12.53237642995899,6.8690877,14503.177
Costa Rica,2003,4138791.0,72726.0,15984.0,881,17.571798141051335,3.861997380394419,12.1139619943349,6.9691925,14898.72
Costa Rica,2004,4200079.0,71973.0,16201.0,850,17.136106249430068,3.857308398246795,11.809984299667931,6.6300607,15330.883
Costa Rica,2005,4261240.0,73520.0,16380.0,842,17.253193905999193,3.843951525846937,11.452665941240479,6.6642966,15711.745
Costa Rica,2006,4321337.0,70996.0,16817.0,803,16.429174581848166,3.8916196538247307,11.31049636599245,6.9353085,16628.373
Costa Rica,2007,4380250.0,72729.0,17487.0,801,16.60384681239655,3.992237885965413,11.013488429649795,6.996426,17752.416
Costa Rica,2008,4440058.0,74620.0,18133.0,803,16.80608676733502,4.083955660038675,10.761190029482712,7.4685483,18343.1
Costa Rica,2009,4499788.0,74359.0,18601.0,790,16.525000733367882,4.133750301125298,10.624134267539906,7.860192,17941.502
Costa Rica,2010,4555965.0,70192.0,19389.0,740,15.40661528348001,4.255739453661299,10.542511967175747,8.029377,18670.168
Costa Rica,2011,4609834.0,72648.0,19763.0,735,15.759352722896313,4.287139189827659,10.117277832837793,8.121978,19264.457
Costa Rica,2012,4663930.0,72108.0,20075.0,714,15.460780929387877,4.304309884582316,9.901813945748044,7.7864227,19970.686
Costa Rica,2013,4716153.0,69655.0,20432.0,675,14.769452984243726,4.3323446037480124,9.690618046084273,7.6822934,20242.293
Costa Rica,2014,4767126.0,70781.0,21217.0,661,14.847730057900714,4.4506899964464965,9.338664330823244,7.663762,20735.193
Costa Rica,2015,4818045.0,70846.0,21767.0,644,14.704304339208123,4.517807533968654,9.090139175112215,7.591962,21265.318
Costa Rica,2016,4867003.0,69035.0,23470.0,617,14.184293701894163,4.822269474664388,8.937495473310639,7.3172436,21936.467
Costa Rica,2017,4913177.0,67859.0,24392.0,593,13.811633490916368,4.964608439712228,8.738708203775476,7.04523,22633.766
Costa Rica,2018,4957813.0,67536.0,25065.0,574,13.622135405268411,5.055656596971286,8.499170812603648,7.285877,23069.861
Costa Rica,2019,4999549.0,63301.0,25621.0,535,12.661342053053186,5.124662244534457,8.451683227753117,7.221249,23496.83
Costa Rica,2020,5034323.0,57220.0,28054.0,481,11.365977113506622,5.572546695950975,8.406151695211465,7.8254576,22368.139
Costa Rica,2021,5059991.0,53349.0,33230.0,439,10.543299385315112,6.567205356689369,8.228832780370766,7.6113048,24083.6
Costa Rica,2022,5081764.0,52440.0,31027.0,416,10.319251346579652,6.105557046726294,7.932875667429444,7.183682,25290.008
Cote d'Ivoire,2000,17699007.0,783669.0,238543.0,106550,44.2775687924187,13.477761774996756,135.96301499740323,3.6147692,4838.376
Cote d'Ivoire,2001,18178920.0,798087.0,242883.0,106556,43.90178294420131,13.36069469473434,133.5142659885451,3.5904715,4609.1787
Cote d'Ivoire,2002,18654772.0,809610.0,245915.0,105797,43.399619143026776,13.182417882137612,130.67649856103554,3.5414605,4368.9604
Cote d'Ivoire,2003,19125546.0,818605.0,250381.0,104484,42.80165387173783,13.091443245594139,127.63665015483657,3.951477,4060.0305
Cote d'Ivoire,2004,19594997.0,828403.0,248963.0,102654,42.27625041228636,12.705437005170248,123.91794814842534,4.021487,4088.9753
Cote d'Ivoire,2005,20068468.0,841410.0,247725.0,100806,41.92696722041762,12.343991579227671,119.80603986166079,3.9663908,4032.2756
Cote d'Ivoire,2006,20546808.0,851472.0,246480.0,98795,41.4405974884274,11.996023907947162,116.02847774207491,3.9286146,4049.2903
Cote d'Ivoire,2007,21030558.0,861431.0,244200.0,96649,40.960919819626284,11.611674782951551,112.19586943121388,4.1937966,3999.7205
Cote d'Ivoire,2008,21514446.0,870785.0,240162.0,94498,40.47443285316294,11.162825201262445,108.52047290663022,4.1387105,4096.754
Cote d'Ivoire,2009,21997936.0,896304.0,241867.0,93123,40.74491352279596,10.994986075057223,103.89666898730788,4.6397142,4151.0845
Cote d'Ivoire,2010,22488068.0,920563.0,244024.0,91777,40.93561972509155,10.851265657859093,99.69659871187524,4.5749483,4338.6846
Cote d'Ivoire,2011,22982003.0,938718.0,244682.0,90367,40.84578702735353,10.646678620658085,96.26639736321238,4.397007,4017.4375
Cote d'Ivoire,2012,23467083.0,954821.0,245981.0,88372,40.68767302693735,10.481958920927667,92.55347337354331,4.4273715,4234.212
Cote d'Ivoire,2013,23939775.0,968388.0,248156.0,85906,40.45100674505086,10.365845125946256,88.71031033015691,3.717738,4597.22
Cote d'Ivoire,2014,24527393.0,977203.0,248228.0,83615,39.84129091909605,10.12043962438242,85.56563989263235,3.7310183,4907.611
Cote d'Ivoire,2015,25246347.0,978751.0,247351.0,83100,38.76802453836193,9.797496643771868,84.90412781187452,3.2198832,5110.9004
Cote d'Ivoire,2016,25989404.0,980892.0,245258.0,81308,37.741996699885846,9.436845877650754,82.89189839452253,3.3210127,5320.8857
Cote d'Ivoire,2017,26733376.0,977902.0,243358.0,79124,36.57981692996799,9.103152553571984,80.9119932263151,3.2469304,5556.155
Cote d'Ivoire,2018,27464175.0,963483.0,241014.0,76204,35.08144701233516,8.775577638869546,79.09221024138465,3.091678,5670.242
Cote d'Ivoire,2019,28193014.0,967182.0,239423.0,73805,34.30573261872604,8.492281101977959,76.30931923877822,3.1891685,5894.9224
Cote d'Ivoire,2020,28915452.0,973041.0,245568.0,71649,33.65124639933001,8.492621868750314,73.63410174905272,3.6232789,5787.858
Cote d'Ivoire,2021,29639737.0,980502.0,248325.0,69641,33.08065790192403,8.378110777433687,71.02586226239212,3.7620766,6045.2046
Cote d'Ivoire,2022,30395004.0,987825.0,237561.0,68073,32.499584471184804,7.81579104250159,68.91200364437022,3.6384761,6272.264
Croatia,2000,4326105.0,40917.0,52629.0,355,9.458161556411598,12.165446747131659,8.676100398367426,7.650843,21302.412
Croatia,2001,4301079.0,40925.0,50954.0,352,9.515054245690441,11.846794722905578,8.601099572388517,7.1699524,22826.723
Croatia,2002,4305783.0,40123.0,50296.0,333,9.318398070687723,11.681034552832783,8.299479101762081,6.143005,24136.781
Croatia,2003,4306683.0,39669.0,50550.0,339,9.211033177970146,11.737571583513343,8.545715798230356,6.2978253,25473.566
Croatia,2004,4310050.0,39882.0,50264.0,285,9.253256922773517,11.66204568392478,7.146080938769369,6.5067997,26528.537
Croatia,2005,4313946.0,42452.0,50364.0,282,9.840642418797081,11.674694119954214,6.642796570244041,6.840681,27641.137
Croatia,2006,4315802.0,41464.0,51326.0,269,9.607484309984564,11.892575238623087,6.487555469805132,6.9036217,29035.676
Croatia,2007,4315959.0,41939.0,51513.0,255,9.717191474710487,11.93547019329887,6.080259424402107,7.3894615,30508.307
Croatia,2008,4314635.0,43778.0,52240.0,266,10.146397088050321,12.107629034669214,6.076111288775184,7.636435,31113.555
Croatia,2009,4310537.0,44632.0,52222.0,251,10.354162370024895,12.114963866450978,5.623767700304715,8.033117,29024.664
Croatia,2010,4301150.0,43443.0,51994.0,240,10.10032200690513,12.088394964137498,5.524480353566743,7.9490886,28701.875
Croatia,2011,4280827.0,41321.0,51959.0,205,9.652574140463981,12.137607990231794,4.961157764816922,7.6250815,28769.023
Croatia,2012,4259233.0,41575.0,51854.0,202,9.761147136115822,12.17449244969693,4.858689116055322,7.63413,28259.164
Croatia,2013,4242403.0,39661.0,52022.0,200,9.348711096046275,12.262389970966925,5.042737197750939,6.372716,28397.982
Croatia,2014,4219485.0,39192.0,53292.0,204,9.288337320786779,12.629977355056363,5.20514390691978,6.566124,28456.336
Croatia,2015,4183732.0,36996.0,53771.0,192,8.842822628218059,12.852400679584639,5.189750243269542,6.6554804,29466.451
Croatia,2016,4136438.0,36663.0,54815.0,179,8.86342307076765,13.251739781908976,4.882306412459428,6.6916747,30820.805
Croatia,2017,4079198.0,35415.0,55052.0,177,8.681853638877053,13.495790103839038,4.997882253282508,6.6280313,32348.588
Croatia,2018,4024868.0,35134.0,54587.0,178,8.729230374760116,13.562432358030128,5.066317527181647,6.713618,33729.547
Croatia,2019,3986338.0,33999.0,53352.0,151,8.528880390975376,13.383712068570203,4.441307097267567,6.786999,35122.797
Croatia,2020,3953956.0,33454.0,57058.0,157,8.460893343274432,14.430610760463697,4.693011299097268,7.6835294,32493.402
Croatia,2021,3924607.0,35785.0,57806.0,168,9.11811042481451,14.72911810023271,4.6947044851194635,8.082657,36930.074
Croatia,2022,3907031.0,33039.0,53347.0,158,8.45629328254626,13.654102053451842,4.7822270649838075,7.2963634,39863.91
Cyprus,2000,947667.0,11839.0,6273.0,79,12.492784912843858,6.619413781423222,6.672860883520568,5.3080006,36121.664
Cyprus,2001,964129.0,11613.0,6302.0,72,12.045068657824835,6.53646970478017,6.199948333763886,5.3394046,37146.844
Cyprus,2002,981443.0,11396.0,6179.0,67,11.61147412534401,6.29583174978068,5.879255879255879,5.6156597,38090.777
Cyprus,2003,999600.0,11746.0,6267.0,64,11.750700280112044,6.269507803121249,5.448663374765878,5.635688,38617.812
Cyprus,2004,1017875.0,12106.0,6399.0,60,11.893405378853002,6.2866265504113965,4.956220056170494,5.4055815,40019.926
Cyprus,2005,1036156.0,12126.0,6478.0,57,11.702870996259252,6.251954338921939,4.700643245917862,5.4358096,41362.094
Cyprus,2006,1054424.0,12677.0,6509.0,55,12.022677784268947,6.173038549957133,4.338565906760275,5.463575,42595.203
Cyprus,2007,1072727.0,12479.0,6492.0,51,11.632969059229422,6.051865945389647,4.086865934770414,5.3574486,43823.76
Cyprus,2008,1091029.0,13078.0,6646.0,50,11.986849112168422,6.091497109609369,3.8232145588010398,6.0143085,44295.63
Cyprus,2009,1109377.0,13390.0,6570.0,47,12.069837395222724,5.922242844407267,3.51008215085885,6.4653153,42253.387
Cyprus,2010,1127826.0,13358.0,6634.0,45,11.844025585506984,5.882113020980187,3.3687677796077256,6.5005574,42102.28
Cyprus,2011,1146493.0,13006.0,6742.0,43,11.344159973065688,5.8805417913585165,3.3061663847455023,6.431391,41212.688
Cyprus,2012,1165403.0,13529.0,6804.0,43,11.608859767822805,5.838323738655212,3.1783576021878925,6.536388,39190.223
Cyprus,2013,1183899.0,13055.0,6947.0,41,11.027123090736625,5.867899204239551,3.1405591727307542,6.9277453,36650.57
Cyprus,2014,1201806.0,13390.0,7203.0,41,11.141565277590558,5.993479812881613,3.061986557132188,6.9313726,36104.902
Cyprus,2015,1219504.0,13710.0,7378.0,42,11.242275548091683,6.050000656004409,3.063457330415755,6.793822,37258.5
Cyprus,2016,1237114.0,14234.0,7593.0,43,11.505811105524632,6.137672033458517,3.0209357875509344,6.652547,39500.85
Cyprus,2017,1254274.0,13995.0,7921.0,43,11.157849082417398,6.315207044074899,3.0725259021078957,6.6219254,41417.99
Cyprus,2018,1270743.0,14015.0,8112.0,45,11.028980682954774,6.383666878353845,3.210845522654299,6.7844625,43510.03
Cyprus,2019,1286669.0,14172.0,8498.0,46,11.014487797560989,6.604651235088434,3.245836861416878,6.9984317,45454.176
Cyprus,2020,1302250.0,14510.0,8683.0,48,11.142253791514687,6.667690535611442,3.3080634045485873,8.6479645,43402.36
Cyprus,2021,1317311.0,14802.0,9501.0,51,11.236526530181559,7.2124198461866635,3.445480340494528,8.874451,47632.57
Cyprus,2022,1331376.0,14710.0,10246.0,75,11.048719520255734,7.695797430628162,5.098572399728076,8.272014,50840.914
Czechia,2000,10236809.0,90473.0,109158.0,475,8.83800801597451,10.663283841673708,5.250185138107502,5.6691694,29427.406
Czechia,2001,10231942.0,90693.0,107906.0,453,8.863713261861728,10.545994103563137,4.99487281267573,5.834793,30399.873
Czechia,2002,10239474.0,92714.0,108277.0,488,9.054566670123874,10.574468961979884,5.263498500765796,6.1465626,30919.549
Czechia,2003,10248907.0,93762.0,111399.0,457,9.148487736302027,10.86935416625402,4.874042789189651,6.501684,31949.297
Czechia,2004,10261453.0,97916.0,107234.0,449,9.54211845047675,10.450176987605946,4.585563135749009,6.333084,33452.34
Czechia,2005,10280155.0,102469.0,107980.0,421,9.967651265958539,10.503732677182397,4.10855966194654,6.3352904,35535.746
Czechia,2006,10304592.0,106419.0,104492.0,435,10.327337559798583,10.140333552264854,4.0876159332450035,6.1649,37786.88
Czechia,2007,10337539.0,114489.0,104655.0,452,11.075073090413492,10.123782846188053,3.94797753495969,5.990291,39629.008
Czechia,2008,10378298.0,118839.0,104875.0,409,11.450721495952418,10.105221492001867,3.441631114364813,6.3385525,40328.344
Czechia,2009,10420985.0,117739.0,107391.0,412,11.298260193254285,10.305263849818418,3.499265324149177,7.2650013,38175.14
Czechia,2010,10464035.0,116320.0,106763.0,393,11.116170769688749,10.202851959115197,3.378610729023384,7.478368,39097.387
Czechia,2011,10495508.0,108487.0,106869.0,363,10.336517298638617,10.182356108918215,3.3460230258003265,7.4728146,39708.164
Czechia,2012,10507339.0,108000.0,108160.0,353,10.278530082640334,10.293757534614615,3.2685185185185186,7.5397496,39347.05
Czechia,2013,10511164.0,106266.0,109226.0,328,10.109822280386835,10.391427628757386,3.086594018783054,7.4483128,39317.555
Czechia,2014,10517223.0,109036.0,105696.0,328,10.36737549446275,10.049801168996796,3.0081807843281116,7.539196,40158.016
Czechia,2015,10524418.0,110923.0,111230.0,334,10.539585181812429,10.568755440918443,3.0110977885560257,7.2934675,42066.574
Czechia,2016,10531946.0,112635.0,107770.0,391,10.694604776743065,10.232676848134238,3.4713898876903273,7.322586,43069.465
Czechia,2017,10541343.0,114314.0,111614.0,372,10.844348770360664,10.58821442391164,3.2541945868397573,7.2419066,45177.523
Czechia,2018,10548934.0,113821.0,112928.0,361,10.789810610247443,10.705157506910178,3.171646708428146,7.371736,46301.082
Czechia,2019,10554872.0,112029.0,112451.0,348,10.613961021981128,10.653942558469682,3.1063385373430092,7.4875436,47763.617
Czechia,2020,10550129.0,110250.0,129212.0,309,10.450109188238361,12.24743318304449,2.802721088435374,8.969958,45119.938
Czechia,2021,10530683.0,111795.0,140176.0,298,10.616120530833564,13.311197383873392,2.665593273402209,9.154207,47796.035
Czechia,2022,10673216.0,96941.0,117353.0,295,9.082642007807207,10.995092763043491,3.0430880638739026,8.470631,48390.66
Democratic Republic of Congo,2000,50507445.0,2287896.0,738369.0,349768,45.29819316736374,14.619013097970013,152.87757835146354,1.4659474,981.42206
Democratic Republic of Congo,2001,52132646.0,2344778.0,749769.0,349566,44.977153087529835,14.381947925681732,149.08277030917213,2.6231098,930.85785
Democratic Republic of Congo,2002,53750529.0,2395052.0,763459.0,348341,44.55866843654692,14.20374858078141,145.44193612497767,2.5701294,929.4528
Democratic Republic of Congo,2003,55343873.0,2443727.0,764538.0,344842,44.155330437390965,13.814320512046564,141.11314398048555,3.7335334,953.0446
Democratic Republic of Congo,2004,56997740.0,2495424.0,764413.0,340832,43.781104303433786,13.411286131695748,136.58280115924188,4.335642,987.74695
Democratic Republic of Congo,2005,58775726.0,2570127.0,769817.0,338124,43.72769466088773,13.097532814822227,131.55925757754383,3.9855824,1016.6339
Democratic Republic of Congo,2006,60615909.0,2665465.0,776055.0,336652,43.973026949080314,12.802827059807022,126.30141457494284,4.0621066,1036.1333
Democratic Republic of Congo,2007,62477753.0,2746572.0,782823.0,335167,43.96079993465834,12.52962794612668,122.03102631207193,3.8938496,1091.5408
Democratic Republic of Congo,2008,64390658.0,2833867.0,789708.0,334016,44.01053022318858,12.264325672832852,117.86579962997558,4.312548,1137.8408
Democratic Republic of Congo,2009,66412038.0,2924268.0,797321.0,332430,44.03219789761609,12.005669815463275,113.67973113271424,4.5113316,1109.1831
Democratic Republic of Congo,2010,68563038.0,3011258.0,799042.0,330395,43.919553273004034,11.654121860819528,109.71992436383731,3.7222428,1166.983
Democratic Republic of Congo,2011,70849311.0,3115991.0,805373.0,329332,43.98054061527853,11.367407651995373,105.69093428061892,3.1943555,1124.7721
Democratic Republic of Congo,2012,73254623.0,3219513.0,814058.0,328637,43.949622128285334,11.112718442356874,102.07661842023934,3.2215035,1182.1407
Democratic Republic of Congo,2013,75789397.0,3311232.0,821887.0,327141,43.68991087236121,10.844353333488062,98.79736605589702,3.3405752,1342.7416
Democratic Republic of Congo,2014,78403248.0,3410957.0,830675.0,326118,43.5053022293158,10.594905455957642,95.6089449383267,3.7252061,1392.7584
Democratic Republic of Congo,2015,81035532.0,3503691.0,838654.0,324595,43.23647804274302,10.349213231548847,92.64372914163948,3.7478545,1433.2158
Democratic Republic of Congo,2016,83956416.0,3599622.0,845927.0,322955,42.87488879944566,10.075787418081305,89.71914273220911,4.2002783,1388.8016
Democratic Republic of Congo,2017,87083400.0,3742518.0,859293.0,323318,42.976250353109776,9.867471871791869,86.39049965825147,4.000578,1395.7196
Democratic Republic of Congo,2018,90047647.0,3861913.0,868698.0,322548,42.88743935752147,9.647092721923096,83.5202657335885,3.2412717,1431.7285
Democratic Republic of Congo,2019,92947450.0,3954796.0,879236.0,322058,42.548730492337334,9.459495661258055,81.43479461393206,3.508039,1394.7646
Democratic Republic of Congo,2020,95990000.0,4049813.0,893708.0,317765,42.189946869465565,9.310428169601,78.46411673822965,3.9769444,1361.028
Democratic Republic of Congo,2021,99148930.0,4158030.0,929997.0,315853,41.937215056178616,9.379798652390903,75.96217439508614,3.8672798,1402.3856
Democratic Republic of Congo,2022,102396974.0,4262077.0,914408.0,313252,41.62307569752989,8.930029514348735,73.49749898934252,3.9417696,1484.3384
Denmark,2000,5339659.0,66726.0,57911.0,413,12.496303602907975,10.845449119503698,6.189491352696101,8.110062,57585.9
Denmark,2001,5358825.0,65232.0,58337.0,384,12.172817735231137,10.886155080638014,5.886681383370125,8.4437065,57925.055
Denmark,2002,5375967.0,64086.0,58535.0,349,11.920832103322063,10.88827368173949,5.4458071965795956,8.695062,58003.887
Denmark,2003,5390621.0,64479.0,57553.0,353,11.961330614784456,10.676506473001904,5.474650661455668,8.890374,58101.48
Denmark,2004,5404594.0,64414.0,55773.0,341,11.918379067881881,10.319554068261187,5.293880212376191,8.985515,59560.46
Denmark,2005,5419550.0,64094.0,54868.0,327,11.826443154874482,10.124087793266968,5.101881611383281,9.0671625,60798.137
Denmark,2006,5437425.0,64609.0,55489.0,289,11.882278836029922,10.205014322036627,4.473061028649259,9.152579,62911.395
Denmark,2007,5461604.0,63750.0,55549.0,305,11.672395142525897,10.170821612112485,4.784313725490196,9.3021555,63251.316
Denmark,2008,5493762.0,64435.0,54651.0,302,11.728757088494188,9.947828100307222,4.68689376891441,9.467979,62618.45
Denmark,2009,5523169.0,62612.0,54904.0,232,11.336245550335324,9.94066993061411,3.7053599948891587,10.628732,59185.97
Denmark,2010,5547865.0,62763.0,54178.0,246,11.313000586712185,9.76555846257975,3.9195067157401655,10.596218,59856.348
Denmark,2011,5570848.0,58926.0,52568.0,241,10.577563774850795,9.436265358523514,4.089875436988765,10.397585,60391.78
Denmark,2012,5591911.0,57591.0,52183.0,231,10.298983656928732,9.331872413563092,4.011043392196697,10.533446,60161.7
Denmark,2013,5615333.0,55718.0,52536.0,232,9.922474766857105,9.355812023970795,4.163824975770846,10.29779,60745.777
Denmark,2014,5643795.0,56567.0,51433.0,260,10.02286581989601,9.113194224807954,4.596319408842612,10.313887,61210.95
Denmark,2015,5683698.0,57806.0,52656.0,236,10.170491113356128,9.264390894801238,4.082621181192264,10.375455,62059.13
Denmark,2016,5728196.0,60927.0,52765.0,228,10.636332974639835,9.211451563459072,3.742183268501649,10.282293,63468.99
Denmark,2017,5765164.0,61052.0,53223.0,263,10.58981149538851,9.231827576804406,4.307803184170871,10.113799,64989.445
Denmark,2018,5793824.0,61189.0,55174.0,250,10.561073308405641,9.52289886610294,4.08570167840625,10.141632,65870.83
Denmark,2019,5814618.0,61068.0,53899.0,207,10.502495606762128,9.26956852539582,3.389663981135783,10.184688,66758.63
Denmark,2020,5831529.0,60993.0,54684.0,214,10.459178030324464,9.377300533016298,3.508599347466103,10.692376,65379.305
Denmark,2021,5856774.0,63475.0,57041.0,234,10.837877643904307,9.739320656730138,3.6864907443875543,10.655759,69328.0
Denmark,2022,5902901.0,58095.0,59397.0,213,9.841771020723538,10.062340533917137,3.666408468887168,9.474113,69089.47
Djibouti,2013,984833.0,24218.0,8229.0,1685,24.590971261117367,8.355731377807203,69.57634817078207,2.9178212,4469.074
Djibouti,2014,1002720.0,24160.0,8307.0,1633,24.094463060475505,8.284466251795116,67.59105960264901,2.959301,4705.0493
Djibouti,2015,1020316.0,24045.0,8326.0,1573,23.566228501758278,8.160217030802222,65.41900603035974,3.347577,4961.868
Djibouti,2016,1037660.0,23929.0,8311.0,1518,23.060540061291753,8.009367230113911,63.43766977307869,2.7416613,5226.5005
Djibouti,2017,1054844.0,23948.0,8359.0,1468,22.70288308034174,7.924394507623877,61.29948221145816,2.4797637,5421.9565
Djibouti,2018,1071886.0,23917.0,8392.0,1420,22.31300716680692,7.829190790811709,59.37199481540327,2.530864,5590.5044
Djibouti,2019,1088710.0,23857.0,8487.0,1375,21.913089803528948,7.7954643568994495,57.63507565913569,2.4134784,5809.3047
Djibouti,2020,1105193.0,23847.0,8880.0,1327,21.57722678301437,8.03479573251007,55.64641254665157,2.3386123,5791.4775
Djibouti,2021,1121251.0,23892.0,9336.0,1281,21.30834219991777,8.326413978672036,53.6162732295329,2.871281,5960.108
Djibouti,2022,1137101.0,23915.0,8581.0,1240,21.031553045859603,7.546383302802478,51.85030315701442,2.5255454,6180.68
Dominica,2000,68527.0,1228.0,665.0,22,17.919943963693143,9.704204182293111,17.915309446254074,5.323744,14054.655
Dominica,2001,68299.0,1230.0,671.0,22,18.009048448732777,9.824448381381865,17.88617886178862,4.6450186,14091.549
Dominica,2002,68385.0,1107.0,675.0,21,16.187760473788114,9.870585654748849,18.970189701897016,4.6531105,13640.703
Dominica,2003,68552.0,1069.0,679.0,21,15.594001633796243,9.904889718753648,19.644527595884004,4.846179,14398.002
Dominica,2004,68664.0,1046.0,685.0,21,15.233601304905045,9.976115577303972,20.076481835564053,4.7452016,14962.246
Dominica,2005,68750.0,1032.0,690.0,21,15.01090909090909,10.036363636363637,20.348837209302328,4.977725,15080.5205
Dominica,2006,68823.0,1070.0,701.0,22,15.547128140301934,10.185548435842668,20.560747663551403,4.780922,15727.705
Dominica,2007,68862.0,1041.0,718.0,22,15.117190903546224,10.426650402253783,21.133525456292027,4.7910995,16560.518
Dominica,2008,68866.0,1010.0,734.0,22,14.66616327360381,10.658380042401186,21.78217821782178,5.049688,17738.041
Dominica,2009,68879.0,981.0,757.0,22,14.242367049463551,10.990287315437216,22.426095820591232,4.983293,17534.033
Dominica,2010,68872.0,963.0,787.0,22,13.982460216052967,11.426995005227088,22.845275181723782,5.1571193,17516.787
Dominica,2011,69073.0,947.0,820.0,22,13.710132758096508,11.871498269946288,23.231256599788807,5.3345037,17475.041
Dominica,2012,69138.0,959.0,787.0,23,13.870809106424833,11.383031039370534,23.983315954118872,5.7950993,17431.129
Dominica,2013,69733.0,927.0,809.0,23,13.293562588731303,11.6013938881161,24.811218985976268,5.3474984,17282.637
Dominica,2014,70387.0,963.0,701.0,24,13.681503686760339,9.95922542514953,24.922118380062305,5.261417,17520.855
Dominica,2015,70429.0,923.0,769.0,30,13.105396924562324,10.918797654375329,32.50270855904658,5.159418,16920.912
Dominica,2016,69627.0,899.0,718.0,24,12.911657833886279,10.312091573671134,26.696329254727477,5.1230807,17364.078
Dominica,2017,68514.0,809.0,939.0,34,11.807805703943721,13.705228128557668,42.027194066749075,5.4624543,16314.2295
Dominica,2018,68195.0,793.0,846.0,23,11.628418505755553,12.40560158369382,29.003783102143757,6.18496,16877.125
Dominica,2019,67901.0,781.0,849.0,23,11.502039734319082,12.503497739355828,29.449423815621,5.1690392,17619.434
Dominica,2020,67588.0,771.0,854.0,23,11.407350417233829,12.63537906137184,29.831387808041505,6.0680614,14919.531
Dominica,2021,67222.0,756.0,960.0,23,11.246318169646841,14.281038945583292,30.42328042328042,6.311425,15808.975
Dominica,2022,66847.0,745.0,855.0,23,11.144853172169283,12.790401962690922,30.87248322147651,5.97262,17550.8
Dominican Republic,2000,8584196.0,219389.0,47700.0,9241,25.55731486093747,5.556723075754561,42.1215284266759,4.884275,10896.318
Dominican Republic,2001,8720287.0,218606.0,48418.0,8954,25.068670331607205,5.552340192473023,40.95953450499986,4.881833,10991.137
Dominican Republic,2002,8852231.0,215858.0,49115.0,8585,24.384587343009915,5.548318836234617,39.771516459894926,4.9864902,11313.069
Dominican Republic,2003,8980626.0,213179.0,49920.0,8253,23.7376548138181,5.558632549668586,38.71394461931053,4.3888826,11000.868
Dominican Republic,2004,9104889.0,210347.0,51557.0,8230,23.102642986641573,5.662562168522867,39.12582542180302,4.287739,11131.2705
Dominican Republic,2005,9225035.0,207235.0,51824.0,7646,22.464413414149647,5.617756463796614,36.895312085313776,4.353912,12022.508
Dominican Republic,2006,9341187.0,204201.0,53069.0,7435,21.860283923231595,5.681183772469173,36.410203671872324,3.9936543,12961.918
Dominican Republic,2007,9455663.0,206408.0,54341.0,7433,21.829035150681662,5.74692647147006,36.0112011162358,4.089353,13754.921
Dominican Republic,2008,9573135.0,211761.0,55093.0,7431,22.120339888657163,5.7549590599108855,35.091447433663426,4.56442,14030.141
Dominican Republic,2009,9695270.0,216627.0,55737.0,7537,22.343575784893048,5.748885796888586,34.79252355431225,4.7670617,13992.41
Dominican Republic,2010,9820180.0,217689.0,55607.0,7568,22.167516277705705,5.662523497532631,34.76519254532843,4.9289675,14975.001
Dominican Republic,2011,9945623.0,217516.0,55425.0,7668,21.870525355726834,5.572803232135382,35.25257912061641,5.0450664,15258.086
Dominican Republic,2012,10070409.0,216738.0,55826.0,7598,21.52226389216168,5.543568290026751,35.056150744216524,5.058973,15487.277
Dominican Republic,2013,10193838.0,215900.0,56564.0,7564,21.179461553146126,5.54884234966261,35.03473830477073,4.9259424,16054.768
Dominican Republic,2014,10315523.0,215022.0,57757.0,7525,20.844507835424338,5.599037489422495,34.99641897108203,4.809429,16993.588
Dominican Republic,2015,10434826.0,214311.0,60058.0,7491,20.538052095933367,5.755534399902786,34.953875442697765,4.735346,17973.188
Dominican Republic,2016,10551430.0,213553.0,62004.0,7455,20.239247192086758,5.876359886764164,34.90936676141286,4.585824,18968.975
Dominican Republic,2017,10666846.0,213428.0,61866.0,7395,20.008538606444677,5.799839990190165,34.64868714507937,4.4456267,19501.875
Dominican Republic,2018,10782048.0,214001.0,63149.0,7348,19.847899026233236,5.856865040853092,34.33628814818623,4.217655,20662.848
Dominican Republic,2019,10894043.0,211667.0,66804.0,7214,19.429609374591234,6.132158648538471,34.081836091596706,4.3680887,21451.287
Dominican Republic,2020,11008298.0,208680.0,71258.0,7015,18.956608914475247,6.473116915984651,33.61606287138202,4.964903,19545.41
Dominican Republic,2021,11123480.0,206574.0,77714.0,6828,18.570986777519266,6.986482647516785,33.05353045397775,5.0884,22053.459
Dominican Republic,2022,11230734.0,205012.0,66253.0,6641,18.25455041495952,5.899258231919659,32.393225762394394,4.645068,22986.959
East Timor,2003,916876.0,35176.0,8275.0,3342,38.36505699789284,9.025211697110622,95.00795997270866,2.8418703,3264.9465
East Timor,2004,929081.0,34865.0,8106.0,3181,37.52632978179513,8.724750586870252,91.2376308618959,4.2610354,3234.9758
East Timor,2005,948310.0,34363.0,7951.0,3013,36.236040957071005,8.38438907108435,87.68151791170736,5.2804475,3263.9446
East Timor,2006,976610.0,34240.0,8023.0,2888,35.06005467894042,8.215152414986534,84.34579439252336,6.00192,3038.9524
East Timor,2007,1004898.0,34212.0,8136.0,2772,34.04524638321501,8.09634410656604,81.02420203437391,5.6479325,3256.5698
East Timor,2008,1032431.0,34170.0,8279.0,2658,33.096642778064584,8.018937827322116,77.7875329236172,6.9656396,3530.882
East Timor,2009,1058783.0,34145.0,8447.0,2540,32.249289986711155,7.97802760338993,74.38863669644165,7.309318,3792.3584
East Timor,2010,1084688.0,34155.0,8642.0,2429,31.488317377900373,7.967268007021374,71.11696676914069,6.470588,4047.2495
East Timor,2011,1110212.0,34060.0,8828.0,2351,30.678825305437158,7.951634462607141,69.02524955960071,6.8654146,4189.8
East Timor,2012,1134891.0,33813.0,8923.0,2265,29.794050706191168,7.862429079092178,66.98607044627806,6.992152,4297.915
East Timor,2013,1158697.0,33558.0,9019.0,2174,28.961842483410244,7.783743290955271,64.78336015257166,8.532378,4340.2783
East Timor,2014,1181913.0,33159.0,9121.0,2081,28.055364481142014,7.717150077882213,62.75822551946682,7.5995855,4445.3594
East Timor,2015,1205133.0,32611.0,9224.0,1992,27.060083824772867,7.653926993950046,61.083683419705004,7.691467,4467.8003
East Timor,2016,1228314.0,32120.0,9347.0,1920,26.149665313592454,7.609617736181464,59.77584059775841,6.9425073,4515.4224
East Timor,2017,1251711.0,31606.0,9461.0,1845,25.250237474944296,7.558453988180978,58.37499209010947,6.804423,4290.027
East Timor,2018,1275962.0,31236.0,9592.0,1777,24.48035286317304,7.517465253667429,56.889486489947494,6.402274,4188.841
East Timor,2019,1300946.0,31034.0,9727.0,1723,23.85494862968947,7.476866833827076,55.51975252948379,4.992188,5103.1494
East Timor,2020,1326051.0,30966.0,9801.0,1666,23.35204302096978,7.391118441145929,53.800942969708714,7.26445,6594.882
East Timor,2021,1350142.0,30689.0,10588.0,1606,22.73020171211621,7.842138086216116,52.331454267001206,4.9192977,6825.046
East Timor,2022,1369299.0,30704.0,10087.0,1526,22.423152284490094,7.366543026760408,49.70036477331944,7.4637184,5348.4917
Ecuador,2000,12689215.0,325418.0,65573.0,9688,25.645242830230238,5.167616751706075,29.770940759269614,3.5736797,9183.052
Ecuador,2001,12910736.0,324599.0,65231.0,9170,25.14178897314607,5.052461765154209,28.250241066669954,4.0636554,9405.117
Ecuador,2002,13138473.0,323935.0,64479.0,8704,24.655452730313485,4.907647943562391,26.86958803463658,4.8140483,9697.556
Ecuador,2003,13372304.0,323349.0,64413.0,8272,24.18050023391631,4.816896175857205,25.582265601563634,5.792324,9802.814
Ecuador,2004,13608700.0,322931.0,65504.0,7897,23.729746412221594,4.813391433421267,24.454140358157005,5.881522,10290.663
Ecuador,2005,13846162.0,322850.0,67554.0,7560,23.316930713363025,4.878897126871692,23.416447266532444,5.859049,10660.205
Ecuador,2006,14086138.0,323530.0,69347.0,7265,22.967970354968838,4.923066918696948,22.455413717429607,5.9361777,10933.49
Ecuador,2007,14328783.0,323895.0,70474.0,6963,22.604501722163004,4.918352102896666,21.497707590422824,5.5572248,10952.822
Ecuador,2008,14575201.0,327954.0,70070.0,6758,22.500821772543652,4.807480871104282,20.606548479359912,5.521749,11474.525
Ecuador,2009,14825960.0,332509.0,71613.0,6527,22.427485302806698,4.830243707658728,19.629543861970653,6.0338845,11403.527
Ecuador,2010,15076697.0,329979.0,72574.0,6234,21.886690433587678,4.813653812900796,18.892111316174667,6.349257,11665.698
Ecuador,2011,15326232.0,333805.0,75643.0,6016,21.779978275155955,4.935524922237899,18.02249816509639,6.605097,12449.078
Ecuador,2012,15572195.0,326145.0,76322.0,5692,20.94406087260017,4.90117160747088,17.45236014656058,6.878598,12961.026
Ecuador,2013,15807132.0,310704.0,76600.0,5252,19.65593758564172,4.845913857112094,16.90354807147639,6.778664,13689.152
Ecuador,2014,16035127.0,303002.0,77206.0,4918,18.896139706283588,4.814804397869752,16.230915967551372,6.7660184,14064.799
Ecuador,2015,16266229.0,298607.0,79195.0,4660,18.3574816265036,4.868676077288718,15.605796247241358,7.7678604,13881.57
Ecuador,2016,16505142.0,290846.0,82610.0,4473,17.621538790759875,5.00510689335481,15.379272879805807,7.588175,13586.516
Ecuador,2017,16759515.0,296263.0,84905.0,4259,17.677301520956902,5.066077389470996,14.375740473835748,7.5248413,14179.153
Ecuador,2018,17049542.0,298755.0,79255.0,4143,17.522758089337533,4.6485119658932765,13.867550333885625,7.833647,14083.507
Ecuador,2019,17340017.0,293458.0,82414.0,3968,16.92374350036681,4.7528211765882356,13.521526078689284,7.8087845,13870.489
Ecuador,2020,17546058.0,287589.0,131143.0,3768,16.390519169604932,7.474214436085872,13.1020310234397,8.606084,12440.326
Ecuador,2021,17682454.0,280840.0,125687.0,3569,15.882410891610407,7.108006614918947,12.70830366044723,8.375262,13507.444
Ecuador,2022,17823900.0,274903.0,95581.0,3382,15.423279978007058,5.3625188651193065,12.30252125295104,7.601839,14186.639
Egypt,2000,73083287.0,2001867.0,461788.0,93461,27.39158407037713,6.318653948884373,46.686917762268926,4.922443,9981.628
Egypt,2001,74652035.0,2034454.0,465475.0,89323,27.25249217921521,6.235262039407231,43.90514604901364,5.4003034,10117.333
Egypt,2002,76239140.0,2064224.0,470750.0,85654,27.07564644616925,6.174649923910474,41.49452772567319,5.510738,10143.506
Egypt,2003,77853548.0,2091590.0,477304.0,82269,26.86569917147514,6.130793165649946,39.333234524930795,5.2242527,10250.377
Egypt,2004,79477441.0,2111602.0,484912.0,79045,26.568570570861738,6.101253310357589,37.43366410905085,4.8573236,10451.821
Egypt,2005,81101012.0,2154522.0,493921.0,76651,26.565907710251505,6.0901952740121175,35.57680079386518,4.9222918,10700.609
Egypt,2006,82700404.0,2196664.0,503294.0,74505,26.561708211244046,6.085750197786216,33.91734011209725,4.841901,11211.832
Egypt,2007,84276224.0,2262766.0,513415.0,73071,26.849399422546508,6.092050350998165,32.292777954061535,4.4449325,11782.006
Egypt,2008,85864791.0,2316318.0,523309.0,71577,26.976342375304913,6.094570241252902,30.901197503969662,4.466348,12391.585
Egypt,2009,87501635.0,2380803.0,532741.0,70312,27.208668729447172,6.088354806170193,29.53289289370015,4.3787093,12728.081
Egypt,2010,89196073.0,2452077.0,541987.0,69285,27.49086274235414,6.076354953429396,28.255637975479562,4.1531916,13128.988
Egypt,2011,91093066.0,2502876.0,551057.0,68041,27.47603203958466,6.049384702892754,27.185126230784107,4.3570757,13082.427
Egypt,2012,93161000.0,2619435.0,558907.0,67663,28.11729157050697,5.999366687777074,25.83114297548899,4.458918,13076.806
Egypt,2013,95333551.0,2725683.0,568793.0,67797,28.5910151400948,5.966346517397636,24.873398704104623,4.6710043,13058.075
Egypt,2014,97528655.0,2769134.0,573333.0,66218,28.39302972034219,5.878610752911541,23.912891178252842,4.774153,13136.365
Egypt,2015,99597334.0,2807083.0,579420.0,64887,28.184318668610146,5.817625600299703,23.115454726490096,5.061532,13425.912
Egypt,2016,101644583.0,2711820.0,580088.0,61143,26.67943455481538,5.707023265568417,22.546850454676196,5.074624,13727.32
Egypt,2017,103696055.0,2706428.0,583607.0,58739,26.09962355848542,5.628054027706261,21.70351474341826,5.346619,14018.36
Egypt,2018,105682092.0,2493224.0,584761.0,53250,23.591735863820713,5.533208029227884,21.35788842077567,4.74893,14488.209
Egypt,2019,107553159.0,2394940.0,589117.0,49344,22.267500297225116,5.477449528005031,20.603438917050113,4.599467,15026.568
Egypt,2020,109315118.0,2405407.0,700366.0,47164,22.0043397839995,6.4068539906804105,19.607492619752083,4.1538463,15309.236
Egypt,2021,110957005.0,2347231.0,780671.0,44457,21.154419227519703,7.035797334291782,18.94018952544509,4.6095514,15579.016
Egypt,2022,112618252.0,2375206.0,639135.0,43138,21.090773101326416,5.675234596963909,18.161793124470044,4.723628,16360.391
El Salvador,2000,5943363.0,161255.0,38936.0,5274,27.131945331288026,6.551173132113923,32.70596260581067,7.843428,7545.4478
El Salvador,2001,5968058.0,154131.0,39814.0,4885,25.825988956541643,6.67118181492204,31.693818894317175,7.886049,7580.323
El Salvador,2002,5986629.0,146110.0,39975.0,4316,24.406055561485438,6.677380542539049,29.539388132229146,7.8856573,7675.671
El Salvador,2003,5998597.0,138834.0,40985.0,3955,23.1444119349908,6.832430983444962,28.48725816442658,7.771823,7780.272
El Salvador,2004,6004673.0,132491.0,41589.0,3525,22.064648649476833,6.926105717996633,26.60558075642874,8.130217,7841.532
El Salvador,2005,6005583.0,128358.0,43474.0,3261,21.373112318987182,7.238930841518633,25.40550647408031,9.200579,8050.5347
El Salvador,2006,6002321.0,125881.0,44996.0,2979,20.972053977119852,7.496433462988733,23.665207616717375,8.693389,8404.247
El Salvador,2007,6009820.0,123595.0,46825.0,2770,20.565507785590917,7.791414717911685,22.411909866904,8.478363,8548.835
El Salvador,2008,6029302.0,120858.0,45749.0,2596,20.045106382131795,7.587777158948084,21.479753098677786,8.495859,8704.806
El Salvador,2009,6048284.0,119965.0,45057.0,2499,19.8345514198738,7.449550980079639,20.831075730421375,8.837497,8494.498
El Salvador,2010,6068253.0,119481.0,43789.0,2309,19.689521844260614,7.2160801469549805,19.32524836584896,8.904162,8648.93
El Salvador,2011,6090128.0,119474.0,43290.0,2209,19.617650072379433,7.108224983120223,18.489378442171517,8.876454,8945.932
El Salvador,2012,6113977.0,118547.0,43056.0,2080,19.389507026277656,7.042224725411954,17.54578352889571,8.606254,9162.5625
El Salvador,2013,6138845.0,117772.0,43906.0,1975,19.184716343220913,7.152159730372733,16.769690588594912,9.05236,9329.462
El Salvador,2014,6162952.0,117183.0,44607.0,1883,19.01410233277819,7.237927538621102,16.0688837118012,8.598942,9451.744
El Salvador,2015,6183675.0,114888.0,45622.0,1780,18.579242925929968,7.377813355326727,15.493350045261472,8.758332,9646.154
El Salvador,2016,6200808.0,109938.0,46192.0,1647,17.729624913398386,7.4493517618994165,14.981171205588605,8.714563,9863.761
El Salvador,2017,6213538.0,106386.0,46568.0,1537,17.121646314869242,7.4946029138310575,14.447389694132687,8.422869,10064.794
El Salvador,2018,6219803.0,103765.0,46254.0,1441,16.683004268784718,7.436569936379014,13.887148845949984,8.322752,10297.203
El Salvador,2019,6222316.0,103104.0,46288.0,1373,16.570035980172012,7.439030740322414,13.31665114835506,8.808461,10543.938
El Salvador,2020,6234679.0,101646.0,53398.0,1313,16.303325319555345,8.564675101957937,12.91737992641127,8.951051,9692.449
El Salvador,2021,6255780.0,101029.0,54501.0,1244,16.149704753044386,8.71210304710204,12.313296182284295,10.12669,10809.714
El Salvador,2022,6280316.0,99985.0,46842.0,1199,15.92037725490246,7.458541895025665,11.991798769815471,9.820363,11085.616
Equatorial Guinea,2000,703287.0,28690.0,9555.0,4321,40.79415658187909,13.586203072145512,150.6099686301847,1.222602,11767.471
Equatorial Guinea,2001,749836.0,30313.0,9939.0,4424,40.42617318987085,13.254898404451108,145.94398442912282,1.325593,18031.965
Equatorial Guinea,2002,797968.0,32057.0,10311.0,4517,40.173290156998775,12.921570789806108,140.9052625011698,2.8873007,20242.432
Equatorial Guinea,2003,847867.0,33907.0,10735.0,4615,39.99094197556928,12.661183888510816,136.10758840357448,1.9718534,21709.574
Equatorial Guinea,2004,899924.0,35845.0,11182.0,4714,39.83114129637614,12.425493708357594,131.5106709443437,1.584636,28225.986
Equatorial Guinea,2005,947370.0,37814.0,11700.0,4832,39.91471125325902,12.349979416700974,127.78336066007299,1.4204873,31302.957
Equatorial Guinea,2006,990349.0,39298.0,11893.0,4857,39.68096095416868,12.00889787337595,123.59407603440378,1.4121786,32251.768
Equatorial Guinea,2007,1036053.0,40807.0,12138.0,4878,39.38698116795184,11.715616865160374,119.53831450486436,1.4208068,35540.45
Equatorial Guinea,2008,1084538.0,42302.0,12359.0,4890,39.00462685493731,11.395635745358854,115.59737128268168,1.2333322,39994.617
Equatorial Guinea,2009,1135683.0,43778.0,12596.0,4896,38.547728547490806,11.091123139115405,111.8369957512906,1.8738989,38706.605
Equatorial Guinea,2010,1189097.0,45207.0,12836.0,4891,38.01792452592177,10.794745929053727,108.19120932598935,1.7336366,33668.875
Equatorial Guinea,2011,1241843.0,46562.0,13065.0,4872,37.4942726254446,10.520653576981953,104.63468064086594,1.5430961,34341.934
Equatorial Guinea,2012,1293485.0,47565.0,13213.0,4830,36.77274958735509,10.215039215762069,101.54525386313466,1.6229031,35711.492
Equatorial Guinea,2013,1346220.0,48510.0,13351.0,4768,36.0342291750234,9.917398344995618,98.28901257472685,1.7562275,32894.37
Equatorial Guinea,2014,1399829.0,49389.0,13500.0,4703,35.282166607492776,9.64403509285777,95.22363279272712,1.868559,31765.9
Equatorial Guinea,2015,1453925.0,50205.0,13657.0,4625,34.53066698763691,9.393194284436955,92.12229857583907,2.4569342,27797.795
Equatorial Guinea,2016,1508192.0,50965.0,13786.0,4541,33.79211665358257,9.140746005813584,89.10036299421172,2.9717748,24435.064
Equatorial Guinea,2017,1562401.0,51669.0,13924.0,4451,33.070255331377794,8.911924659546429,86.14449670014902,2.8612163,22250.44
Equatorial Guinea,2018,1616425.0,52372.0,14039.0,4363,32.39989482963948,8.685215831232505,83.30787443672192,2.9221482,20165.48
Equatorial Guinea,2019,1670184.0,53083.0,14186.0,4269,31.782725735607574,8.493674948388922,80.42122713486427,3.2794883,18446.592
Equatorial Guinea,2020,1716479.0,53813.0,14815.0,4182,31.35080592305528,8.63104063609284,77.71356363703939,3.7056072,17089.154
Equatorial Guinea,2021,1758796.0,54000.0,14844.0,4066,30.70282170302866,8.439864543699212,75.29629629629629,3.5103004,16821.45
Equatorial Guinea,2022,1803549.0,54328.0,14460.0,3958,30.12283004232211,8.017525445662967,72.85377705787072,2.8372636,16932.771
Estonia,2000,1397001.0,13011.0,18409.0,142,9.313522323892395,13.17751383141458,10.91384213357928,5.170291,20526.66
Estonia,2001,1388174.0,12652.0,18532.0,138,9.114131225624455,13.349911466430001,10.907366424280745,4.783992,21872.66
Estonia,2002,1379438.0,12973.0,18381.0,98,9.404554608470987,13.3249917720115,7.5541509288522315,4.7019267,23537.715
Estonia,2003,1370849.0,13049.0,18207.0,117,9.518918567982324,13.281550338512849,8.966204306843435,5.137489,25485.162
Estonia,2004,1362682.0,13953.0,17760.0,108,10.239366191084935,13.033121447263557,7.740270909481832,5.3364105,27381.535
Estonia,2005,1354847.0,14372.0,17327.0,103,10.607839852027572,12.788897934600733,7.16671305315892,5.2943463,30161.2
Estonia,2006,1346885.0,14923.0,17333.0,86,11.079639315902991,12.868953177145785,5.762916303692287,4.973087,33301.496
Estonia,2007,1340709.0,15787.0,17431.0,99,11.775113018559583,13.001329893362394,6.270982453917781,5.184294,35986.516
Estonia,2008,1337078.0,16043.0,16684.0,96,11.998552066521174,12.477955661524609,5.98391821978433,5.956941,34233.766
Estonia,2009,1334528.0,15796.0,16123.0,71,11.83639459044696,12.081425043161326,4.494808812357559,6.844438,29281.68
Estonia,2010,1331450.0,15822.0,15777.0,76,11.883285140260618,11.849487400953848,4.803438250537226,6.594042,30067.502
Estonia,2011,1327366.0,14750.0,15245.0,46,11.112232797886943,11.485151796866877,3.1186440677966103,6.0547166,32453.102
Estonia,2012,1322615.0,14097.0,15448.0,65,10.658430457842986,11.679891729641657,4.610910122721146,6.037821,33765.43
Estonia,2013,1317920.0,13585.0,15249.0,45,10.307909433046012,11.570505038242079,3.312476996687523,6.197885,34481.016
Estonia,2014,1314457.0,13599.0,15508.0,52,10.34571690059089,11.798027626616923,3.8238105743069344,6.2628613,35720.3
Estonia,2015,1314580.0,13819.0,15259.0,48,10.51210272482466,11.607509622845319,3.473478544033577,6.5213866,36353.06
Estonia,2016,1315850.0,14027.0,15388.0,39,10.660029638636622,11.694342060265228,2.7803521779425395,6.569186,37466.555
Estonia,2017,1317430.0,13804.0,15567.0,43,10.477976059449079,11.816187577328586,3.115039119095914,6.466361,39529.785
Estonia,2018,1321972.0,14309.0,15756.0,37,10.823981143322248,11.918558032999186,2.5857851701726187,6.563144,40849.848
Estonia,2019,1326822.0,14079.0,15399.0,32,10.61106915622442,11.605927547176638,2.272888699481497,6.6476355,42215.035
Estonia,2020,1329675.0,13235.0,15308.0,28,9.953560080470792,11.512587662398706,2.1156025689459765,7.4717937,40916.72
Estonia,2021,1331750.0,13118.0,17632.0,39,9.850197109067018,13.239722170076966,2.9730141789906996,7.4759107,44247.418
Estonia,2022,1350093.0,11481.0,17078.0,31,8.503858623072633,12.649498960441985,2.7001132305548294,6.9364142,43124.62
Eswatini,2000,1041428.0,33940.0,15112.0,3753,32.58986699032482,14.510844724743333,110.57748968768415,4.6095176,6106.0747
Eswatini,2001,1051066.0,34097.0,16273.0,3906,32.44039860484499,15.482376939221705,114.55553274481626,5.1389537,6135.453
Eswatini,2002,1059456.0,34164.0,17245.0,3946,32.24673794853208,16.277221517458017,115.5016976934785,5.522983,6335.8135
Eswatini,2003,1066706.0,34489.0,18098.0,3979,32.332245248456466,16.966249369554497,115.37011800864043,6.378644,6578.302
Eswatini,2004,1073170.0,34939.0,18958.0,3979,32.55681765237567,17.66542113551441,113.88419817396033,6.814325,6775.2217
Eswatini,2005,1079022.0,35106.0,19158.0,3920,32.53501782169409,17.754966997892538,111.66182418959723,7.3762336,7142.1924
Eswatini,2006,1084442.0,34954.0,18822.0,3796,32.23224478579767,17.356391582030206,108.59987412027236,7.8256006,7584.72
Eswatini,2007,1090713.0,35081.0,18488.0,3638,32.163364698137826,16.950380164167843,103.70285909751716,7.9300413,7866.731
Eswatini,2008,1098098.0,35446.0,18173.0,3465,32.27945046799101,16.549524723658546,97.75433053094848,8.857929,7926.3794
Eswatini,2009,1105158.0,35242.0,17582.0,3213,31.8886530251783,15.90903744080032,91.16962714942397,8.632922,7988.5977
Eswatini,2010,1111651.0,34313.0,16657.0,2913,30.866701869561577,14.984019265039116,84.89493777868447,8.591257,8245.642
Eswatini,2011,1117845.0,33985.0,16337.0,2659,30.402247180959794,14.614727444323677,78.24040017654848,8.469973,8350.892
Eswatini,2012,1123870.0,33662.0,15358.0,2444,29.95186275992775,13.66528157171203,72.60412334382983,7.820476,8645.845
Eswatini,2013,1130000.0,33500.0,14597.0,2281,29.646017699115045,12.917699115044249,68.08955223880598,7.457034,8951.058
Eswatini,2014,1136305.0,32975.0,13867.0,2158,29.019497406066154,12.20358970522879,65.44351781652767,7.2559657,9084.494
Eswatini,2015,1142822.0,32350.0,13126.0,2038,28.307120443953654,11.485603182297856,62.9984544049459,7.0585527,9186.653
Eswatini,2016,1149516.0,31753.0,12521.0,1950,27.622929998364526,10.892410370973522,61.4115201713224,6.820448,9402.509
Eswatini,2017,1158198.0,31186.0,11907.0,1863,26.926311390625784,10.28062559251527,59.73834412877573,6.981037,9660.552
Eswatini,2018,1168933.0,30873.0,11480.0,1794,26.411265658510793,9.820922157215168,58.109027305412496,7.3193774,9578.101
Eswatini,2019,1179885.0,30546.0,11059.0,1722,25.888963754942218,9.37294736351424,56.37399332154783,8.400338,10099.586
Eswatini,2020,1192734.0,30283.0,11382.0,1654,25.389567162502285,9.542781542238252,54.618102565795986,7.0983777,9695.825
Eswatini,2021,1206598.0,30113.0,12797.0,1599,24.95694506372462,10.605852156227675,53.09999003752532,7.4055214,9990.435
Eswatini,2022,1218921.0,29999.0,9874.0,1531,24.61111097437816,8.100607012267407,51.03503450115004,7.244913,9927.605
Ethiopia,2000,67411496.0,3073321.0,989649.0,422897,45.59045833962801,14.68071558595881,137.60261293890224,4.365047,810.27075
Ethiopia,2001,69487767.0,3126035.0,988227.0,410477,44.9868391943002,14.221596730831774,131.30915040938442,4.723167,851.3134
Ethiopia,2002,71635521.0,3170909.0,981215.0,397270,44.26447879118517,13.697324822974345,125.28584074787388,4.71263,838.29803
Ethiopia,2003,73832664.0,3199498.0,968216.0,382522,43.334451537601296,13.113653870054046,119.55688048562618,4.899709,795.77216
Ethiopia,2004,76077211.0,3249389.0,952416.0,367337,42.71172611729944,12.519070921251306,113.0480222589539,4.3128185,877.1145
Ethiopia,2005,78367476.0,3299599.0,946205.0,353696,42.10418873258085,12.073950167796651,107.19363171100488,4.100981,952.11566
Ethiopia,2006,80703495.0,3315760.0,922188.0,338535,41.085705148209506,11.426865713808306,102.09876468743215,4.457573,1024.7291
Ethiopia,2007,83103218.0,3328656.0,891885.0,321598,40.054477794109005,10.732255879670028,96.61497012608092,5.001283,1109.1433
Ethiopia,2008,85543670.0,3326467.0,861173.0,305019,38.8861852665428,10.067056978032388,91.69458166877952,4.2806387,1193.7473
Ethiopia,2009,88007641.0,3303639.0,836528.0,288473,37.53809285718725,9.505174670003937,87.3197707134466,4.6496563,1262.464
Ethiopia,2010,90538518.0,3311116.0,813004.0,273041,36.57135187478991,8.979647756107518,82.46192522400302,5.4663725,1381.1904
Ethiopia,2011,93149977.0,3322715.0,794916.0,259188,35.6705938853855,8.533721913855116,78.00488455976513,4.4689775,1492.5339
Ethiopia,2012,95798771.0,3311138.0,777661.0,244894,34.56347054807207,8.117651112664065,73.96067454754227,4.5395956,1576.7688
Ethiopia,2013,98438752.0,3311894.0,765886.0,232641,33.6442095486948,7.7803302504282055,70.24409597650167,4.075065,1696.8651
Ethiopia,2014,101115615.0,3378040.0,754413.0,223005,33.40769870212429,7.460895134742542,66.01609217179193,4.033655,1821.3916
Ethiopia,2015,103867140.0,3461995.0,748488.0,215591,33.33099380612579,7.206205928073113,62.27363124441254,3.8231683,1957.4146
Ethiopia,2016,106718163.0,3556850.0,746898.0,209893,33.32937805535502,6.99878988734092,59.010922585996035,3.6003375,2084.8406
Ethiopia,2017,109666482.0,3643314.0,744213.0,204131,33.22176414850255,6.786148205246522,56.028934096814055,3.4533691,2222.8281
Ethiopia,2018,112664157.0,3762273.0,747101.0,200749,33.39369947089738,6.631221675940823,53.35843518000953,3.3037176,2311.165
Ethiopia,2019,115737384.0,3882927.0,750136.0,197923,33.54946228955719,6.481363014045661,50.972629668288896,3.2428713,2437.9705
Ethiopia,2020,118917670.0,3961198.0,761473.0,194814,33.31042392606583,6.403362931682063,49.18057617922659,3.4809628,2516.549
Ethiopia,2021,122138588.0,4015397.0,810770.0,190762,32.87574439619361,6.638115056643687,47.50763125040936,3.2077997,2588.413
Ethiopia,2022,125384285.0,4064120.0,763985.0,186144,32.413312401948936,6.093147957098451,45.80179719102782,2.852981,2655.5928
Fiji,2000,840913.0,20457.0,5731.0,470,24.327130154962525,6.815211561719226,22.975020775284744,3.4244118,9070.993
Fiji,2001,849606.0,20621.0,5900.0,468,24.27125043843852,6.944395402104034,22.695310605693223,2.905473,9157.809
Fiji,2002,858057.0,20884.0,6415.0,473,24.338709433056312,7.476193306505278,22.648917831832982,2.9834952,9357.754
Fiji,2003,866297.0,21021.0,6492.0,482,24.26535010510252,7.493965695367755,22.929451500880074,2.972982,9361.464
Fiji,2004,874369.0,21096.0,6573.0,488,24.127113381192608,7.517421134555319,23.132347364429275,3.2576854,9766.527
Fiji,2005,882384.0,21180.0,6679.0,487,24.003155088940872,7.569266895138624,22.99338999055713,3.2565668,9745.581
Fiji,2006,890370.0,21336.0,6782.0,492,23.963071532059704,7.617058076979233,23.059617547806525,3.347982,9837.086
Fiji,2007,897843.0,21293.0,6942.0,491,23.715727582662,7.731864034135144,23.059221340346593,3.41515,9672.29
Fiji,2008,903403.0,21043.0,7045.0,482,23.29303754802674,7.798291570871472,22.905479256759968,3.1846712,9711.966
Fiji,2009,907248.0,20720.0,7175.0,474,22.838297797294675,7.908532176428055,22.876447876447877,3.5358763,9536.817
Fiji,2010,910427.0,20328.0,7099.0,455,22.327984561090567,7.797440102281676,22.38292011019284,3.4166412,9784.304
Fiji,2011,912991.0,19867.0,7208.0,438,21.760345939883308,7.894929960974424,22.046609956208787,3.142935,10020.695
Fiji,2012,914920.0,19747.0,8028.0,436,21.5833078301928,8.774537664495256,22.07930318529397,3.26555,10140.693
Fiji,2013,916359.0,19697.0,7723.0,423,21.494850817201556,8.427919625386993,21.475351576382188,3.2004068,10604.156
Fiji,2014,917589.0,19537.0,7856.0,422,21.291667620252642,8.56156732480446,21.600040947944926,3.3686047,11183.313
Fiji,2015,918585.0,19288.0,8074.0,423,20.997512478431503,8.789605752325588,21.930734135213605,3.3246894,11674.063
Fiji,2016,919167.0,18889.0,8078.0,438,20.5501285402979,8.788392098497878,23.18809889353592,3.279797,11951.92
Fiji,2017,918762.0,18401.0,7988.0,433,20.02803772903102,8.694308210396164,23.531329819031576,3.1868956,12597.327
Fiji,2018,917185.0,17977.0,8196.0,442,19.60018971090892,8.936037985793488,24.58697224230962,4.1057262,13100.096
Fiji,2019,914906.0,17590.0,8316.0,449,19.22601884783792,9.089458370586705,25.525866969869245,4.282293,13056.331
Fiji,2020,914971.0,17227.0,8495.0,458,18.827919136234918,9.28444726663468,26.586172868172056,5.289874,10812.035
Fiji,2021,916718.0,17005.0,10225.0,465,18.549870298172394,11.153920834978695,27.34489855924728,7.060847,10322.428
Fiji,2022,919428.0,16772.0,8548.0,471,18.241776408810694,9.297084709188757,28.082518483186263,4.0175295,12118.318
Finland,2000,5176197.0,56622.0,49359.0,250,10.938919055824188,9.535765350507331,4.415244957790258,7.0954437,46968.84
Finland,2001,5187970.0,56012.0,48474.0,216,10.796515785557741,9.343538995021174,3.85631650360637,7.2516565,48099.3
Finland,2002,5200548.0,55506.0,49397.0,206,10.673105988061259,9.498422089364428,3.7113104889561486,7.630059,48792.49
Finland,2003,5212958.0,56467.0,48935.0,223,10.83204583654808,9.38718478069457,3.949209272672534,7.9398828,49655.547
Finland,2004,5228147.0,57509.0,47539.0,238,10.999881984955664,9.092896584583409,4.138482672277383,8.059992,51494.707
Finland,2005,5246078.0,57577.0,47892.0,240,10.975246650926653,9.129105590881418,4.168331104434062,8.289013,52744.047
Finland,2006,5266248.0,58580.0,48011.0,195,11.123669071414792,9.11673738114878,3.328781153977467,8.285843,54653.98
Finland,2007,5288715.0,58547.0,49037.0,206,11.070174891254304,9.272006527105356,3.5185406596409723,8.084156,57313.293
Finland,2008,5313379.0,59278.0,49104.0,198,11.156365845538215,9.241576781931046,3.340193663753838,8.343622,57494.586
Finland,2009,5338854.0,60151.0,49871.0,189,11.266650108806122,9.341143249094282,3.1420924007913418,9.161828,52599.15
Finland,2010,5363347.0,60608.0,50861.0,176,11.300406257510469,9.483070925673838,2.903907074973601,9.141833,54017.945
Finland,2011,5388236.0,59735.0,50578.0,179,11.086188503992773,9.386745495186181,2.9965681761111576,9.239036,55053.39
Finland,2012,5413978.0,59183.0,51570.0,179,10.93151837706027,9.525343472027407,3.0245171755402733,9.617321,53957.668
Finland,2013,5439057.0,57898.0,51422.0,135,10.644859945391268,9.454212375417283,2.331686759473557,9.84505,53183.43
Finland,2014,5461686.0,56935.0,52237.0,154,10.424436703245116,9.5642627569582,2.7048388513216826,9.830662,52710.734
Finland,2015,5479719.0,55202.0,52403.0,118,10.073874226032393,9.563081610571638,2.137603710010507,9.699983,52782.49
Finland,2016,5495468.0,52612.0,53889.0,121,9.573706916317226,9.806080210093116,2.2998555462632098,9.456256,53984.633
Finland,2017,5508398.0,50135.0,53683.0,133,9.101557294879564,9.745664710502037,2.652837339184203,9.191484,55637.227
Finland,2018,5515730.0,47488.0,54438.0,128,8.609558480926369,9.869591151125961,2.6954177897574128,9.10587,56226.336
Finland,2019,5521754.0,45598.0,54091.0,118,8.257883274046616,9.795981494286055,2.5878327996841968,9.222952,56922.49
Finland,2020,5529616.0,46440.0,55418.0,110,8.398413199035883,10.022034079762502,2.3686477174849268,9.699772,55424.86
Finland,2021,5541069.0,49488.0,57578.0,108,8.931128632399272,10.391135717674695,2.1823472356935016,9.909698,56790.375
Finland,2022,5569300.0,44707.0,63005.0,136,8.02740021187582,11.312911856068087,3.0420292124275843,9.741526,57068.305
France,2000,59483716.0,781114.0,533651.0,4297,13.13156024078926,8.97137966296524,5.501117634557824,9.61744,45922.48
France,2001,59905131.0,777770.0,533530.0,4312,12.983361976121879,8.906248781928213,5.544055440554406,9.757193,46454.87
France,2002,60327247.0,767569.0,538419.0,3907,12.723421640639428,8.924972160589395,5.090096134679749,10.082501,46610.78
France,2003,60741119.0,766772.0,555159.0,3874,12.623606753112336,9.139755887605562,5.052349329396483,10.134749,46730.977
France,2004,61175244.0,773113.0,512739.0,3739,12.637677423893887,8.38147862556952,4.836291719321755,10.211703,47720.44
France,2005,61625031.0,778088.0,530938.0,3454,12.62616809069029,8.615622440822788,4.439086581466364,10.2372055,48257.465
France,2006,62049831.0,799529.0,520988.0,3636,12.885272805980728,8.396283947977231,4.5476774450958,10.39765,49223.246
France,2007,62432438.0,788147.0,525959.0,3483,12.623998441323083,8.424450763880149,4.419226362594795,10.334188,50157.785
France,2008,62780187.0,799073.0,537248.0,3565,12.728107993689155,8.557604328257257,4.4614196700426625,10.513407,50068.297
France,2009,63106460.0,797096.0,543934.0,3576,12.630973120659913,8.61930775391299,4.486285215331654,11.290955,48404.965
France,2010,63417366.0,804924.0,546963.0,3401,12.692485525179334,8.624814218868693,4.225243625485138,11.224308,49130.42
France,2011,63733776.0,793347.0,541294.0,3174,12.447826722207704,8.493047705191671,4.000771415282341,11.17601,50085.684
France,2012,64058465.0,789607.0,565755.0,3265,12.326349062532172,8.831853838520795,4.134968408334779,11.337495,49935.625
France,2013,64387736.0,781055.0,565959.0,3332,12.130493297667742,8.7898571243443,4.266024799790028,11.378912,50066.53
France,2014,64692495.0,780384.0,554615.0,3191,12.06297577485611,8.573096461962088,4.089012588674294,11.579354,50326.566
France,2015,64916337.0,760246.0,590330.0,3258,11.711166019733984,9.093704717196227,4.285454971154074,11.50033,50682.895
France,2016,65086853.0,744662.0,588731.0,3144,11.441050929286748,9.045313651898333,4.2220497353161575,11.57036,50984.074
France,2017,65284775.0,724569.0,603186.0,3205,11.098590751059493,9.239305795263903,4.423319242197776,11.449446,51895.566
France,2018,65519537.0,717219.0,604984.0,3181,10.946643289008591,9.233642783525775,4.435186463269935,11.308476,52560.953
France,2019,65729460.0,711582.0,608888.0,3129,10.825921892557766,9.263547882486787,4.39724444969097,11.170583,53448.555
France,2020,65905273.0,695934.0,664553.0,2809,10.559610306143487,10.083457206830781,4.036302293033534,12.129494,49311.332
France,2021,66083547.0,702274.0,654168.0,2987,10.627062739232203,9.899105446019718,4.253325625040938,12.248942,52517.336
France,2022,66277412.0,687577.0,658801.0,3078,10.374228251398833,9.940053181316133,4.476589531063429,11.828888,53673.812
Gabon,2000,1275578.0,42641.0,12432.0,3474,33.4287671941661,9.746169971573671,81.47088482915504,2.904711,21717.225
Gabon,2001,1309594.0,43515.0,12578.0,3482,33.22785535058957,9.60450338043699,80.01838446512696,3.151982,21604.781
Gabon,2002,1345142.0,44492.0,12718.0,3487,33.07606185815327,9.454763883664327,78.37364020498066,3.329707,20981.48
Gabon,2003,1382354.0,45437.0,12801.0,3466,32.86929397245568,9.260290779351743,76.28144463763012,3.5364847,20875.455
Gabon,2004,1421620.0,46555.0,12934.0,3453,32.7478510431761,9.098071214529902,74.17033616152938,3.364986,20438.932
Gabon,2005,1463503.0,47830.0,13066.0,3439,32.68185989369342,8.927894237319636,71.90048086974703,2.9217517,20385.29
Gabon,2006,1508338.0,49190.0,13201.0,3423,32.61205379696063,8.752017120831008,69.58731449481601,3.1462393,19224.127
Gabon,2007,1556242.0,50710.0,13310.0,3407,32.58490646056333,8.552654407219443,67.18595937684876,3.0834198,19751.877
Gabon,2008,1607182.0,52422.0,13421.0,3390,32.6173389199232,8.350641059942184,64.66750600892755,2.8476067,18493.092
Gabon,2009,1661567.0,54613.0,13575.0,3390,32.86837064048576,8.16999856159878,62.07313277058576,3.7807667,17911.146
Gabon,2010,1719883.0,56810.0,13747.0,3396,33.03131666514524,7.992985569367219,59.778208061960925,2.475569,18530.576
Gabon,2011,1781987.0,58825.0,13903.0,3387,33.01090299760885,7.8019648852657175,57.57756056098597,2.5577157,19153.088
Gabon,2012,1846893.0,60005.0,14066.0,3342,32.4897002695879,7.616034063695081,55.695358720106654,2.4209757,19450.402
Gabon,2013,1913061.0,61063.0,14232.0,3270,31.91900310549428,7.439386407438132,53.55125034800125,2.840872,19836.455
Gabon,2014,1978400.0,62091.0,14387.0,3181,31.384452082490903,7.272038010513547,51.231257348085876,2.5328226,20008.99
Gabon,2015,2040990.0,63444.0,14567.0,3099,31.084914673761265,7.137222622354837,48.8462265935313,2.6574395,20147.71
Gabon,2016,2100310.0,65074.0,14753.0,3031,30.98304535997067,7.024201189348239,46.57774226265483,3.1076982,19988.176
Gabon,2017,2156902.0,66377.0,14923.0,2965,30.774230818090018,6.918719533849939,44.669087183813666,2.7806888,19555.707
Gabon,2018,2212320.0,67558.0,15086.0,2917,30.53717364576553,6.819085846532147,43.17771396429734,2.752351,19225.598
Gabon,2019,2267711.0,68362.0,15174.0,2868,30.145816640656594,6.691328833347812,41.95313185687955,2.7683704,19491.406
Gabon,2020,2322538.0,68609.0,15865.0,2807,29.540528508037326,6.830889311606526,40.9129997522191,3.440127,18681.484
Gabon,2021,2376729.0,68779.0,16168.0,2729,28.938511710842928,6.802626635178012,39.67780863344916,2.7925413,18523.58
Gabon,2022,2430750.0,68791.0,15849.0,2648,28.30031883163633,6.520209811786486,38.49340756785045,2.8908718,18662.049
Gambia,2000,1455095.0,59739.0,16487.0,6645,41.055051388397324,11.330531683498329,111.23386732285441,10.785328,2658.6177
Gambia,2001,1495023.0,60574.0,16419.0,6448,40.517102412471246,10.982439735040865,106.44831115660185,8.299257,2737.696
Gambia,2002,1535700.0,61469.0,16309.0,6262,40.026697922771376,10.619912743374357,101.87248857147506,6.2326026,2578.5571
Gambia,2003,1577619.0,62676.0,16200.0,6095,39.72822335430798,10.268639005995743,97.24615482800434,5.2970905,2682.48
Gambia,2004,1621309.0,64380.0,16098.0,5962,39.70865516690526,9.929014148444251,92.60639950295123,5.4200015,2794.1936
Gambia,2005,1667035.0,66158.0,16149.0,5866,39.68602938750536,9.687259115735424,88.66652559025363,5.386024,2653.6423
Gambia,2006,1715285.0,68412.0,16077.0,5758,39.88375109675651,9.372786446567188,84.16652049348068,5.437208,2564.6865
Gambia,2007,1765778.0,69813.0,16162.0,5648,39.53668014892019,9.1529059711923,80.90183776660507,4.9550195,2567.1572
Gambia,2008,1817859.0,71170.0,16139.0,5525,39.15045116260392,8.878026293568423,77.63102430799495,4.6593876,2649.611
Gambia,2009,1871428.0,72876.0,16297.0,5437,38.94138593630105,8.70832326971703,74.60618036116144,4.4643064,2745.3254
Gambia,2010,1926634.0,74892.0,16339.0,5340,38.87193935122083,8.480593615601094,71.30267585322865,4.1194406,2824.2126
Gambia,2011,1983785.0,76987.0,16415.0,5249,38.808136970488235,8.274586207678755,68.18034213568525,4.3696737,2519.8398
Gambia,2012,2043097.0,79300.0,16554.0,5177,38.813624610089484,8.102405318983875,65.28373266078184,4.2687225,2574.935
Gambia,2013,2103825.0,80149.0,16638.0,5054,38.09679987641558,7.908452461587822,63.0575553032477,3.9137487,2572.4473
Gambia,2014,2164535.0,79887.0,16703.0,4894,36.90723411725844,7.716668938132209,61.261531913828286,3.0523458,2465.1096
Gambia,2015,2224530.0,79517.0,16691.0,4712,35.745528268892755,7.50315797044769,59.257768779003236,3.176129,2495.9575
Gambia,2016,2283775.0,79003.0,16644.0,4519,34.59316263642434,7.287933355956695,57.20035948001974,3.1952372,2478.4604
Gambia,2017,2342191.0,78349.0,16682.0,4331,33.45115748459455,7.122390957868082,55.278306040919475,3.3544927,2533.1868
Gambia,2018,2399633.0,77566.0,16709.0,4130,32.32410956175382,6.963148114732545,53.24497846994817,3.1850123,2651.4329
Gambia,2019,2456847.0,78424.0,16728.0,3989,31.920587647501048,6.808726794953044,50.864531265939,3.1453493,2750.8213
Gambia,2020,2515744.0,79308.0,17101.0,3863,31.52467023671725,6.79759148784614,48.70883139153679,4.0143695,2702.319
Gambia,2021,2576015.0,80297.0,18060.0,3760,31.171014143939377,7.010828741292268,46.82615788883769,3.7432148,2777.7961
Gambia,2022,2636472.0,81126.0,17491.0,3660,30.770666253993973,6.634244551051557,45.115006286517264,3.5369773,2863.1804
Georgia,2000,4328361.0,53896.0,48926.0,1951,12.451826453477425,11.30358581458432,36.19934689030726,7.194592,5706.2725
Georgia,2001,4209641.0,51559.0,47949.0,1739,12.24783776098722,11.39028244926349,33.72835004557885,7.169509,6074.0864
Georgia,2002,4127854.0,50385.0,48073.0,1563,12.206100312656407,11.646002983632657,31.02113724322715,7.8147426,6464.325
Georgia,2003,4085489.0,49565.0,47000.0,1405,12.131962661018058,11.504130839662034,28.346615555331383,8.029529,7227.737
Georgia,2004,4056076.0,49993.0,49700.0,1284,12.32545938488332,12.253222079665173,25.683595703398474,8.089108,7693.915
Georgia,2005,4026135.0,50581.0,48927.0,1175,12.563165417950465,12.152349585893171,23.23006662580811,8.077342,8485.587
Georgia,2006,3996584.0,51580.0,49367.0,1080,12.906021742568154,12.352298863229198,20.93834819697557,7.63208,9337.989
Georgia,2007,3967592.0,53922.0,50272.0,1015,13.590611131386492,12.670657668429618,18.823485775750157,7.4351783,10567.274
Georgia,2008,3941192.0,57925.0,49753.0,978,14.697330147833446,12.62384578066737,16.883901596892535,8.444241,10856.104
Georgia,2009,3918935.0,62464.0,49924.0,956,15.939024250210835,12.739175311659928,15.304815573770492,9.566816,10553.09
Georgia,2010,3895932.0,60923.0,50123.0,870,15.637593263948139,12.865470957911997,14.28032106101144,9.021237,11294.368
Georgia,2011,3868724.0,57981.0,48726.0,773,14.987112029702818,12.594850395117357,13.331953570997396,7.882243,12288.683
Georgia,2012,3839208.0,57037.0,48197.0,711,14.85644955938829,12.553891323418787,12.465592510125006,7.9516897,13193.96
Georgia,2013,3809128.0,57385.0,46990.0,671,15.065127766774967,12.336156726683903,11.692951119630566,8.005746,13913.002
Georgia,2014,3792921.0,61027.0,47682.0,668,16.089710278700768,12.57131377110148,10.945974732495452,8.294084,14475.313
Georgia,2015,3791570.0,60745.0,47404.0,646,16.021067789860137,12.50247259051,10.634620133344308,8.659949,14936.844
Georgia,2016,3792061.0,59981.0,48448.0,619,15.817519813104273,12.776165784252942,10.319934645971223,9.072589,15442.956
Georgia,2017,3792860.0,56531.0,47998.0,578,14.904583876019679,12.654830391841513,10.22447860465939,8.701403,16237.624
Georgia,2018,3794881.0,54396.0,45833.0,547,14.33404631133361,12.07758556855933,10.055886462239872,7.755246,17228.68
Georgia,2019,3796722.0,51592.0,45872.0,514,13.588564029707731,12.082001263194934,9.962784927895797,7.312914,18186.88
Georgia,2020,3795680.0,49546.0,49205.0,486,13.053260548834464,12.963421573999916,9.809066322205627,9.2299185,17031.145
Georgia,2021,3788450.0,48797.0,58125.0,469,12.880465625783632,15.342686322902507,9.61124659302826,10.538355,18915.654
Georgia,2022,3794782.0,44065.0,46344.0,426,11.611997737946476,12.21255924582756,9.667536593668444,8.296343,20966.527
Germany,2000,81797255.0,765246.0,842094.0,4113,9.355399517991161,10.294893147697927,5.374742239750355,9.759304,49955.645
Germany,2001,81933882.0,734433.0,831801.0,3920,8.963727606608462,10.152100446064548,5.337450795375481,9.781055,50687.65
Germany,2002,82068328.0,719663.0,845078.0,3744,8.769071059909981,10.297248897284712,5.202435028617561,10.028965,50487.0
Germany,2003,82111619.0,709346.0,858172.0,3670,8.638801775422307,10.451285828379538,5.173779791526279,10.222553,50191.723
Germany,2004,82092706.0,710544.0,823277.0,3580,8.655385290868594,10.028625442070334,5.038393118512013,9.974663,50786.02
Germany,2005,82046733.0,692239.0,834531.0,3301,8.437130580202384,10.171410481389916,4.768584260638305,10.106806,51264.82
Germany,2006,81701971.0,686327.0,825844.0,3171,8.400372617693643,10.108005839908074,4.620246617137313,9.962369,53307.164
Germany,2007,81298546.0,678771.0,832286.0,3206,8.34911610842339,10.237403261800033,4.723242448484099,9.834829,54920.66
Germany,2008,81110780.0,676158.0,850069.0,2908,8.336228550631617,10.48034552250638,4.300769938387182,10.0318575,55513.758
Germany,2009,80935276.0,660439.0,860708.0,2834,8.160088315507814,10.634522331152612,4.291085172135504,10.970031,52568.797
Germany,2010,80830916.0,676779.0,861870.0,2860,8.372774100444438,10.662628145894079,4.225899444279447,10.831174,54826.254
Germany,2011,80857877.0,668838.0,855247.0,2898,8.271772952930732,10.577163681900776,4.332887784485929,10.52107,57950.957
Germany,2012,80916391.0,681427.0,872413.0,2680,8.421371635321698,10.781659799928546,3.9329231157556133,10.593562,58110.375
Germany,2013,81041581.0,679660.0,899824.0,2682,8.386558993709661,11.103238472112237,3.946090692405026,10.743213,58182.08
Germany,2014,81376078.0,710760.0,876321.0,2710,8.734262174689718,10.768779001612735,3.8128200799144576,10.768197,59203.234
Germany,2015,82077546.0,732501.0,931621.0,2857,8.924499277792735,11.350497735397694,3.9003359722375803,10.923177,59668.99
Germany,2016,82760102.0,788207.0,916758.0,3211,9.523997445049064,11.07729422566444,4.0738029477028235,10.971337,60504.586
Germany,2017,83104010.0,784399.0,938508.0,2983,9.438762341311808,11.293173458176085,3.8029115284440698,11.050911,61965.434
Germany,2018,83368507.0,787696.0,961486.0,2994,9.448363996730803,11.532964120372217,3.80095874550588,11.183808,62481.117
Germany,2019,83559184.0,778799.0,946647.0,2956,9.320327972566128,11.329059891250255,3.7955878217614556,11.428054,62949.895
Germany,2020,83628711.0,775194.0,990849.0,2783,9.269472059661425,11.848191705358223,3.5900690665820427,12.467808,60299.58
Germany,2021,83697080.0,795669.0,956995.0,2826,9.506532366481602,11.434030912428486,3.5517281683715214,12.724033,62630.773
Germany,2022,84086227.0,730553.0,1082759.0,2938,8.68814104359802,12.876769937602266,4.0216110261678475,12.447083,63777.93
Ghana,2000,19637085.0,704930.0,196200.0,67913,35.89789421393246,9.991299625173491,96.3400621338289,1.6634324,3327.352
Ghana,2001,20167073.0,718360.0,198969.0,67061,35.62043931709872,9.866032616632072,93.35291497299404,1.8686633,3369.507
Ghana,2002,20729392.0,730160.0,201526.0,65979,35.22341610405168,9.721751607572475,90.36238632628465,1.9469459,3425.6182
Ghana,2003,21296710.0,740673.0,204021.0,64848,34.778752211022265,9.579930421177732,87.5528067041731,2.1493528,3507.751
Ghana,2004,21868298.0,749683.0,206353.0,63637,34.281725994405235,9.4361710271188,84.88521148272004,2.3695529,3607.3652
Ghana,2005,22449446.0,772338.0,209090.0,63029,34.40343249450343,9.313815583689683,81.60805243300213,3.273441,3721.3079
Ghana,2006,23040704.0,780543.0,211072.0,61905,33.876699253633916,9.160831196824542,79.31017253373612,3.672088,3857.8616
Ghana,2007,23642284.0,785474.0,213148.0,60472,33.22327064508657,9.015541814826351,76.98790793839134,3.7090032,3923.1257
Ghana,2008,24249945.0,795141.0,215447.0,59025,32.789393955326496,8.884432521393348,74.23211732258807,3.7253351,4174.7812
Ghana,2009,24862667.0,810162.0,217337.0,57708,32.58548248263149,8.7414998559889,71.2301984047635,4.1771774,4269.16
Ghana,2010,25475000.0,832331.0,219199.0,56547,32.67246319921492,8.604474975466143,67.93811596588377,4.5230293,4495.689
Ghana,2011,26095091.0,852913.0,221411.0,55340,32.68480650249505,8.484775929694976,64.8835227039569,4.4637465,5005.367
Ghana,2012,26734273.0,869374.0,222783.0,53954,32.519081405355585,8.333235768184158,62.06074715830011,3.9302366,5339.7134
Ghana,2013,27386193.0,882362.0,223724.0,52466,32.21922813441065,8.169226003774968,59.460856201876325,4.592254,5593.775
Ghana,2014,28041592.0,884637.0,223798.0,50631,31.54731728498154,7.980930611928167,57.23364498658772,4.0164413,5619.0723
Ghana,2015,28696071.0,892841.0,225111.0,48985,31.113701941983628,7.844662776308296,54.86419194459036,4.5429926,5607.366
Ghana,2016,29356736.0,885765.0,225850.0,46970,30.17246195217343,7.693293968375776,53.02760890303861,3.3903582,5666.078
Ghana,2017,30008364.0,868011.0,226811.0,44608,28.925635532813452,7.558259423939272,51.391053800009445,2.6878698,5993.631
Ghana,2018,30637592.0,869738.0,228182.0,42855,28.387935970947066,7.4477785329865345,49.27345936362445,2.4300117,6234.512
Ghana,2019,31258943.0,871853.0,229443.0,41272,27.891314175274577,7.340075446569003,47.338255416910876,3.2545047,6508.2466
Ghana,2020,31887802.0,874684.0,237220.0,39801,27.430049898077012,7.439208259007629,45.50329033113673,4.433171,6412.6855
Ghana,2021,32518662.0,879105.0,243293.0,38481,27.033861356288277,7.4816423873774385,43.77292814851468,3.8603086,6607.503
Ghana,2022,33149152.0,881635.0,235201.0,37244,26.596004627810693,7.0952342913628685,42.244239396121976,3.6745915,6728.454
Greece,2000,10782638.0,106714.0,104968.0,672,9.896836006179564,9.734909026900468,6.29720561500834,7.5138893,31386.64
Greece,2001,10843166.0,106792.0,102535.0,636,9.848784017509278,9.456186504937765,5.955502284815342,8.24546,32675.93
Greece,2002,10890287.0,107716.0,103812.0,603,9.891015728051979,9.532531144496007,5.598054142374392,8.469987,34081.027
Greece,2003,10918467.0,107321.0,105880.0,567,9.829310286874522,9.6973320522011,5.283215773241025,8.68254,35970.703
Greece,2004,10947369.0,107602.0,105617.0,534,9.829028326349464,9.647706220553998,4.962733034701957,8.300022,37811.492
Greece,2005,10981340.0,108760.0,105137.0,511,9.904073637643492,9.574150331380322,4.698418536226554,8.761179,38146.965
Greece,2006,11016107.0,111920.0,106931.0,501,10.159668928415456,9.706786617087143,4.4764117226590425,8.395969,40483.156
Greece,2007,11045737.0,112280.0,111030.0,486,10.165007549971541,10.051841719570184,4.328464552903456,8.523049,41796.234
Greece,2008,11076874.0,117689.0,109146.0,489,10.624748462427217,9.853501989821316,4.15501873582068,8.948102,41709.387
Greece,2009,11108067.0,117910.0,109330.0,483,10.614808138985838,9.84239652137496,4.096344669663302,9.535813,39886.215
Greece,2010,11124666.0,114952.0,110511.0,471,10.333074269375818,9.93387127307912,4.097362377340107,9.619525,37566.75
Greece,2011,11108838.0,106648.0,112954.0,442,9.60028402610606,10.167940157197359,4.144475283174556,9.18577,33906.492
Greece,2012,11048291.0,100775.0,118408.0,423,9.121320211424553,10.717313655116435,4.197469610518482,9.043278,31250.227
Greece,2013,10967534.0,94435.0,113618.0,399,8.610413243305194,10.359484638935244,4.22512839519246,8.521839,30762.443
Greece,2014,10893169.0,92392.0,115949.0,389,8.481645699245096,10.644193622627173,4.210321239934194,7.943586,31213.377
Greece,2015,10820902.0,92051.0,122896.0,385,8.506776976632818,11.35727871853936,4.1824640688314085,8.2671995,31347.977
Greece,2016,10775506.0,93010.0,119987.0,389,8.631613216121824,11.135161541369843,4.1823459843027635,8.450975,31468.62
Greece,2017,10753532.0,88544.0,126469.0,376,8.23394583286682,11.760694067772336,4.246476328153235,8.113369,31995.41
Greece,2018,10730846.0,86431.0,122306.0,363,8.05444416963956,11.397610216379958,4.199881986787148,8.072678,32722.33
Greece,2019,10718581.0,83587.0,126944.0,350,7.7983270360134425,11.84335874310228,4.187253998827568,8.117095,33502.75
Greece,2020,10699370.0,84746.0,122910.0,324,7.920653272108545,11.487592260105034,3.823189295069974,9.380745,30487.113
Greece,2021,10579561.0,86163.0,133681.0,353,8.144288784761484,12.635779499735387,4.0968861344196466,9.031787,33528.227
Greece,2022,10412481.0,74165.0,146529.0,407,7.122702072637636,14.072438643585519,5.487763769972359,8.449383,35828.176
Grenada,2000,107466.0,1881.0,778.0,30,17.503210317681873,7.239499004336255,15.948963317384369,5.358864,11625.051
Grenada,2001,107998.0,1866.0,786.0,30,17.278097742550788,7.277912553936185,16.07717041800643,5.62457,11333.237
Grenada,2002,108414.0,1865.0,788.0,29,17.202575313151435,7.268433966092941,15.549597855227882,6.1756973,11677.703
Grenada,2003,108895.0,1867.0,795.0,28,17.144956150420132,7.3006106800128565,14.997321906802357,5.2848573,12726.526
Grenada,2004,109338.0,1866.0,834.0,35,17.066344729188387,7.62772320693629,18.756698821007504,5.3656845,12593.3545
Grenada,2005,109744.0,1868.0,794.0,27,17.021431695582447,7.235019682169413,14.453961456102784,5.144603,14211.843
Grenada,2006,110149.0,1862.0,795.0,27,16.9043749829776,7.217496300465733,14.500537056928035,5.1135216,13594.355
Grenada,2007,110532.0,1857.0,801.0,27,16.800564542394962,7.246770166105743,14.539579967689823,5.238679,14376.282
Grenada,2008,110911.0,1849.0,806.0,27,16.67102451515179,7.267088025533987,14.602487831260142,5.386199,14463.56
Grenada,2009,111266.0,1836.0,814.0,27,16.50099760933259,7.3158017723293725,14.705882352941176,5.43471,13463.58
Grenada,2010,111600.0,1815.0,825.0,26,16.263440860215052,7.39247311827957,14.325068870523415,5.418812,13354.908
Grenada,2011,112093.0,1795.0,838.0,26,16.013488799479003,7.475935160982399,14.484679665738161,5.8042336,13397.85
Grenada,2012,112792.0,1780.0,859.0,26,15.781261082346267,7.615788353783956,14.606741573033709,5.8223577,13161.3955
Grenada,2013,113499.0,1748.0,871.0,27,15.401016749046248,7.674076423580824,15.446224256292906,5.626529,13386.319
Grenada,2014,114148.0,1658.0,891.0,26,14.525002628166941,7.805655815257385,15.681544028950542,4.7735357,14287.954
Grenada,2015,114691.0,1589.0,911.0,26,13.854618060702235,7.943081846003611,16.36249213341724,4.646756,15136.696
Grenada,2016,115147.0,1503.0,928.0,25,13.05288023135644,8.059263376379757,16.6333998669328,4.4391003,15640.827
Grenada,2017,115448.0,1344.0,946.0,22,11.641604878386806,8.19416533850738,16.36904761904762,4.6570106,16291.489
Grenada,2018,115703.0,1434.0,965.0,23,12.393801370750975,8.340319611418892,16.03905160390516,4.5837374,16964.852
Grenada,2019,115995.0,1446.0,986.0,22,12.46605457131773,8.500366395103237,15.214384508990317,4.931896,17036.916
Grenada,2020,116353.0,1434.0,998.0,22,12.324564042181981,8.577346523080625,15.341701534170154,5.3060255,14647.745
Grenada,2021,116696.0,1417.0,1071.0,22,12.14266127373689,9.177692465894289,15.525758645024702,5.2796345,15290.251
Grenada,2022,116928.0,1395.0,1026.0,22,11.930418719211822,8.774630541871922,15.770609318996417,4.9970126,16376.428
Guatemala,2000,11697592.0,406001.0,73110.0,21026,34.7080835098369,6.2500042743839925,51.78804978312861,5.396861,8770.408
Guatemala,2001,11969423.0,408833.0,73328.0,20339,34.156450148014656,6.126276930809447,49.748919485462274,6.070237,8771.159
Guatemala,2002,12246923.0,407419.0,73155.0,19530,33.26705001737987,5.973337139459439,47.93590873277879,6.013013,8901.54
Guatemala,2003,12525843.0,406709.0,73167.0,18738,32.46959106864105,5.841283496847278,46.07225313430487,6.1530685,8926.158
Guatemala,2004,12807409.0,406322.0,74629.0,17989,31.72554261365433,5.827017783222196,44.272768887729434,6.261828,9003.861
Guatemala,2005,13087637.0,402792.0,76981.0,17731,30.776525968744398,5.881963260441897,44.020238733639204,6.148264,9099.728
Guatemala,2006,13367455.0,401350.0,75743.0,16436,30.024413772105458,5.666224423422409,40.95178771645696,6.363622,9386.006
Guatemala,2007,13652042.0,401667.0,75372.0,15783,29.42175243820668,5.52093232646076,39.29374332469433,6.1918335,9772.81
Guatemala,2008,13935172.0,399639.0,76411.0,15124,28.678440423986153,5.483319473918226,37.84415434930025,6.0813,9889.577
Guatemala,2009,14215614.0,400873.0,77546.0,14501,28.199485439039073,5.454987733910051,36.17355122445264,6.3393865,9740.714
Guatemala,2010,14500118.0,403407.0,78602.0,14035,27.82094600885317,5.420783472244847,34.7911662415377,6.1247797,9825.022
Guatemala,2011,14792123.0,407013.0,78479.0,13546,27.51552295772554,5.305458858069258,33.28149223734869,5.963069,10032.094
Guatemala,2012,15089639.0,410910.0,78536.0,13078,27.231267759288343,5.204630806608429,31.826920736901027,6.0731697,10126.833
Guatemala,2013,15387339.0,411093.0,79762.0,12584,26.716315277124913,5.183612319193072,30.611078271826567,5.771889,10297.839
Guatemala,2014,15681725.0,415053.0,81499.0,12192,26.467305095581,5.197068562291458,29.374561802950467,5.8885684,10553.564
Guatemala,2015,15971745.0,418818.0,83736.0,11899,26.22243217632137,5.242758383633097,28.41090879570601,6.00602,10785.958
Guatemala,2016,16268761.0,422285.0,84175.0,11479,25.956801504429258,5.174026467043188,27.183063570811182,6.070082,10872.594
Guatemala,2017,16567363.0,417021.0,84187.0,10990,25.171235760331925,5.081496675119632,26.353588907992645,6.135638,11005.459
Guatemala,2018,16845688.0,409597.0,86510.0,10538,24.314649541176355,5.135438813778339,25.727727498004135,6.106627,11192.372
Guatemala,2019,17103803.0,394906.0,87529.0,9811,23.08878323727185,5.117516846984264,24.843886899667265,6.1744328,11466.377
Guatemala,2020,17357331.0,382615.0,101281.0,9196,22.04342361161402,5.835056092437253,24.034603975275406,6.4591527,11097.15
Guatemala,2021,17598652.0,376735.0,121587.0,8737,21.407037311721375,6.908881430236816,23.19136793767502,7.356989,11825.142
Guatemala,2022,17847877.0,375923.0,94247.0,8383,21.062617139282167,5.280572025457146,22.29977947611612,7.167879,12144.48
Guinea,2000,8428837.0,352603.0,125528.0,57831,41.83293614528315,14.892683296639857,164.0116504964507,4.7410135,2358.2876
Guinea,2001,8539963.0,352857.0,125212.0,55930,41.31832889674112,14.661890221304237,158.50613704701905,4.8843303,2412.7517
Guinea,2002,8674072.0,351824.0,122796.0,53783,40.56041960454098,14.156672898265082,152.86904816044387,5.3565373,2498.1318
Guinea,2003,8870790.0,357353.0,122582.0,52313,40.28423624051522,13.818611420177909,146.3902639686808,4.772165,2473.2341
Guinea,2004,9062724.0,364717.0,122640.0,51321,40.243639771000424,13.532355172683179,140.71458144259796,4.776328,2477.503
Guinea,2005,9245844.0,373629.0,122428.0,50610,40.410480644060186,13.241408788640603,135.45522430004095,4.034527,2501.2217
Guinea,2006,9441174.0,380546.0,122030.0,50030,40.30706350714434,12.925299332477083,131.46899454993616,3.615269,2478.6133
Guinea,2007,9662278.0,388487.0,122426.0,49737,40.20656412494031,12.670511032698501,128.0274500819847,3.4826248,2587.005
Guinea,2008,9898870.0,396750.0,122426.0,49445,40.08033240157715,12.367674290095739,124.62507876496534,3.2656171,2629.5398
Guinea,2009,10143540.0,405016.0,123089.0,49401,39.928466787728944,12.134718254179507,121.97295909297411,3.5814664,2537.3064
Guinea,2010,10396090.0,412048.0,123533.0,49289,39.634901198431336,11.882640492723707,119.61955888634333,3.4278173,2594.8306
Guinea,2011,10656812.0,417378.0,124054.0,49114,39.16537140750911,11.640817159953652,117.67270915093751,3.789551,2673.4087
Guinea,2012,10921580.0,422661.0,124578.0,48935,38.699620384596365,11.40659135399823,115.77836611374127,3.5039852,2762.9036
Guinea,2013,11191874.0,429537.0,125104.0,48770,38.37936345602176,11.178110118108906,113.54085911108938,3.4610865,2802.56
Guinea,2014,11472921.0,436496.0,126961.0,49046,38.045760098932085,11.066144358529098,112.36299989003336,4.787992,2834.9663
Guinea,2015,11767077.0,444411.0,127802.0,48982,37.76732318484871,10.860981023579603,110.21779388899014,5.8091927,2869.8516
Guinea,2016,12073031.0,451706.0,127088.0,48407,37.414465348428244,10.526602640215204,107.16483730568113,5.3969493,3099.7888
Guinea,2017,12385668.0,456923.0,128383.0,48217,36.89126819804955,10.365448193831774,105.52543864064623,3.9151273,3332.7659
Guinea,2018,12704776.0,461550.0,128958.0,47791,36.328857746094855,10.150356055077241,103.54457805221536,3.73843,3455.645
Guinea,2019,13034349.0,468606.0,129624.0,47396,35.95162290038421,9.944800465293664,101.14253765423405,4.0887623,3557.4624
Guinea,2020,13371185.0,474920.0,132627.0,46950,35.51816835979758,9.918866577644389,98.85875515876357,3.9009452,3630.9934
Guinea,2021,13710515.0,479631.0,134512.0,46334,34.982712173831544,9.810864143323572,96.60343055390499,3.7175858,3738.8052
Guinea,2022,14055136.0,483229.0,130720.0,45619,34.380955118470574,9.300514772678115,94.40451628523951,3.832927,3792.0107
Guinea-Bissau,2000,1234747.0,52286.0,19469.0,8831,42.345516935858114,15.767602593891706,168.89798416402095,4.1895323,1974.7446
Guinea-Bissau,2001,1261281.0,52713.0,19250.0,8639,41.793224507465034,15.26226114561307,163.88746608995882,4.1289153,2025.7268
Guinea-Bissau,2002,1289317.0,53588.0,19029.0,8461,41.56309115601516,14.758977039781529,157.88982608046578,3.8728,2054.0898
Guinea-Bissau,2003,1318809.0,54461.0,18812.0,8281,41.29559322085306,14.264385517538932,152.0537632434219,3.5020142,2002.4021
Guinea-Bissau,2004,1349569.0,55063.0,18570.0,8078,40.800433323527734,13.759948546535968,146.70468372591395,4.270702,1979.6979
Guinea-Bissau,2005,1381590.0,56053.0,18703.0,7999,40.571370667129905,13.537301225399721,142.70422635719765,4.534625,2060.6667
Guinea-Bissau,2006,1415315.0,56970.0,18083.0,7671,40.252523289868336,12.77666102599068,134.64981569246973,5.078262,2065.2122
Guinea-Bissau,2007,1450989.0,58062.0,17772.0,7463,40.015465313658474,12.248197608665537,128.5350142950639,4.925734,2065.9897
Guinea-Bissau,2008,1488059.0,58551.0,17711.0,7291,39.34723018374944,11.902081839496955,124.52391931820122,5.352398,2105.6738
Guinea-Bissau,2009,1526384.0,59144.0,17196.0,6969,38.74778561620143,11.265841361020556,117.83105640470716,4.610632,2103.058
Guinea-Bissau,2010,1566352.0,60004.0,16931.0,6739,38.30811975852171,10.809192314371227,112.3091793880408,4.871337,2164.2683
Guinea-Bissau,2011,1608084.0,61137.0,16735.0,6540,38.0185363451163,10.406794669930179,106.97286422297462,6.216348,2278.5476
Guinea-Bissau,2012,1651425.0,62056.0,16574.0,6359,37.57724389542365,10.036180874093587,102.47196080959134,5.941348,2180.7434
Guinea-Bissau,2013,1695980.0,62889.0,16421.0,6185,37.08121558037241,9.682307574381774,98.34788277759226,7.0394344,2192.5928
Guinea-Bissau,2014,1741126.0,62847.0,16226.0,5977,36.09560709563811,9.319256618992538,95.10398268811558,9.968974,2156.3364
Guinea-Bissau,2015,1786461.0,62882.0,16040.0,5766,35.19920110206716,8.978645489602068,91.6955567571006,8.132282,2230.53
Guinea-Bissau,2016,1831898.0,62682.0,15866.0,5556,34.21697059552442,8.660962564509596,88.63788647458601,8.3288145,2293.3787
Guinea-Bissau,2017,1877074.0,62011.0,15692.0,5329,33.035991122353195,8.359819591555793,85.93636612859008,7.0004954,2342.561
Guinea-Bissau,2018,1922167.0,62228.0,15571.0,5138,32.3738780241259,8.100752952266895,82.56733303336118,7.2816496,2373.6494
Guinea-Bissau,2019,1967704.0,62667.0,15472.0,4976,31.847777917816906,7.862971259904945,79.40383295833531,7.146021,2442.2588
Guinea-Bissau,2020,2013259.0,63229.0,16511.0,4839,31.406291987270393,8.20113060465643,76.53133846810799,8.988988,2456.0115
Guinea-Bissau,2021,2058841.0,63759.0,16518.0,4706,30.968394353910767,8.02296049087812,73.8091877225176,8.397949,2522.1287
Guinea-Bissau,2022,2105535.0,64131.0,15210.0,4572,30.45829207303607,7.223817224600873,71.29157505730457,8.337527,2600.8025
Guyana,2000,764836.0,20062.0,5937.0,948,26.230459863290953,7.762448420314944,47.25351410627056,3.1873794,8025.2935
Guyana,2001,764484.0,19142.0,5830.0,887,25.03911134830814,7.626058884162389,46.337895726674326,3.0550678,8212.043
Guyana,2002,763657.0,18147.0,5931.0,823,23.76328639690332,7.766575831819782,45.351848790433685,3.193538,8314.027
Guyana,2003,763107.0,17325.0,5980.0,768,22.703238209058494,7.836384674757275,44.32900432900433,3.268842,8267.429
Guyana,2004,762424.0,16789.0,6019.0,724,22.02055549143259,7.894557359159733,43.12347370301983,3.4377043,8404.2
Guyana,2005,760922.0,16485.0,6029.0,707,21.664507005974333,7.923282544071535,42.887473460721864,3.7940974,8256.525
Guyana,2006,758976.0,16485.0,5957.0,669,21.72005438907159,7.848733029766422,40.58234758871702,3.9314446,8702.331
Guyana,2007,756874.0,16565.0,5825.0,655,21.88607350761157,7.696129078287799,39.54120132810142,4.281262,9354.08
Guyana,2008,754614.0,16623.0,5830.0,648,22.02848078620328,7.725804185981177,38.98213318895506,4.202422,9546.709
Guyana,2009,752097.0,16588.0,5829.0,629,22.05566569205834,7.750330077104416,37.91897757414999,4.3511715,9924.526
Guyana,2010,749259.0,16527.0,5879.0,614,22.057793099582387,7.846418928568092,37.15132812972711,4.218977,10374.395
Guyana,2011,746161.0,16604.0,5890.0,603,22.25257015577067,7.893738750752184,36.316550228860514,4.172135,10958.86
Guyana,2012,746296.0,16656.0,6024.0,591,22.31822226033638,8.071864246893995,35.482708933717575,3.708187,11534.999
Guyana,2013,750020.0,16922.0,6037.0,585,22.56206501159969,8.049118690168262,34.57038175156601,3.802313,11896.907
Guyana,2014,754231.0,17050.0,5902.0,573,22.605806443914396,7.8251888347203975,33.60703812316716,3.9475543,12030.053
Guyana,2015,758783.0,17084.0,5879.0,561,22.515000995014383,7.747933203564129,32.837742917349566,4.022648,12040.083
Guyana,2016,763553.0,17052.0,5888.0,544,22.332437957810395,7.711318009358879,31.90241613886934,4.018421,12420.473
Guyana,2017,768483.0,16940.0,5836.0,526,22.043428416763938,7.59418230461832,31.05076741440378,4.3191123,12801.641
Guyana,2018,791563.0,16809.0,5862.0,507,21.235201746418163,7.405601322952185,30.162412993039442,4.9049253,12980.357
Guyana,2019,807668.0,17725.0,6058.0,513,21.94589856228054,7.500606684924994,28.942172073342736,4.903315,13402.422
Guyana,2020,807486.0,17163.0,6854.0,486,21.254857669358973,8.48807285822912,28.316727844782378,5.375106,19234.13
Guyana,2021,815484.0,17093.0,8966.0,470,20.96055839231671,10.994697627421262,27.496636049844966,4.643265,22865.928
Guyana,2022,821638.0,17047.0,6005.0,452,20.7475798344283,7.308571414661931,26.514929313075612,2.5245636,37068.2
Haiti,2000,8303151.0,266970.0,86293.0,27479,32.15285377804161,10.392801479823744,102.92916807131887,3.991657,3237.5308
Haiti,2001,8455917.0,264483.0,85740.0,26543,31.277861407580044,10.139645410426805,100.35805703958287,3.7502923,3168.1445
Haiti,2002,8607648.0,263154.0,85027.0,25612,30.572114473082543,9.878075869273465,97.32704044019852,3.4325013,3145.0369
Haiti,2003,8759913.0,264233.0,84688.0,24924,30.16388404770687,9.667675923265447,94.3258412083275,3.5369532,3197.9365
Haiti,2004,8910267.0,264117.0,90042.0,26627,29.64187268462326,10.105421083341273,100.81516903493527,3.4292843,3102.5417
Haiti,2005,9061274.0,264206.0,83594.0,23533,29.157710052692373,9.225413556636738,89.07064941749998,3.3055465,3144.5635
Haiti,2006,9216569.0,266186.0,83318.0,23009,28.881246372701163,9.040023462093107,86.43955730203692,3.480139,3146.2634
Haiti,2007,9373300.0,267607.0,83382.0,22617,28.549923719501137,8.895693085679536,84.5157264197125,3.647341,3239.2576
Haiti,2008,9530782.0,269555.0,84196.0,22376,28.282569048373997,8.834112457928425,83.01088831592811,3.7572205,3270.4128
Haiti,2009,9689585.0,271900.0,84104.0,21830,28.06105731050401,8.67983510129691,80.28687017285768,3.5027738,3406.295
Haiti,2010,9803299.0,271749.0,175782.0,38738,27.720158285491443,17.930902648179963,142.5506625599358,4.5487103,3176.5095
Haiti,2011,9914904.0,271233.0,86537.0,21432,27.3560893781725,8.727971546673574,79.01693378018162,5.911978,3300.8745
Haiti,2012,10069770.0,268713.0,85009.0,20443,26.68511793218713,8.442000164849842,76.077450662975,5.5646234,3266.4382
Haiti,2013,10222365.0,266448.0,84988.0,19719,26.06520115452735,8.313927354384234,74.00693568726356,4.1052403,3356.8374
Haiti,2014,10373241.0,267118.0,85107.0,19150,25.750679078987947,8.2044753418917,71.6911627071182,4.520358,3403.575
Haiti,2015,10523249.0,267758.0,85693.0,18679,25.44442310544966,8.14320748278407,69.76075411378932,5.0751815,3402.0283
Haiti,2016,10671462.0,267875.0,86966.0,18384,25.101996333773197,8.149398835885842,68.62902473168455,4.8076057,3415.5823
Haiti,2017,10817759.0,266599.0,86297.0,17545,24.644568251150723,7.977345400281148,65.81044940153565,3.819939,3453.9714
Haiti,2018,10962373.0,265528.0,86899.0,16969,24.221762933992483,7.9270245593723185,63.90663131571811,4.316503,3465.255
Haiti,2019,11105165.0,264011.0,87459.0,16392,23.773712502245576,7.875524586982725,62.088322077489195,3.9110792,3361.7532
Haiti,2020,11243846.0,262412.0,93140.0,15822,23.338277667623693,8.283642447610896,60.294498727192355,3.7865195,3210.5361
Haiti,2021,11374592.0,260695.0,101701.0,15702,22.91906382224523,8.941067952151602,60.23130478144959,3.5773985,3116.565
Haiti,2022,11503603.0,259375.0,95160.0,14893,22.54728366408333,8.2721908953221,57.41879518072289,3.2075508,3029.7786
Honduras,2000,6577781.0,224798.0,34489.0,8295,34.17535488031602,5.243257566647475,36.89979448215731,6.26818,4579.6895
Honduras,2001,6757992.0,225424.0,34782.0,7994,33.35665386996611,5.146795083510013,35.46206260202995,5.929983,4578.9478
Honduras,2002,6938866.0,224644.0,34996.0,7648,32.374742501152205,5.043475403617824,34.04497783159132,6.2445755,4627.023
Honduras,2003,7119213.0,223226.0,35373.0,7302,31.355432124309246,4.968667182734945,32.71124331395089,6.890047,4714.867
Honduras,2004,7299003.0,222525.0,35746.0,6966,30.4870404903245,4.897381190280371,31.30434782608696,6.8548436,4885.343
Honduras,2005,7478362.0,221456.0,36242.0,6665,29.612901862734113,4.8462484164312984,30.096271945668665,7.500864,5056.6753
Honduras,2006,7656832.0,220077.0,36707.0,6342,28.742566116116954,4.794019249736706,28.817186711923554,7.863187,5263.1504
Honduras,2007,7834806.0,220265.0,37212.0,6085,28.113650803861642,4.749575164975368,27.625814359975486,8.0849495,5461.9014
Honduras,2008,8012590.0,220548.0,37941.0,5893,27.52518224444281,4.735173021457482,26.7198070261349,8.603626,5566.7065
Honduras,2009,8189904.0,220803.0,38548.0,5634,26.960389279288258,4.706770677653853,25.5159576636187,8.995925,5313.756
Honduras,2010,8365881.0,220160.0,39839.0,5517,26.316415449849217,4.762080646377829,25.059047965116278,8.725364,5396.0723
Honduras,2011,8540587.0,220138.0,39971.0,5237,25.775511683213345,4.680123274899021,23.789622872925165,8.79187,5488.4336
Honduras,2012,8715081.0,220540.0,40165.0,5035,25.305559409029012,4.608677762145871,22.830325564523445,8.656551,5600.608
Honduras,2013,8889276.0,220481.0,40486.0,4856,24.803032327942116,4.554476652541782,22.024573546019838,8.47723,5644.134
Honduras,2014,9063127.0,221033.0,40954.0,4692,24.388160951512653,4.518749433832275,21.227599498717385,7.9145575,5705.1626
Honduras,2015,9237306.0,222474.0,41372.0,4544,24.08429470670345,4.478795007981764,20.42485863516636,7.4837904,5812.5347
Honduras,2016,9412380.0,224051.0,41812.0,4413,23.803862572484324,4.44223458891375,19.696408407014474,7.709445,5926.49
Honduras,2017,9588144.0,225361.0,42623.0,4286,23.504131769401877,4.445385884901187,19.018374962837406,7.0066886,6099.6074
Honduras,2018,9765209.0,228432.0,43471.0,4177,23.392433280229845,4.451620031890767,18.285529172795403,7.2282066,6219.28
Honduras,2019,9943637.0,229805.0,44607.0,4085,23.110759171920698,4.485984353612265,17.775940471269116,7.3431664,6264.019
Honduras,2020,10119638.0,230759.0,51201.0,3976,22.803088410870032,5.059568336337723,17.23009720097591,9.219124,5603.264
Honduras,2021,10289881.0,231824.0,58924.0,3823,22.52931788035255,5.72640247248729,16.490958658292495,9.273115,6202.981
Honduras,2022,10463880.0,232735.0,46487.0,3711,22.241749714255132,4.442615932139894,15.945173695404643,8.154528,6352.587
Hungary,2000,10190598.0,97513.0,134857.0,1068,9.568918330406126,13.233472657836174,10.952385835734724,6.7697926,22117.92
Hungary,2001,10166693.0,97095.0,131367.0,906,9.550303132001723,12.92131079398188,9.33106751120037,6.8197937,23069.21
Hungary,2002,10138461.0,96728.0,132100.0,841,9.540698534027996,13.02959098032729,8.69448350012406,7.118116,24229.295
Hungary,2003,10108970.0,94772.0,135114.0,809,9.375040187081375,13.365753385359735,8.536276537373908,8.129865,25255.871
Hungary,2004,10085788.0,95319.0,131854.0,749,9.450823277268965,13.073247226691658,7.857824777851215,7.7659206,26568.12
Hungary,2005,10065703.0,97761.0,134954.0,736,9.712287358369306,13.407309951426145,7.528564560509815,7.992485,27765.79
Hungary,2006,10049946.0,99808.0,130950.0,704,9.931197640265928,13.029920757783177,7.0535428021801865,7.7855644,28903.047
Hungary,2007,10034084.0,98015.0,132186.0,686,9.768206046511072,13.173698765128934,6.9989287353976435,7.2071915,29044.066
Hungary,2008,10016653.0,98863.0,129398.0,651,9.869863715953821,12.9182871763652,6.584869971576829,7.092757,29384.008
Hungary,2009,10001381.0,96291.0,129763.0,577,9.627770404907082,12.97450822041476,5.992252650818872,7.2366724,27445.959
Hungary,2010,9979128.0,90709.0,129618.0,552,9.089872381634947,12.98891045389938,6.0853939520885465,7.464204,27801.834
Hungary,2011,9946675.0,89092.0,127537.0,531,8.956963005225363,12.822073708048167,5.960131100435505,7.4934225,28415.117
Hungary,2012,9916621.0,90042.0,128855.0,513,9.079907359573387,12.993841349790419,5.697341240754315,7.430477,28179.656
Hungary,2013,9889344.0,89379.0,126033.0,522,9.037909895742326,12.744323587085251,5.840298056590474,7.2364535,28891.021
Hungary,2014,9862843.0,92338.0,125902.0,498,9.36220925345765,12.765284816964034,5.393229223071758,7.0419235,30264.95
Hungary,2015,9839211.0,91977.0,131112.0,473,9.348005648013851,13.325458718183805,5.142589995324919,6.8501935,31485.568
Hungary,2016,9810529.0,94367.0,126512.0,448,9.618951230866347,12.895532952402466,4.7474222980491065,6.9675264,32378.967
Hungary,2017,9785608.0,93191.0,131175.0,398,9.523271318450524,13.404890120266415,4.270798682276185,6.7333837,33828.715
Hungary,2018,9774395.0,91697.0,130529.0,370,9.381347899281746,13.354176908136003,4.035028408781095,6.554605,35798.043
Hungary,2019,9770346.0,91271.0,129065.0,402,9.341634369959877,13.209869947287435,4.404465821564352,6.2467785,37662.676
Hungary,2020,9749459.0,93065.0,140529.0,374,9.545657866759582,14.41403056313176,4.018696609896309,7.230515,36119.52
Hungary,2021,9707848.0,93719.0,158980.0,363,9.653941841693442,16.37644099907621,3.8732807648395737,7.3352485,38887.19
Hungary,2022,9684308.0,89766.0,133844.0,381,9.269221920657625,13.820708717649213,4.244368691932358,6.6474123,40610.973
Iceland,2000,281293.0,4279.0,1829.0,17,15.211896492269627,6.502117009666078,3.972890862351017,8.899243,50227.84
Iceland,2001,285058.0,4087.0,1733.0,16,14.337433083793474,6.079464530025469,3.914851969659897,8.752662,51468.33
Iceland,2002,287609.0,4062.0,1834.0,17,14.123341063735836,6.376712828875314,4.185130477597243,9.403825,51287.594
Iceland,2003,289616.0,4162.0,1844.0,15,14.370752997071985,6.367051544113585,3.6040365209034118,9.729302,52095.64
Iceland,2004,292172.0,4235.0,1840.0,15,14.49488657366209,6.297660282299468,3.541912632821724,9.328544,55576.61
Iceland,2005,296852.0,4248.0,1855.0,15,14.310161292495923,6.248905178338028,3.5310734463276834,8.94695,58549.137
Iceland,2006,303883.0,4371.0,1915.0,12,14.383825353836837,6.3017674565540025,2.7453671928620453,8.557091,60434.383
Iceland,2007,311662.0,4493.0,1954.0,16,14.41625863916679,6.269612593129737,3.561095036723793,8.353586,64075.31
Iceland,2008,317519.0,4801.0,2002.0,18,15.12035500237781,6.305134495888435,3.749218912726515,8.343708,63963.76
Iceland,2009,318619.0,5066.0,2017.0,14,15.899867867264664,6.330444825951999,2.7635215159889457,8.775185,58441.273
Iceland,2010,318163.0,4924.0,2030.0,17,15.476343886624152,6.380377353746351,3.4524776604386673,8.361731,57225.1
Iceland,2011,319139.0,4525.0,2002.0,9,14.178774765854376,6.273128636738224,1.9889502762430942,8.254989,57837.86
Iceland,2012,320851.0,4536.0,1979.0,10,14.137403342984749,6.1679720493313095,2.204585537918871,8.230912,58203.637
Iceland,2013,323891.0,4326.0,2164.0,14,13.356345190202877,6.681260053536529,3.236245954692557,8.226513,59729.543
Iceland,2014,327517.0,4356.0,2064.0,13,13.300072973311309,6.301962951541447,2.9843893480257115,8.290442,60199.2
Iceland,2015,330962.0,4129.0,2194.0,15,12.475752503308536,6.6291598431239835,3.6328408815693876,8.13122,61820.363
Iceland,2016,335571.0,4013.0,2332.0,8,11.958721105220654,6.949349020028548,1.99352105656616,8.155691,64759.227
Iceland,2017,343537.0,4004.0,2245.0,15,11.65522199937707,6.534958388761618,3.7462537462537466,8.324308,65462.504
Iceland,2018,352860.0,4169.0,2269.0,12,11.81488409000737,6.430312305163521,2.878388102662509,8.438176,66703.02
Iceland,2019,360709.0,4403.0,2284.0,9,12.206515501415268,6.331973973480008,2.0440608675902796,8.639963,65994.984
Iceland,2020,366626.0,4486.0,2316.0,16,12.235902527371218,6.317064256217508,3.5666518056174765,9.649089,60617.145
Iceland,2021,372647.0,4819.0,2345.0,21,12.931809460427697,6.292818672899554,4.357750570657813,9.720737,62720.793
Iceland,2022,380368.0,4334.0,2823.0,8,11.39422874689774,7.4217599798090275,1.8458698661744346,9.081453,66581.24
India,2000,1057922731.0,29111712.0,9127431.0,2636156,27.51780555133946,8.627691543570775,90.55310797248887,4.1056848,3010.4216
India,2001,1077898579.0,29324930.0,9143228.0,2555847,27.20564863088107,8.482456678329102,87.15611597367837,4.3375425,3097.1624
India,2002,1097600380.0,29128216.0,9103548.0,2449264,26.538088479889193,8.294045962338314,84.08561650325582,4.3145337,3157.269
India,2003,1116803000.0,28794442.0,9074469.0,2332103,25.782919637572608,8.125398123035128,80.99142883199472,4.0787773,3346.8882
India,2004,1135991509.0,28537736.0,9067053.0,2219553,25.121434248325883,7.981620397833448,77.77607165473813,4.026795,3551.0474
India,2005,1154676321.0,28063000.0,9027961.0,2093819,24.30378062632844,7.818607548980819,74.61137440758293,3.8550828,3770.3965
India,2006,1172878888.0,27637610.0,8995893.0,1970158,23.563907819270085,7.669924910439687,71.28539696449874,3.6690154,4011.0864
India,2007,1190676028.0,27304620.0,8972698.0,1854649,22.93203134849709,7.535801333862077,67.9243659131678,3.58104,4253.8213
India,2008,1207930960.0,27186092.0,8950894.0,1751160,22.506329335246114,7.410103968193679,64.41381865403825,3.5885608,4322.484
India,2009,1225524764.0,27219668.0,8934340.0,1659915,22.21062258355148,7.2902158017918275,60.98219125964358,3.546377,4595.38
India,2010,1243481565.0,26900712.0,8908601.0,1560786,21.63338223675234,7.164240508865124,58.02024868338057,3.3362591,4913.8765
India,2011,1261224956.0,26681992.0,8889393.0,1465550,21.155616904871962,7.048221617968048,54.926558706711255,3.2463422,5098.675
India,2012,1278674501.0,26432416.0,8879964.0,1373272,20.671731530837807,6.944663394050117,51.95408546838851,3.3293529,5303.502
India,2013,1295829507.0,25995998.0,8888126.0,1281925,20.061279558438084,6.859024240447397,49.31239800833959,3.7494419,5567.4946
India,2014,1312277184.0,25050538.0,8884412.0,1172690,19.0893648883253,6.770225153895535,46.81296665165435,3.6195655,5905.106
India,2015,1328024494.0,25147252.0,8936426.0,1098967,18.935834477161382,6.729112332170584,43.70127598832668,3.5956597,6301.6733
India,2016,1343944296.0,25207148.0,9004539.0,1034488,18.756095825566867,6.700083498103556,41.03947023280857,3.5043042,6741.149
India,2017,1359657398.0,24466744.0,9072749.0,955501,17.99478606595277,6.672819942248423,39.05305094948474,2.9359765,7116.0366
India,2018,1374659067.0,24620204.0,9169449.0,899927,17.910043727227677,6.670344102127833,36.55237787631654,2.8584938,7492.626
India,2019,1389030307.0,24124984.0,9264486.0,837527,17.36822002977362,6.669750799037102,34.71616810191459,2.952998,7702.1763
India,2020,1402617694.0,23485340.0,10118286.0,774068,16.743935357769697,7.213858803637764,32.959625025654304,3.341461,7186.8643
India,2021,1414203896.0,23321852.0,13093783.0,724076,16.49115241866085,9.25876603581355,31.04710552146545,3.3468094,7818.657
India,2022,1425423209.0,23286124.0,9373180.0,682130,16.33628795502515,6.5757172612446215,29.29341096010654,3.396235,8347.385
Indonesia,2000,216077789.0,4686376.0,1605637.0,246038,21.68837445851503,7.430828533699963,52.5006956334703,1.8529766,6056.382
Indonesia,2001,219097905.0,4685685.0,1619259.0,234154,21.386261087252297,7.3905727213594306,49.972202570168506,2.1185021,6190.5195
Indonesia,2002,222088499.0,4687565.0,1624574.0,223053,21.106743577928366,7.314984825035897,47.583980168808324,1.9806271,6381.9497
Indonesia,2003,225048005.0,4688692.0,1650939.0,213070,20.834186021777885,7.335941502791815,45.44337738542007,2.2483718,6599.092
Indonesia,2004,227926649.0,4739873.0,1845607.0,234039,20.79560692352389,8.097372589371943,49.37663941628816,2.1200228,6843.5464
Indonesia,2005,230871648.0,4852370.0,1702851.0,199741,21.017608883703208,7.375747584216144,41.16359634570323,2.531894,7140.8545
Indonesia,2006,233951650.0,4899748.0,1736657.0,194651,20.94342142917137,7.423144910497532,39.72673696688075,2.6194642,7434.488
Indonesia,2007,237062338.0,4970646.0,1759193.0,188184,20.96767475565857,7.42080338379182,37.859062986983986,2.8238556,7802.464
Indonesia,2008,240157902.0,4925996.0,1787618.0,179857,20.511488312385406,7.443511061318316,36.51180390727073,2.548423,8165.0615
Indonesia,2009,243220024.0,4955500.0,1814615.0,173564,20.374556002839633,7.460796073270678,35.02451821208758,2.623241,8435.456
Indonesia,2010,246305327.0,5015256.0,1854127.0,168390,20.361946942381802,7.527758423186682,33.57555426881499,2.7908783,8848.225
Indonesia,2011,249470029.0,5141881.0,1875287.0,164703,20.61121738996551,7.517083344709115,32.03166312094737,2.9894247,9274.97
Indonesia,2012,252698525.0,5157679.0,1897862.0,159191,20.410404057562268,7.5103802050288975,30.864852194174937,2.9142709,9708.612
Indonesia,2013,255852464.0,5025781.0,1921332.0,150519,19.64327769772817,7.509530961562285,29.94937503245764,2.869348,10121.814
Indonesia,2014,258877395.0,4942318.0,1941415.0,142632,19.091346310866577,7.499360846087006,28.859332806994612,2.9643357,10504.387
Indonesia,2015,261799249.0,4861441.0,1962168.0,135080,18.569346621769718,7.4949336466583985,27.78600007693192,2.9242852,10893.662
Indonesia,2016,264627429.0,4799811.0,1985267.0,128284,18.137995060217282,7.502121029184772,26.726885704457946,3.021472,11319.663
Indonesia,2017,267346654.0,4689219.0,2006818.0,120836,17.539845477175863,7.506426469059156,25.76889669686999,2.904172,11772.574
Indonesia,2018,269951847.0,4628645.0,2041289.0,115463,17.14618755692381,7.561678212929582,24.945313369247373,2.8675783,12262.231
Indonesia,2019,272489381.0,4607562.0,2059519.0,109819,16.909143332818537,7.558162422483539,23.834513784079302,2.878629,12757.785
Indonesia,2020,274814861.0,4582350.0,2430253.0,105154,16.674316604734123,8.843237193057037,22.947614215413488,3.420673,12388.545
Indonesia,2021,276758056.0,4543453.0,2779186.0,100618,16.416696466461666,10.041933521891771,22.145711642664732,3.7063494,12757.074
Indonesia,2022,278830527.0,4518308.0,2088878.0,96506,16.204495428149443,7.491568525421895,21.358880359639052,2.6938975,13334.266
Iran,2000,66418661.0,1060427.0,329235.0,38363,15.96579912985599,4.956965332378501,36.176936271898015,4.7225084,11643.122
Iran,2001,67452005.0,1074860.0,331192.0,36751,15.935182356699405,4.9100393679921,34.1914295815269,5.1608734,11739.009
Iran,2002,68011318.0,1084609.0,332396.0,34783,15.947478035935138,4.887363012138656,32.06962140273591,4.651822,12583.045
Iran,2003,68769343.0,1091911.0,359340.0,35905,15.877874534878135,5.225293485790609,32.88271663166687,4.9558916,13519.45
Iran,2004,70256316.0,1136441.0,335275.0,31878,16.175641774328163,4.772168811128668,28.050730306280748,5.128014,13807.195
Iran,2005,71828455.0,1176881.0,339625.0,31053,16.384606908223212,4.728279342775784,26.38584529786784,5.2999616,13935.774
Iran,2006,73392747.0,1227485.0,342952.0,30125,16.72488154721883,4.672832316795555,24.542051430363713,5.159909,14320.657
Iran,2007,74602648.0,1266093.0,346805.0,29097,16.97115362446652,4.648695579813736,22.981724091358217,4.911882,15237.424
Iran,2008,75514201.0,1290890.0,349934.0,28031,17.09466541266854,4.634015792605685,21.71447605915299,5.0399046,15091.251
Iran,2009,76457831.0,1311757.0,353497.0,26926,17.15660754226732,4.623424381473757,20.526667667868363,6.1149344,15055.149
Iran,2010,77420851.0,1337544.0,357131.0,26006,17.276276128765364,4.6128529380282846,19.44309869432333,6.2915306,15729.913
Iran,2011,78383602.0,1385254.0,361384.0,25459,17.672752522906514,4.61045411003184,18.37857894653255,6.09788,15947.766
Iran,2012,79370583.0,1439653.0,365818.0,25065,18.138369980223025,4.60898718609639,17.410445433726046,6.1223536,15159.295
Iran,2013,80414689.0,1490131.0,370617.0,24741,18.530582142772445,4.6088221518832215,16.603238238785718,5.736978,14734.74
Iran,2014,81502045.0,1534518.0,375961.0,24436,18.827969285924052,4.6129026578412855,15.924218549407696,6.8153954,15262.852
Iran,2015,82619365.0,1559766.0,381416.0,23957,18.878939580327202,4.616544801572852,15.359355185329083,8.382327,14841.905
Iran,2016,83812230.0,1574609.0,387611.0,23328,18.787341656462306,4.6247546449963215,14.815106480402436,7.8028502,15920.372
Iran,2017,85026761.0,1534302.0,393723.0,22194,18.044930583678237,4.630577424912141,14.465209587160807,7.7180123,16167.968
Iran,2018,86117999.0,1435027.0,400017.0,20273,16.663496791187637,4.644987164646034,14.127260323324927,6.635717,15364.805
Iran,2019,87051649.0,1298600.0,405566.0,18096,14.91758071119365,4.65891231997225,13.935006930540581,6.2342677,14841.075
Iran,2020,87723448.0,1228854.0,564815.0,16663,14.008272907831895,6.4385864085050555,13.559788225452332,4.9609814,15381.585
Iran,2021,88455490.0,1210703.0,564944.0,16016,13.68714366965804,6.386760166045093,13.22867788384104,4.858866,15884.428
Iran,2022,89524247.0,1191945.0,438359.0,14901,13.314214192720325,4.8965393699429836,12.501415753243649,5.627941,16377.961
Iraq,2003,26802660.0,925338.0,179180.0,38240,34.52411066662787,6.685157368708927,41.32544000138328,2.996936,6849.332
Iraq,2004,27577876.0,947136.0,185576.0,38156,34.34405173190277,6.729162173330535,40.28566119332387,3.9012864,10210.563
Iraq,2005,28407450.0,964267.0,187653.0,38006,33.94415901462469,6.605767149110532,39.41439456084259,3.0170465,10078.443
Iraq,2006,28616518.0,1000546.0,203201.0,38281,34.96393236940986,7.1008289687795,38.26010997995095,2.4937043,10568.914
Iraq,2007,28391606.0,979591.0,195478.0,36555,34.50283862068247,6.8850631415496535,37.31659437459103,3.2148056,10853.816
Iraq,2008,28971042.0,974852.0,172475.0,35424,33.649186660251985,5.953358529527519,36.33782358758047,3.0660424,11511.938
Iraq,2009,30058207.0,1019814.0,164731.0,36071,33.92797181814604,5.480400078421178,35.37017534570029,3.77204,11470.518
Iraq,2010,31045367.0,1074309.0,167941.0,36807,34.60448703988585,5.409535020152926,34.261092478979506,3.2395535,11816.841
Iraq,2011,32161425.0,1141502.0,170418.0,37619,35.49289249465781,5.298832374498332,32.955702223912006,2.8031638,12267.585
Iraq,2012,33654843.0,1172290.0,172324.0,37728,34.83272823468527,5.120332904242043,32.183162869255895,2.6936586,13357.015
Iraq,2013,35281987.0,1204531.0,178484.0,38347,34.14011234684713,5.058785379632956,31.835627310546595,2.8086846,13712.932
Iraq,2014,36550058.0,1218190.0,177448.0,36978,33.329358875435986,4.854930736361622,30.35487075086809,2.7878666,13536.823
Iraq,2015,37560535.0,1185490.0,177914.0,35501,31.56211699327499,4.736726992839691,29.94626694447022,3.1558704,13516.027
Iraq,2016,38469628.0,1146998.0,200059.0,33237,29.815676928303024,5.200440201813233,28.97738269813897,4.5725303,15016.092
Iraq,2017,39337358.0,1113403.0,188909.0,31238,28.303959813467902,4.802279807403435,28.056328211797524,4.089444,14417.631
Iraq,2018,40265629.0,1113895.0,175614.0,30257,27.663668187078365,4.361387226808254,27.163242495926458,4.0760064,14456.235
Iraq,2019,41192172.0,1122563.0,179600.0,29592,27.251852609277314,4.360051710795925,26.361104009307272,4.207232,14910.225
Iraq,2020,42116602.0,1130421.0,210458.0,28984,26.840270732192497,4.997031811825655,25.640004918521505,5.7276616,12827.635
Iraq,2021,43071208.0,1139167.0,197245.0,27844,26.44845716888182,4.579509355762671,24.442421523797652,5.1418,12731.754
Iraq,2022,44070556.0,1145989.0,183520.0,27053,26.003506740418704,4.16423155632527,23.60668383378898,4.3322635,13433.397
Ireland,2000,3802589.0,54379.0,31184.0,383,14.300519987829345,8.200728503658954,7.043160043399106,5.8990283,53582.832
Ireland,2001,3862981.0,57094.0,30021.0,420,14.779777586273399,7.7714593988425005,7.356289627631625,6.3924937,55534.57
Ireland,2002,3928441.0,59929.0,29580.0,376,15.255161016800304,7.529704531644996,6.274091007692436,6.6726303,57828.01
Ireland,2003,3992935.0,61074.0,28960.0,376,15.295515704613273,7.25281027615025,6.156465926580869,7.007614,58608.336
Ireland,2004,4066066.0,61297.0,28473.0,333,15.075259476850597,7.002591694281401,5.432566030963995,7.2197294,61452.867
Ireland,2005,4155283.0,60653.0,28119.0,286,14.596599076404663,6.767048116818999,4.715347963002654,7.642428,63579.715
Ireland,2006,4268775.0,64292.0,28345.0,297,15.060995250393848,6.640078242587159,4.6195483108318305,7.51647,64975.41
Ireland,2007,4393518.0,70395.0,27850.0,290,16.02246764437974,6.338883782881964,4.119610767810214,7.8077374,66475.84
Ireland,2008,4485992.0,74966.0,27976.0,343,16.711131005137773,6.236301803480702,4.575407518074861,9.125648,62213.645
Ireland,2009,4533750.0,76014.0,27958.0,311,16.76625310173697,6.1666390956713535,4.091351593127582,10.522758,58446.727
Ireland,2010,4559084.0,75667.0,27583.0,324,16.596974304487482,6.050118839661651,4.281919462909855,10.520628,59107.42
Ireland,2011,4579603.0,74428.0,27965.0,297,16.252063770593214,6.106424508849348,3.9904337077443977,10.488865,59797.055
Ireland,2012,4600135.0,72217.0,28661.0,281,15.698887097878648,6.2304693231829065,3.8910505836575875,10.474669,59303.03
Ireland,2013,4624686.0,69318.0,29034.0,294,14.988693286419878,6.278047850167557,4.2413226001904265,10.0333,60285.24
Ireland,2014,4658236.0,67413.0,28732.0,267,14.471787174372444,6.168000075565085,3.960660406746473,9.230779,65463.195
Ireland,2015,4702497.0,65608.0,29619.0,262,13.95173670498886,6.298568611527025,3.993415437141812,7.078278,80815.64
Ireland,2016,4753506.0,63823.0,30127.0,227,13.42651087428942,6.337848316589902,3.556711530326058,7.3382206,80760.09
Ireland,2017,4810258.0,61783.0,29817.0,217,12.844009614453112,6.198628015378801,3.5122930255895635,6.917186,87731.79
Ireland,2018,4872559.0,60961.0,30625.0,196,12.511085037656805,6.28519839369826,3.215170354817014,6.7471085,93115.836
Ireland,2019,4933493.0,59149.0,30669.0,216,11.989274130925086,6.216487993395349,3.6517946203655174,6.6186056,96205.8
Ireland,2020,4982602.0,56491.0,32147.0,186,11.337650488640273,6.451849856761588,3.2925598767945337,6.9732327,101793.445
Ireland,2021,5028428.0,60066.0,35943.0,212,11.945283893892883,7.1479595611193,3.529450937302301,6.441135,116702.86
Ireland,2022,5110015.0,53241.0,35140.0,184,10.418951803468287,6.8766921427823595,3.455983170864559,6.0207825,123007.48
Israel,2000,6111194.0,131441.0,34371.0,901,21.508235542841547,5.624269169003635,6.854786558227646,6.594219,33278.543
Israel,2001,6259977.0,132988.0,34526.0,862,21.244167510519606,5.515355727345324,6.481787830480945,6.9991426,32591.21
Israel,2002,6387714.0,136567.0,35622.0,921,21.379635969926017,5.576642911689534,6.743942533701407,6.907675,31892.54
Israel,2003,6502821.0,141063.0,35925.0,898,21.69258541792862,5.524525432885205,6.365949965618199,6.8497596,31771.21
Israel,2004,6615084.0,139688.0,35466.0,811,21.116587483998693,5.361383166109455,5.805795773437947,6.79697,32665.854
Israel,2005,6728212.0,139012.0,36452.0,775,20.661061215074675,5.4177841007388,5.575058268350934,6.8828454,33491.992
Israel,2006,6844029.0,142801.0,36129.0,767,20.865048935356644,5.278908081774639,5.3711108465627,6.7000074,34744.867
Israel,2007,6962456.0,146003.0,36934.0,724,20.970042755027823,5.30473729385148,4.958802216392814,6.6725616,36288.066
Israel,2008,7082621.0,150412.0,36773.0,739,21.236770963743506,5.192004485345185,4.913171821397229,6.806683,36795.48
Israel,2009,7206096.0,154212.0,36141.0,734,21.40021448506931,5.015337014660921,4.759681477446632,6.8699236,36364.785
Israel,2010,7336735.0,159952.0,36919.0,723,21.801523429699998,5.032074894350144,4.520106031809543,6.8503833,37686.344
Israel,2011,7471023.0,160672.0,38509.0,696,21.50602400768944,5.15444805885352,4.331806413065126,6.8059497,39036.023
Israel,2012,7607781.0,164233.0,39901.0,711,21.58750363607996,5.244761908893014,4.329215200355592,6.9418526,39245.508
Israel,2013,7749369.0,164976.0,39724.0,646,21.288959139769958,5.126094782684887,3.9157210745805453,6.940744,40095.477
Israel,2014,7897173.0,168979.0,41012.0,666,21.397403855784848,5.1932508000014685,3.9413181519597114,7.0299053,40795.63
Israel,2015,8052916.0,171255.0,42803.0,639,21.266209656228874,5.315217493886687,3.731277918892879,7.0209064,40889.598
Israel,2016,8210006.0,174190.0,42484.0,635,21.216793264219298,5.17466126090529,3.6454446294276366,7.0991917,41914.582
Israel,2017,8361796.0,176495.0,43448.0,665,21.107307568852434,5.19601291397207,3.7678121193234935,7.171894,42895.586
Israel,2018,8510067.0,177004.0,43652.0,643,20.799366209455222,5.129454327445365,3.6326862669770175,7.2355037,43782.652
Israel,2019,8657466.0,174772.0,45066.0,634,20.187431287630815,5.20544926194339,3.6275833657565286,7.207019,44492.12
Israel,2020,8800380.0,171034.0,47643.0,483,19.434842586342864,5.413743497439883,2.823999906451349,7.7480187,42926.543
Israel,2021,8942925.0,177692.0,49411.0,630,19.869561692622938,5.5251497692309846,3.545460684780407,7.8396106,46151.1
Israel,2022,9103143.0,174982.0,49683.0,596,19.22215217315602,5.457785294595504,3.4060646237898755,7.12005,48132.363
Italy,2000,57272200.0,540787.0,558196.0,2858,9.442399628441024,9.746369093556735,5.284890354242982,7.5470123,50353.42
Italy,2001,57305760.0,534531.0,554964.0,2923,9.327701089733388,9.684262105589385,5.468345147428306,7.7111583,51332.29
Italy,2002,57420636.0,535827.0,558423.0,2807,9.331610329080993,9.725127391483438,5.238631125344561,7.836389,51369.113
Italy,2003,57739697.0,540069.0,581774.0,2388,9.353512887329492,10.075806251633084,4.421657232686934,7.8067093,51126.258
Italy,2004,58176736.0,559657.0,540432.0,2491,9.61994498969485,9.28948643664024,4.450940486762428,8.137269,51495.004
Italy,2005,58519696.0,553647.0,563627.0,2330,9.460865962119831,9.6314068343759,4.208457735705242,8.309068,51585.645
Italy,2006,58754434.0,559082.0,554318.0,2276,9.515571199273232,9.43448795711316,4.070959179512129,8.39791,52304.242
Italy,2007,59108723.0,560914.0,568203.0,2178,9.48952999712073,9.612845129474376,3.8829481881357926,8.101672,52747.19
Italy,2008,59561687.0,574158.0,578567.0,2257,9.639720244995747,9.71374434038445,3.9309737041023554,8.501575,51806.39
Italy,2009,59904016.0,569050.0,586205.0,2277,9.499363114486348,9.785737904450345,4.00140585185836,8.9129095,48774.39
Italy,2010,60164212.0,562390.0,582909.0,2114,9.347583576761547,9.688633501923036,3.7589573072067424,8.87929,49301.695
Italy,2011,60367882.0,547811.0,592883.0,1985,9.074543976878301,9.821166162496805,3.6235124887963184,8.728508,49473.016
Italy,2012,60531522.0,533355.0,612076.0,1888,8.811194273291195,10.111690236369737,3.5398561933421453,8.798343,47795.957
Italy,2013,60653864.0,511406.0,598587.0,1795,8.431548565479686,9.868901344850842,3.509931443901714,8.789764,46833.363
Italy,2014,60664169.0,496200.0,599170.0,1638,8.179457630088034,9.87683520399002,3.3010882708585245,8.859136,46825.652
Italy,2015,60575314.0,479589.0,646394.0,1641,7.91723506377532,10.670914557702499,3.4216798133401727,8.845967,47311.824
Italy,2016,60478103.0,467188.0,618760.0,1524,7.724911609744108,10.231141013136606,3.2620700874166286,8.72044,47987.84
Italy,2017,60390317.0,452694.0,656416.0,1561,7.496135514572642,10.869557117906831,3.448245393135319,8.690605,48849.22
Italy,2018,60277496.0,434892.0,635638.0,1496,7.214831883527477,10.545195838924696,3.4399345124766607,8.654675,49355.875
Italy,2019,60130136.0,419609.0,643912.0,1258,6.978347762260175,10.708640339679258,2.998029117583274,8.615368,49690.63
Italy,2020,59912763.0,408035.0,750382.0,1189,6.81048543863684,12.524576775068777,2.9139657137255384,9.564303,45505.07
Italy,2021,59729353.0,407050.0,674149.0,1109,6.814907236647951,11.286728654167742,2.724481021987471,9.281645,49825.395
Italy,2022,59619106.0,399735.0,741667.0,1529,6.70481372196356,12.440089255950936,3.8250340850813664,8.850229,52333.33
Jamaica,2000,2607827.0,52498.0,18046.0,1106,20.130936599705425,6.919937557207591,21.067469236923312,5.978692,9667.925
Jamaica,2001,2624410.0,51636.0,17967.0,1073,19.67527939613094,6.846110173334196,20.780075916027577,5.1565294,9736.0625
Jamaica,2002,2640582.0,51305.0,17737.0,1034,19.4294288153142,6.717079795287554,20.15398109346068,5.5793414,9869.713
Jamaica,2003,2656629.0,50977.0,17641.0,999,19.188603301401887,6.640370183416653,19.597073189869942,4.9923925,10169.75
Jamaica,2004,2672227.0,50225.0,17722.0,980,18.795184690522174,6.631921614443684,19.51219512195122,5.8376675,10244.207
Jamaica,2005,2687070.0,49327.0,17827.0,954,18.35716970529238,6.634363823793202,19.340320716848787,5.8210487,10278.684
Jamaica,2006,2700973.0,48211.0,17998.0,931,17.849493497343364,6.66352458910178,19.31094563481363,5.5102234,10522.236
Jamaica,2007,2713808.0,46970.0,18084.0,906,17.30778301191536,6.663699126835796,19.28890781349798,6.191096,10622.444
Jamaica,2008,2725633.0,45610.0,18061.0,883,16.733727541455508,6.626350649555535,19.359789519842142,6.6553397,10490.469
Jamaica,2009,2737001.0,44233.0,17916.0,853,16.16111941500935,6.545850732243064,19.28424479461036,6.370216,9992.977
Jamaica,2010,2748573.0,42755.0,17722.0,828,15.555344536965181,6.447709411392748,19.366156005145598,6.4421926,9805.901
Jamaica,2011,2760493.0,41214.0,17588.0,794,14.929941861834099,6.37132570160475,19.2652981996409,6.523178,9932.483
Jamaica,2012,2772432.0,39948.0,17629.0,766,14.409009851278588,6.35867714699585,19.174927405627315,6.186029,9829.035
Jamaica,2013,2783689.0,38913.0,17878.0,743,13.978932272965839,6.422412848561747,19.09387608254311,6.284533,9839.965
Jamaica,2014,2793756.0,38052.0,18297.0,723,13.620373432755043,6.5492476794680705,19.00031535793125,6.286739,9872.159
Jamaica,2015,2802536.0,37324.0,18840.0,706,13.317937753520383,6.72248277988222,18.915443146500913,6.6147714,9931.898
Jamaica,2016,2809919.0,36364.0,19421.0,688,12.941298307887168,6.911587131159297,18.91981080189198,6.5901823,10179.254
Jamaica,2017,2815765.0,35458.0,20044.0,673,12.592670197974618,7.118491777545357,18.98020192904281,6.9847693,10391.038
Jamaica,2018,2820103.0,34701.0,20779.0,671,12.304869715751517,7.368170595187481,19.336618541252413,6.838845,10636.093
Jamaica,2019,2823275.0,34357.0,21265.0,670,12.169200662351347,7.5320328342085,19.501120586779987,6.9694557,10816.372
Jamaica,2020,2830745.0,34014.0,21843.0,657,12.015918071037836,7.716343224133576,19.315575939319103,7.475553,9891.97
Jamaica,2021,2837680.0,33921.0,27537.0,656,11.953779143525697,9.704054015956697,19.33905250434834,8.002617,10430.691
Jamaica,2022,2839150.0,33658.0,22437.0,654,11.854956589119984,7.9027173625909155,19.43074454810149,8.653387,11096.638
Japan,2000,127027794.0,1197065.0,994661.0,5369,9.423646292716066,7.830262721873293,4.485136563177439,7.0345616,39731.797
Japan,2001,127260144.0,1180835.0,1001554.0,5007,9.278906677961956,7.8701309657483955,4.240219844432118,7.239479,39748.984
Japan,2002,127484599.0,1163599.0,1014397.0,4776,9.127369181276556,7.957016047091304,4.104506793147811,7.352354,39690.367
Japan,2003,127671254.0,1137890.0,1049519.0,4559,8.912656250717173,8.220480077684519,4.006538417597483,7.4865484,40152.13
Japan,2004,127815769.0,1120731.0,1063955.0,4351,8.768331237752049,8.324129395958959,3.8822875426841943,7.5351844,40986.723
Japan,2005,127913331.0,1078811.0,1122518.0,4162,8.433921558965578,8.775613856854372,3.8579510220047815,7.658186,41740.35
Japan,2006,127997247.0,1095688.0,1127231.0,4037,8.560246612179089,8.8066815999566,3.684443016625171,7.6868887,42358.934
Japan,2007,128087683.0,1093907.0,1149567.0,3852,8.540298133115577,8.974844208869014,3.521323110648346,7.779357,43041.57
Japan,2008,128155992.0,1094130.0,1182485.0,3793,8.53748609741166,9.2269193312475,3.4666812901574766,8.089093,42518.844
Japan,2009,128192471.0,1074687.0,1181429.0,3490,8.38338625986857,9.216056066194403,3.2474571665982745,8.958782,39999.945
Japan,2010,128185273.0,1070600.0,1235563.0,3461,8.351973475143279,9.638884179776253,3.2327666728937046,9.063006,41647.047
Japan,2011,128096430.0,1050600.0,1292910.0,3672,8.201633722344955,10.093255526324972,3.4951456310679614,10.487802,41640.66
Japan,2012,127928283.0,1037199.0,1296809.0,3205,8.107659820619965,10.136999962705667,3.090053114204699,10.671691,42394.94
Japan,2013,127723642.0,1023434.0,1307459.0,2975,8.012878304863872,10.236624790263967,2.906880170094017,10.674387,43304.117
Japan,2014,127486601.0,998487.0,1313096.0,2901,7.832093664494201,10.299874572701173,2.905395863942145,10.729014,43754.438
Japan,2015,127275868.0,994851.0,1328710.0,2741,7.816493539843703,10.439606666049215,2.755186455057089,10.7497,44589.305
Japan,2016,127159950.0,967960.0,1349578.0,2646,7.612145176213108,10.613231603189528,2.7335840323980327,10.6589155,44926.62
Japan,2017,127064686.0,937434.0,1383635.0,2444,7.377612376108969,10.889217480929359,2.6071168743612883,10.656271,45693.38
Japan,2018,126913432.0,910945.0,1410417.0,2375,7.1776878589178805,11.113220860657208,2.607182650983319,10.739882,46133.023
Japan,2019,126699421.0,864781.0,1432118.0,2310,6.825453448599422,11.30327185946651,2.6711965225878,10.969984,46055.35
Japan,2020,126304533.0,840688.0,1423308.0,1994,6.656039811334404,11.268859210302452,2.3718668519117676,11.449746,44212.55
Japan,2021,125679342.0,810611.0,1485403.0,1909,6.449834850344777,11.818990904646844,2.355013687206317,12.081082,45999.46
Japan,2022,124997585.0,786576.0,1615301.0,1855,6.292729575535399,12.922657665746103,2.358322654136409,12.322757,46819.36
Jordan,2000,5386945.0,156514.0,20101.0,4232,29.054315572184233,3.7314284812634995,27.03911471178297,9.343679,8781.609
Jordan,2001,5498900.0,156809.0,20354.0,4108,28.51643055883904,3.701467566240521,26.19747591018373,9.572364,9056.194
Jordan,2002,5616077.0,159938.0,20690.0,4044,28.478598138878795,3.684066297524055,25.28479785917043,9.278642,9380.113
Jordan,2003,5741837.0,163500.0,21057.0,4001,28.475207498924124,3.6672932373385034,24.470948012232416,8.78901,9556.481
Jordan,2004,5882066.0,163183.0,21429.0,3896,27.74246327735867,3.6431077107941325,23.875036002524773,8.746705,10127.853
Jordan,2005,6029597.0,163738.0,21930.0,3818,27.155712065002025,3.637058994158316,23.31773931524753,8.494416,10684.942
Jordan,2006,6427377.0,170046.0,22401.0,3809,26.45651562060231,3.4852475589964613,22.39982122484504,7.679257,10834.874
Jordan,2007,6827235.0,192454.0,24877.0,4166,28.189157103864158,3.643788444370232,21.6467311669282,7.9098263,11034.292
Jordan,2008,6989874.0,200657.0,25615.0,4212,28.70681216857414,3.664586800849343,20.99104441908331,8.488806,11555.729
Jordan,2009,7141763.0,204024.0,26375.0,4179,28.56773600580137,3.6930657038045087,20.482884366545115,9.223969,11888.662
Jordan,2010,7297046.0,204830.0,27079.0,4096,28.07026295298125,3.7109537201766303,19.997070741590587,8.170257,11942.572
Jordan,2011,7480431.0,204950.0,27874.0,4005,27.398153929900563,3.7262558801758883,19.541351549158332,8.148077,11988.496
Jordan,2012,7587133.0,204058.0,28616.0,3893,26.89527124409181,3.7716486583271966,19.077909221887893,7.8179955,12104.122
Jordan,2013,7991812.0,199206.0,28736.0,3701,24.926262029186873,3.5956801786628616,18.578757667941726,7.165924,11804.122
Jordan,2014,8791715.0,213850.0,29677.0,3871,24.32403689155074,3.375564380783499,18.101472995090017,7.208929,11086.69
Jordan,2015,9544730.0,225764.0,30266.0,3998,23.653262061891745,3.1709645008292537,17.708757817898338,7.460956,10469.631
Jordan,2016,10006369.0,237633.0,31741.0,4070,23.748174787477854,3.1720797024375176,17.127250844790076,6.9764414,10197.505
Jordan,2017,10234227.0,237611.0,31703.0,3949,23.217288418558628,3.097742506590874,16.619600944400723,7.1095366,10220.493
Jordan,2018,10462310.0,237255.0,31927.0,3832,22.67711432752423,3.0516205312211167,16.15139828454616,6.98295,10183.024
Jordan,2019,10671893.0,237304.0,32371.0,3697,22.2363548809944,3.033295030225659,15.579172706739035,7.0724463,10168.358
Jordan,2020,10865232.0,236062.0,37918.0,3558,21.726365345903336,3.489847248544716,15.072311511382603,7.5455475,9872.31
Jordan,2021,11066356.0,235810.0,45005.0,3447,21.308730714970675,4.066831032726582,14.617700691234468,7.697339,10056.562
Jordan,2022,11256269.0,235500.0,35600.0,3337,20.921674846256785,3.1626820574383925,14.169851380042463,7.7362328,10158.474
Kazakhstan,2000,15501108.0,245353.0,164646.0,10340,15.82809435299722,10.621563310184019,42.143360790371425,4.1603203,12935.864
Kazakhstan,2001,15575550.0,248258.0,163979.0,9820,15.938955606704098,10.527974935074523,39.55562358514127,3.4709804,14612.029
Kazakhstan,2002,15656680.0,257137.0,163557.0,9488,16.42346908795479,10.44646757805614,36.8986182463045,3.6148138,15960.874
Kazakhstan,2003,15747377.0,275832.0,163704.0,9439,17.51605997621064,10.395636047831966,34.22010499144407,3.72335,17344.752
Kazakhstan,2004,15850164.0,296258.0,163966.0,9461,18.69116306935373,10.344751006992736,31.93500259908593,3.9830768,18886.582
Kazakhstan,2005,15968118.0,310259.0,163635.0,9296,19.429904012482872,10.247607138173704,29.962063953019896,3.9017296,20565.53
Kazakhstan,2006,16103718.0,329515.0,163033.0,9172,20.462044852002503,10.12393535455601,27.83484818597029,3.3982484,22574.344
Kazakhstan,2007,16257212.0,350072.0,161588.0,9018,21.53333548212326,9.939465635313114,25.760415000342785,2.7031481,24351.346
Kazakhstan,2008,16426527.0,373109.0,158947.0,8835,22.713809194116322,9.676238927437309,23.67940735817147,3.0256984,24895.664
Kazakhstan,2009,16619851.0,372500.0,154465.0,8172,22.412956650453726,9.294006306073383,21.938255033557045,3.4735563,24901.354
Kazakhstan,2010,16836808.0,380773.0,150285.0,7597,22.6155100182885,8.925979318645197,19.951519671825473,2.736414,26374.84
Kazakhstan,2011,17065996.0,383804.0,145914.0,6919,22.48939938811658,8.549984425169207,18.02743066773666,2.6023667,27946.16
Kazakhstan,2012,17306115.0,391860.0,141878.0,6353,22.642863519628754,8.198142679625093,16.212422804062676,3.0372598,28881.242
Kazakhstan,2013,17556502.0,397592.0,138337.0,5824,22.646424669333335,7.87953089972023,14.648182055976982,2.6628675,30177.488
Kazakhstan,2014,17816285.0,410084.0,135664.0,5444,23.01736866018926,7.614606524311887,13.275328956994176,2.9746845,30986.438
Kazakhstan,2015,18084175.0,407128.0,133607.0,5015,22.51294294597348,7.388061661646163,12.317993358354128,3.0405111,30893.76
Kazakhstan,2016,18363600.0,410247.0,132369.0,4721,22.340227406390905,7.208227145004248,11.50770145790219,3.422356,30758.322
Kazakhstan,2017,18651931.0,399800.0,131739.0,4409,21.43477798625783,7.063022053855979,11.0280140070035,3.0524447,31524.441
Kazakhstan,2018,18932725.0,410881.0,131962.0,4322,21.70215856407358,6.9700478932641765,10.518860692025186,2.9006245,32330.227
Kazakhstan,2019,19209556.0,411552.0,132755.0,4230,21.42433692897431,6.910883312451365,10.27816655003499,2.8714375,33298.21
Kazakhstan,2020,19482116.0,439716.0,167258.0,4371,22.570238263646516,8.585207068883072,9.940507054553395,3.8313382,32011.549
Kazakhstan,2021,19743607.0,459460.0,190432.0,4446,23.27133030960351,9.645248712659242,9.676576851086057,3.9870186,32945.85
Kazakhstan,2022,20034612.0,417107.0,140075.0,4101,20.819320084661484,6.991650250077216,9.832009532326238,3.74578,33506.26
Kenya,2000,30642893.0,1233019.0,304655.0,113320,40.23833519896441,9.94210957823075,91.90450431015256,3.6245143,3756.6362
Kenya,2001,31619170.0,1270715.0,306983.0,111121,40.18812005501726,9.70876212120685,87.44761807328945,3.7400231,3778.2585
Kenya,2002,32629809.0,1303182.0,311135.0,108181,39.93838885173983,9.535299455782901,83.01296365358024,3.8215947,3681.2568
Kenya,2003,33652233.0,1327867.0,309688.0,104437,39.45851082155529,9.202598829028672,78.65019614163165,4.033657,3674.086
Kenya,2004,34713453.0,1357304.0,308717.0,100553,39.100230103873564,8.893295633828187,74.08288784236987,4.211595,3743.5679
Kenya,2005,35796485.0,1388301.0,307865.0,96545,38.78316544208181,8.600425432832301,69.54183566820164,4.217414,3844.7356
Kenya,2006,36904010.0,1420499.0,307149.0,93038,38.49172488301407,8.322916669489306,65.49670221520746,5.0134387,3970.7334
Kenya,2007,38036354.0,1456741.0,309674.0,89782,38.29864976017418,8.14152691922049,61.63209520429506,5.1235847,4116.451
Kenya,2008,39206349.0,1484001.0,309188.0,86859,37.85103785103785,7.886171701425194,58.53028400924258,5.190506,4002.8835
Kenya,2009,40408887.0,1501942.0,308384.0,83986,37.168606004911744,7.631588566148827,55.918271144957664,5.2917295,4012.1943
Kenya,2010,41598570.0,1508620.0,308850.0,81218,36.26615049507711,7.424534064512314,53.83595603929419,5.3884983,4211.5244
Kenya,2011,42758467.0,1496940.0,311066.0,78114,35.009206480672006,7.274956793937444,52.18245220249309,5.2021284,4307.106
Kenya,2012,43888306.0,1477880.0,316355.0,75134,33.673662410210135,7.2081843395823935,50.83903970552413,5.0180583,4387.938
Kenya,2013,44986794.0,1458784.0,322766.0,72652,32.426938447758694,7.174683308172616,49.80312369754535,4.931004,4443.371
Kenya,2014,46051441.0,1452569.0,329236.0,70254,31.54231373563316,7.149309399460486,48.36534443458452,4.9126735,4558.552
Kenya,2015,47088528.0,1455413.0,336199.0,68574,30.90801649183003,7.1397220146699,47.116522938849656,4.7643957,4679.622
Kenya,2016,48139683.0,1453935.0,345128.0,66837,30.20242156559278,7.169303545268464,45.969730421236164,4.754291,4770.3105
Kenya,2017,49197757.0,1456356.0,350571.0,65539,29.60208124935452,7.125751688232453,45.00204620298883,3.985975,4846.8623
Kenya,2018,50207109.0,1457849.0,360810.0,64459,29.03670474235033,7.186432503014663,44.21514162303503,4.099034,5017.668
Kenya,2019,51202829.0,1445243.0,373454.0,63036,28.22584275568055,7.29362043648018,43.616194646851774,4.3687468,5171.7124
Kenya,2020,52217327.0,1450722.0,414430.0,69931,27.782387252415276,7.936637583919223,48.20427345831938,4.492489,5057.4014
Kenya,2021,53219167.0,1469426.0,432378.0,70259,27.610841785629603,8.124478911892778,47.81390828799817,4.569927,5338.8525
Kenya,2022,54252458.0,1483377.0,391273.0,61101,27.342116001453796,7.212078759638872,41.1904728197889,4.3224187,5491.694
Kiribati,2000,88632.0,2791.0,631.0,184,31.489755393086018,7.11932484881307,65.92619132927265,7.7737985,2481.7332
Kiribati,2001,90350.0,2757.0,629.0,178,30.514665190924184,6.961815163254013,64.56293072179905,11.905477,2357.884
Kiribati,2002,92281.0,2714.0,642.0,173,29.41017110781201,6.957011735893629,63.74355195283714,11.4402895,2341.9956
Kiribati,2003,94189.0,2692.0,645.0,169,28.580832156621263,6.8479334104831775,62.77860326894502,10.050608,2258.3232
Kiribati,2004,96096.0,2776.0,661.0,169,28.88777888777889,6.878538128538129,60.87896253602305,12.171761,2199.9526
Kiribati,2005,98045.0,2861.0,671.0,171,29.180478351777246,6.843796216023255,59.76931142957008,11.36302,2184.061
Kiribati,2006,100028.0,2974.0,688.0,174,29.73167513096333,6.878074139241012,58.50706119704102,11.308523,2264.4517
Kiribati,2007,102081.0,3097.0,700.0,179,30.338652638590922,6.857299595419324,57.79786890539231,10.945455,2286.7395
Kiribati,2008,104235.0,3213.0,717.0,184,30.82457907612606,6.878687580946899,57.26735138499844,13.514286,2172.636
Kiribati,2009,106479.0,3309.0,737.0,189,31.07655030569408,6.921552606617267,57.116953762466004,12.738889,2138.24
Kiribati,2010,108717.0,3397.0,748.0,194,31.24626323390086,6.880248719151559,57.10921401236385,8.766666,2119.9119
Kiribati,2011,110660.0,3477.0,765.0,199,31.420567504066508,6.913067052232063,57.23324705205637,7.989474,2150.6584
Kiribati,2012,112293.0,3458.0,779.0,199,30.79443954654342,6.937208908836704,57.54771544245228,7.95,2242.301
Kiribati,2013,113847.0,3420.0,789.0,198,30.040317267912197,6.930353896018341,57.89473684210526,8.708134,2382.6755
Kiribati,2014,115339.0,3381.0,801.0,198,29.313588638708506,6.94474548938347,58.56255545696539,8.954955,2381.6536
Kiribati,2015,116826.0,3371.0,809.0,198,28.854878194922364,6.924828377244791,58.73628003559775,7.2156863,2616.1763
Kiribati,2016,118488.0,3378.0,836.0,199,28.509216123151713,7.055566808453177,58.91059798697454,9.042651,2762.2874
Kiribati,2017,120288.0,3401.0,856.0,200,28.273809523809526,7.116254322958234,58.80623346074684,9.684242,2822.021
Kiribati,2018,122097.0,3432.0,873.0,201,28.108798741983833,7.150052826850783,58.56643356643357,10.896942,2875.4177
Kiribati,2019,123928.0,3448.0,883.0,200,27.82260667484346,7.125104899619133,58.0046403712297,10.166002,2926.5938
Kiribati,2020,126110.0,3449.0,954.0,198,27.349139639996828,7.564824359685989,57.407944331690345,13.65645,2839.1729
Kiribati,2021,128387.0,3455.0,1049.0,197,26.910824304641437,8.17060917382601,57.01881331403762,11.832286,3024.2102
Kiribati,2022,130483.0,3445.0,920.0,192,26.40190676180039,7.05072691461723,55.73294629898404,10.525538,3127.1775
Kuwait,2000,1954713.0,43766.0,3950.0,558,22.389987686171832,2.0207570113873494,12.749622995018965,2.20363,60585.3
Kuwait,2001,2008127.0,44729.0,4067.0,555,22.273989643085322,2.0252703140787407,12.408057412417,3.1871963,59099.664
Kuwait,2002,2059983.0,45841.0,4187.0,553,22.253096263415763,2.0325410452416355,12.063436661503893,3.1244175,59348.617
Kuwait,2003,2109886.0,47270.0,4337.0,554,22.404054057896968,2.055561295728774,11.71990691770679,2.760426,67984.31
Kuwait,2004,2157329.0,48843.0,4499.0,556,22.640496651183014,2.085449182762573,11.383412157320393,2.3570247,73298.06
Kuwait,2005,2236797.0,49914.0,4666.0,552,22.314944091931455,2.086018534538449,11.059021517009255,2.013309,78193.9
Kuwait,2006,2364741.0,50829.0,4921.0,565,21.494531536434643,2.0809889962579415,11.115701666371558,1.8213098,79521.35
Kuwait,2007,2507890.0,51723.0,5182.0,573,20.624110307868367,2.066278824031357,11.078243721361869,1.9267365,79474.76
Kuwait,2008,2651433.0,52912.0,5409.0,577,19.956001151075665,2.0400289202103163,10.90489869972785,1.924003,77036.51
Kuwait,2009,2795489.0,54466.0,5588.0,582,19.483532219228906,1.998934712316879,10.685565306796901,2.7063878,67896.266
Kuwait,2010,2943374.0,55560.0,5722.0,578,18.876296386391942,1.9440275004127916,10.403167746580273,2.6787992,62956.215
Kuwait,2011,3132815.0,56574.0,5838.0,584,18.058519255046978,1.8634997598006904,10.322763106727473,2.3330355,64844.5
Kuwait,2012,3337025.0,59245.0,6064.0,589,17.753837624830503,1.8171874648826425,9.941767237741582,2.3331144,64908.26
Kuwait,2013,3507755.0,58994.0,6324.0,578,16.818164324475344,1.8028625146283022,9.797606536257923,2.4878929,62458.81
Kuwait,2014,3665769.0,61262.0,6589.0,582,16.711909561131648,1.7974400460039899,9.500179556658289,2.9159987,60065.656
Kuwait,2015,3834465.0,59018.0,6891.0,562,15.391456174459801,1.7971216323528836,9.522518553661595,4.2149796,57763.516
Kuwait,2016,4003976.0,58704.0,7311.0,543,14.661426542017235,1.8259350205895342,9.249795584627964,4.730963,56936.62
Kuwait,2017,4154686.0,59228.0,7734.0,537,14.25571029916581,1.8615125186355839,9.066657661916661,4.653268,52285.586
Kuwait,2018,4323389.0,55446.0,8226.0,505,12.82466139410541,1.9026740365023826,9.107960898892616,5.1720185,51623.81
Kuwait,2019,4442201.0,53115.0,8872.0,481,11.956910549522636,1.9972081407392417,9.05582227242775,5.182004,51380.645
Kuwait,2020,4400146.0,52346.0,12488.0,463,11.896423436858687,2.8380876452735886,8.844992931647116,6.112952,49372.82
Kuwait,2021,4360748.0,44000.0,13970.0,400,10.090012080496281,3.2035788355575696,9.09090909090909,5.3727317,50651.957
Kuwait,2022,4589514.0,48257.0,8991.0,436,10.51462093807754,1.9590309562188937,9.03495865884742,4.2002454,51379.883
Kyrgyzstan,2000,5025150.0,111842.0,40128.0,5597,22.256450056217226,7.985433270648637,50.04381180594052,4.4141498,3638.4631
Kyrgyzstan,2001,5071960.0,111634.0,40770.0,5256,22.01003162485509,8.038312604988999,47.08243008402458,4.2770324,3795.8906
Kyrgyzstan,2002,5116252.0,113278.0,41551.0,5052,22.140817145050715,8.121374787637514,44.598245025512455,4.5921955,3760.5325
Kyrgyzstan,2003,5159422.0,115587.0,41996.0,4908,22.403090888863133,8.139671459322381,42.461522489553325,5.823821,3982.9272
Kyrgyzstan,2004,5203048.0,118393.0,41967.0,4791,22.754546950172283,8.065849094607621,40.46691949692972,6.202813,4211.5225
Kyrgyzstan,2005,5246337.0,120767.0,42229.0,4662,23.019298988989842,8.049235113947121,38.603260824563,7.4501066,4156.9585
Kyrgyzstan,2006,5282451.0,126666.0,43208.0,4623,23.978641732786542,8.179536355377456,36.49756051347639,8.311839,4240.1704
Kyrgyzstan,2007,5313376.0,129303.0,43164.0,4475,24.33537547502755,8.123648693410743,34.60863243698909,6.9321065,4558.713
Kyrgyzstan,2008,5342530.0,132930.0,42066.0,4363,24.88147001514264,7.873797620228618,32.82178590235462,6.525119,4894.943
Kyrgyzstan,2009,5398013.0,139854.0,41007.0,4247,25.908422228697855,7.596684187311146,30.367383128119325,6.8987346,4969.9614
Kyrgyzstan,2010,5491763.0,150123.0,40622.0,4300,27.336030342168808,7.396896042309182,28.643179259673737,6.9502716,4876.4795
Kyrgyzstan,2011,5594537.0,154364.0,41635.0,4199,27.59191690036191,7.442081444809463,27.20193827576378,7.1072917,5092.8516
Kyrgyzstan,2012,5696521.0,156164.0,42252.0,4042,27.413925095685595,7.417158648234598,25.883046028534107,8.509664,4993.3945
Kyrgyzstan,2013,5797294.0,153027.0,43239.0,3791,26.39628074753497,7.458479766594552,24.773406000248322,8.18745,5418.5405
Kyrgyzstan,2014,5898322.0,155058.0,43679.0,3630,26.288493574952334,7.405326464035026,23.410594745192125,7.3576646,5513.7544
Kyrgyzstan,2015,6001876.0,154056.0,43790.0,3433,25.66797447997926,7.296052101043074,22.28410448148725,7.149309,5600.2144
Kyrgyzstan,2016,6108460.0,149936.0,43151.0,3197,24.545630158828903,7.064137278462984,21.322430903852307,6.4124823,5715.0103
Kyrgyzstan,2017,6220148.0,150046.0,42191.0,3035,24.122577147682016,6.7829575759290615,20.22713034669368,6.1858635,5861.222
Kyrgyzstan,2018,6341733.0,167235.0,42974.0,3148,26.37055202418645,6.776381156381071,18.823810805154423,5.010309,5951.8286
Kyrgyzstan,2019,6494036.0,172605.0,43058.0,3151,26.579002641808575,6.6303913313692755,18.255554589959733,4.254618,6087.602
Kyrgyzstan,2020,6664143.0,160005.0,51349.0,2949,24.009838924524878,7.705266828758027,18.430674041436205,4.93559,5537.7954
Kyrgyzstan,2021,6820483.0,153197.0,50083.0,2796,22.461312490625662,7.343028345646489,18.25101013727423,5.352756,5736.479
Kyrgyzstan,2022,6955792.0,150267.0,41564.0,2681,21.603147420164376,5.975451824896431,17.841575329247274,5.0487494,6139.778
Laos,2000,5431213.0,178694.0,54491.0,19270,32.90130584088674,10.032933711124937,107.83798001052078,4.275136,2899.0195
Laos,2001,5521481.0,177307.0,53455.0,18285,32.112217718398384,9.681279352405632,103.12621611103904,4.2903166,3015.6326
Laos,2002,5610888.0,174948.0,52832.0,17326,31.1800912796691,9.415978362070318,99.0351418707273,3.6975126,3143.2234
Laos,2003,5697944.0,174697.0,52540.0,16494,30.659655482749567,9.220869843578667,94.41490122898504,4.479207,3282.9854
Laos,2004,5781627.0,173880.0,51993.0,15689,30.074579352836146,8.99279735617673,90.22889348976305,3.5405724,3441.17
Laos,2005,5869531.0,168974.0,50801.0,14702,28.788330788269114,8.655035640837403,87.0074686046374,3.336732,3630.5588
Laos,2006,5963199.0,169147.0,50538.0,13955,28.36514427910254,8.474981297789995,82.50220222646573,2.9320092,3881.5374
Laos,2007,6056237.0,170327.0,50351.0,13291,28.124229616509393,8.313908455035694,78.0322556024588,3.1298623,4112.253
Laos,2008,6148974.0,171444.0,50405.0,12692,27.881724658455212,8.197302509329198,74.03000396630969,2.767273,4367.163
Laos,2009,6241649.0,172074.0,49899.0,12105,27.568676162341074,7.994521960462691,70.34764113114126,3.463004,4625.072
Laos,2010,6334198.0,172255.0,49744.0,11513,27.194445137332302,7.8532436150559235,66.8369568372471,2.9115493,4946.1055
Laos,2011,6426592.0,172082.0,49219.0,10966,26.776555910193146,7.658647071418257,63.72543322369569,1.9445751,5266.879
Laos,2012,6518981.0,170630.0,49304.0,10354,26.174336142412443,7.563145221622827,60.6810056848151,2.0763757,5608.9697
Laos,2013,6611385.0,169404.0,49553.0,9845,25.623072926474556,7.495101253368243,58.11551084980284,2.3998497,5974.4736
Laos,2014,6703170.0,167909.0,49809.0,9308,25.049193142945803,7.430663402539396,55.43478908218142,2.2984555,6341.2124
Laos,2015,6801647.0,169785.0,51068.0,8944,24.962336328245204,7.508181474281156,52.67838737226492,2.4536645,6703.741
Laos,2016,6908800.0,169731.0,49750.0,8605,24.5673633626679,7.200961093098657,50.69786898091686,2.360875,7063.2554
Laos,2017,7018150.0,169257.0,48735.0,8247,24.117039390722628,6.944137700106153,48.72472039561141,2.5260682,7432.4595
Laos,2018,7128043.0,168212.0,48228.0,7962,23.598623072279445,6.76595245006238,47.33312724419185,2.2463005,7775.086
Laos,2019,7237635.0,167556.0,47761.0,7579,23.150656257188984,6.5989788100671,45.23263864021581,2.6031222,8075.275
Laos,2020,7346534.0,166166.0,47553.0,7243,22.618285030736942,6.472848284646882,43.58894117930263,2.0596519,7995.595
Laos,2021,7453192.0,165066.0,49746.0,6934,22.14702103474592,6.67445572313178,42.00743944846304,2.74392,8080.4355
Laos,2022,7559008.0,163976.0,47354.0,6640,21.692793551746473,6.264578632540142,40.49373078987169,2.0182548,8183.0327
Latvia,2000,2368320.0,20319.0,32539.0,257,8.579499391974059,13.739275097959734,12.648260249028002,5.571693,14554.213
Latvia,2001,2338299.0,19815.0,33308.0,268,8.474108743150468,14.244542721012156,13.525107241988392,5.890922,15695.906
Latvia,2002,2311358.0,20207.0,32830.0,265,8.742479529350279,14.20377111637401,13.11426733310239,5.9547777,17096.559
Latvia,2003,2288983.0,21208.0,32735.0,264,9.265250113259906,14.301111017425642,12.448132780082986,5.7364483,18717.668
Latvia,2004,2264179.0,20730.0,32262.0,230,9.155636546403796,14.248873432710047,11.095031355523396,6.4751854,20574.12
Latvia,2005,2239787.0,22042.0,33022.0,210,9.841114355963313,14.743366221877348,9.527266128300518,6.0816174,23213.354
Latvia,2006,2219039.0,23073.0,33259.0,214,10.39774424874912,14.988019588659775,9.2749100680449,6.0212708,26431.814
Latvia,2007,2200774.0,24127.0,33214.0,241,10.962961212736975,15.091963100254729,9.988809217888672,5.819692,29423.736
Latvia,2008,2177710.0,24673.0,31239.0,193,11.329791386364576,14.34488522346869,7.822315891865602,5.866032,28726.973
Latvia,2009,2142044.0,22503.0,30020.0,203,10.505386443975942,14.014651426394604,9.021019419632937,6.268324,24520.68
Latvia,2010,2097834.0,20254.0,30211.0,143,9.654720058879779,14.40104412455895,7.060333761232349,6.2242036,24119.73
Latvia,2011,2059940.0,19167.0,28658.0,153,9.304639940969155,13.912055690942454,7.982469870089217,5.9175825,25308.732
Latvia,2012,2034639.0,20097.0,29109.0,150,9.877427887698998,14.306714852118729,7.4638005672488426,5.6207504,27496.545
Latvia,2013,2013004.0,20860.0,28784.0,120,10.362622230258857,14.299027721753161,5.752636625119846,5.6040483,28375.184
Latvia,2014,1994153.0,21921.0,28537.0,107,10.992636974194058,14.310336268079732,4.88116418046622,5.663636,29243.742
Latvia,2015,1977874.0,22211.0,28536.0,107,11.229734553363866,14.427612679068535,4.817432803565801,5.849168,30599.613
Latvia,2016,1959863.0,22133.0,28659.0,106,11.29313630595608,14.622960890633681,4.789228753445082,6.351845,31668.516
Latvia,2017,1942599.0,21019.0,28834.0,104,10.820040574508687,14.843001566458131,4.947904277082639,6.1872187,33036.39
Latvia,2018,1927586.0,19471.0,28823.0,75,10.101235431259617,14.952899637162751,3.8518822864773252,6.4085426,34729.707
Latvia,2019,1914267.0,18887.0,27786.0,82,9.86643973907506,14.515216529355623,4.341610631651401,6.862769,35208.195
Latvia,2020,1901119.0,17629.0,28447.0,80,9.272959767379108,14.963292671316209,4.5379771966645865,7.5058737,34225.9
Latvia,2021,1885593.0,17471.0,34309.0,63,9.265520183836067,18.195336957657354,3.6059756167363055,9.410507,36912.01
Latvia,2022,1881059.0,15907.0,29860.0,73,8.456406736843448,15.874036912186169,4.589174577230151,8.10443,37718.71
Lebanon,2000,4329345.0,92241.0,19603.0,1827,21.30599432477661,4.5279366740234375,19.80681042052883,10.829514,11571.732
Lebanon,2001,4401923.0,92686.0,19527.0,1735,21.055797659341156,4.436015804910718,18.719116155622206,10.562548,11817.931
Lebanon,2002,4463505.0,92055.0,19405.0,1635,20.623926712303447,4.347480287352652,17.761121068926187,9.282337,12053.834
Lebanon,2003,4525513.0,90520.0,19290.0,1528,20.002152242187794,4.262500185061893,16.880247459125055,8.671099,12272.344
Lebanon,2004,4599285.0,88984.0,19312.0,1429,19.34735507801756,4.198913526776445,16.059066798525578,7.999231,12882.076
Lebanon,2005,4671105.0,87200.0,19424.0,1335,18.667959722592407,4.158330844628841,15.309633027522937,7.5486765,13024.665
Lebanon,2006,4751146.0,86801.0,20871.0,1264,18.26948698271954,4.392834907620183,14.56204421608046,8.660579,13003.681
Lebanon,2007,4844119.0,86928.0,19959.0,1211,17.945058740299316,4.1202538583383275,13.93106939076017,8.559842,13941.562
Lebanon,2008,4925359.0,87636.0,20508.0,1183,17.792814696350053,4.163757403267457,13.499018668127253,7.8175173,14955.142
Lebanon,2009,4992295.0,89813.0,20809.0,1166,17.990323087878423,4.168223232000513,12.98253036865487,7.0073576,16264.351
Lebanon,2010,5041290.0,93795.0,21191.0,1184,18.605356962206102,4.203487599404121,12.623274161735699,7.438645,17390.758
Lebanon,2011,5096018.0,96991.0,21465.0,1203,19.032703573653,4.212112280608114,12.403212669216732,8.177444,17353.195
Lebanon,2012,5235742.0,99282.0,22031.0,1232,18.962355287941996,4.207808558939688,12.409097318748616,7.004201,17323.3
Lebanon,2013,5743441.0,103475.0,23256.0,1303,18.016203178547496,4.049140576180725,12.592413626479827,7.067422,16396.496
Lebanon,2014,6346993.0,119400.0,27121.0,1526,18.812057930424693,4.2730470948998995,12.780569514237856,7.521914,15205.873
Lebanon,2015,6472470.0,126567.0,29183.0,1644,19.55466769255014,4.50878876224996,12.98916779255256,7.4159665,14980.0205
Lebanon,2016,6323061.0,121382.0,29827.0,1604,19.19671500875921,4.717177329144856,13.214479906411164,7.9234495,15572.361
Lebanon,2017,6160129.0,114874.0,30708.0,1575,18.647986105485778,4.984960542222411,13.710674304020056,7.8035755,16128.584
Lebanon,2018,5984120.0,108255.0,31086.0,1547,18.090379203625595,5.194748768407051,14.290333010022632,8.070317,16290.052
Lebanon,2019,5794601.0,102113.0,31631.0,1521,17.622093393488182,5.458701988281851,14.895263090889506,8.685339,15659.566
Lebanon,2020,5702400.0,96441.0,36535.0,1938,16.912352693602696,6.406951459034792,20.095187731359072,7.482218,12507.437
Lebanon,2021,5718129.0,94769.0,48158.0,1631,16.573428126577767,8.421985583046483,17.21026918085028,4.400062,11599.775
Lebanon,2022,5744492.0,94050.0,33132.0,1632,16.3722048877429,5.767611827120657,17.352472089314194,4.9125595,11474.751
Lesotho,2000,2003919.0,56606.0,31819.0,6252,28.24764873230904,15.87838630204115,110.44765572554147,5.156334,1932.158
Lesotho,2001,2000859.0,57456.0,34270.0,6368,28.7156666211862,17.12764367704071,110.83263714842661,6.590757,2004.0334
Lesotho,2002,1994686.0,58573.0,36303.0,6526,29.36452153371508,18.199857020102414,111.41652297133491,5.86075,2024.7872
Lesotho,2003,1985060.0,58151.0,38021.0,6590,29.294328634902723,19.153577221847197,113.32565218138983,5.3375483,2127.373
Lesotho,2004,1971130.0,56642.0,39368.0,6523,28.735801291644893,19.972300152704285,115.16189400091804,5.2465854,2178.6648
Lesotho,2005,1953080.0,55781.0,39948.0,6398,28.560530034611997,20.453847256640792,114.69855327082698,4.6745267,2275.016
Lesotho,2006,1945066.0,55681.0,40446.0,6246,28.62679209857146,20.794153000463737,112.1747095059356,5.405324,2381.0203
Lesotho,2007,1953273.0,57589.0,39825.0,6165,29.483333870892597,20.388855014122452,107.05169389987672,7.2225184,2470.3147
Lesotho,2008,1966547.0,58292.0,38949.0,6022,29.641803628390267,19.805781402631112,103.30748644753997,7.666482,2589.1663
Lesotho,2009,1980884.0,58148.0,37813.0,5763,29.35457098951781,19.088952205177083,99.10916970489096,8.952983,2538.1934
Lesotho,2010,1996256.0,58218.0,36340.0,5497,29.163594248433068,18.204078034079796,94.4209694596173,7.404848,2651.378
Lesotho,2011,2014015.0,60840.0,35200.0,5419,30.208315231018638,17.477526234908876,89.06969099276792,8.994871,2749.3196
Lesotho,2012,2034363.0,61085.0,33493.0,5288,30.026598006353833,16.46363013877071,86.56789719243676,9.986013,2894.227
Lesotho,2013,2056509.0,61671.0,31880.0,5171,29.98819844697981,15.501998775594952,83.84816202104717,10.97986,2914.3752
Lesotho,2014,2080091.0,61362.0,30445.0,5060,29.499670927858446,14.636378889192828,82.46145823147877,9.988239,2930.6172
Lesotho,2015,2104614.0,61408.0,29318.0,4975,29.17779697369684,13.930345422010879,81.01550286607608,9.252805,2986.9587
Lesotho,2016,2130424.0,61638.0,28250.0,4900,28.9322688816874,13.260271194841966,79.49641454946624,9.197443,3057.261
Lesotho,2017,2157117.0,60920.0,27325.0,4799,28.24139812536826,12.667370383711221,78.77544320420223,10.529566,2924.681
Lesotho,2018,2183611.0,59745.0,26636.0,4674,27.36064253202608,12.198143350624264,78.23248807431585,11.126373,2846.4182
Lesotho,2019,2209414.0,58417.0,26137.0,4530,26.44004247280048,11.829833611989423,77.54591985209784,21.92373,2773.2864
Lesotho,2020,2235727.0,57297.0,26572.0,4435,25.627905374851224,11.885172026817228,77.40370350978236,10.408369,2517.1104
Lesotho,2021,2261549.0,56302.0,28493.0,4230,24.895326168037922,12.598886869132617,75.13054598415687,10.661657,2544.7825
Lesotho,2022,2286112.0,55764.0,24959.0,4106,24.392505704007505,10.91766282666816,73.63173373502619,12.895692,2577.5454
Liberia,2000,2928117.0,126606.0,43464.0,23029,43.23802634935694,14.843669156662799,181.8950128745873,2.692154,1868.1798
Liberia,2001,3015343.0,128367.0,42147.0,21888,42.571276302563255,13.977514332531989,170.51111266914393,2.1558104,1867.1191
Liberia,2002,3094793.0,129985.0,41341.0,20771,42.00119361779608,13.358243992409184,159.79536100319265,2.1646292,1887.646
Liberia,2003,3119534.0,131022.0,43490.0,20325,42.00050392141903,13.941184805166413,155.1266199569538,2.5184748,1308.1509
Liberia,2004,3156893.0,129797.0,38048.0,17949,41.11542583166423,12.05235654170097,138.28516837831384,5.9050965,1326.5356
Liberia,2005,3301016.0,134082.0,37600.0,17251,40.61840354605976,11.390432521381296,128.6600736862517,6.6949735,1335.6173
Liberia,2006,3490792.0,142572.0,38480.0,17192,40.84230741906135,11.02328640606487,120.5846870353225,5.774266,1364.6035
Liberia,2007,3669050.0,148220.0,39049.0,16970,40.397378067892234,10.642809446586991,114.49197139387397,4.3288493,1422.1002
Liberia,2008,3821006.0,151553.0,39518.0,16602,39.663114896966924,10.342302524518413,109.54583545030451,5.996157,1463.124
Liberia,2009,3943035.0,153028.0,39597.0,16044,38.8096986204789,10.042264397855966,104.84355804166557,8.985148,1492.9982
Liberia,2010,4058897.0,154104.0,39854.0,15550,37.966964916823464,9.81892371252584,100.90588174220007,8.438602,1538.8508
Liberia,2011,4221177.0,155889.0,40396.0,15155,36.930221120791664,9.56984272396064,97.2166092540205,8.583996,1601.0337
Liberia,2012,4373046.0,163665.0,41691.0,15208,37.42585831477648,9.53362941985975,92.92151651238811,7.629872,1668.9729
Liberia,2013,4470246.0,161977.0,41835.0,14878,36.23447121254624,9.358545368644142,91.85254696654462,7.156104,1774.5206
Liberia,2014,4564299.0,160758.0,44092.0,15086,35.22074254995126,9.660190973466024,93.84291917043008,8.098179,1750.1438
Liberia,2015,4659436.0,160019.0,44541.0,14785,34.3429977362067,9.559311470315292,92.39527806073029,10.382444,1714.0905
Liberia,2016,4755607.0,161339.0,42482.0,13817,33.92605822979065,8.933034205728102,85.63955398260805,9.885145,1653.3105
Liberia,2017,4848927.0,161876.0,42495.0,13464,33.38388059873865,8.763794546711058,83.17477575428106,9.910874,1661.3029
Liberia,2018,4944728.0,162953.0,42721.0,13185,32.95489660907536,8.639706774568793,80.91290126600923,10.435279,1647.9745
Liberia,2019,5043719.0,163574.0,42934.0,12889,32.431227830099175,8.51236954318827,78.7961411960336,8.38326,1575.7666
Liberia,2020,5149470.0,164386.0,43756.0,12622,31.922896919488803,8.497185147209324,76.78269439003321,12.905043,1497.377
Liberia,2021,5259327.0,165796.0,44759.0,12351,31.524185508906363,8.510404468100196,74.49516273010205,13.27176,1539.2089
Liberia,2022,5373297.0,167590.0,43835.0,12149,31.189416851515933,8.1579335741166,72.49239214750283,13.588197,1578.9984
Libya,2000,5305020.0,115070.0,25263.0,3197,21.690775906594133,4.76209326260787,27.783088554792734,3.3190851,17747.02
Libya,2001,5403639.0,119188.0,25818.0,3177,22.056987892788545,4.777891343222595,26.655367990066114,3.9257162,17115.988
Libya,2002,5508412.0,123921.0,26324.0,3174,22.496683254629463,4.778872749532896,25.613092211973758,4.738183,16629.436
Libya,2003,5619405.0,128796.0,26650.0,3160,22.919864291682128,4.742494979450671,24.53492344482748,3.9730124,18422.734
Libya,2004,5736696.0,134100.0,26958.0,3136,23.375824690727903,4.699220596664003,23.3855331841909,3.383282,18851.203
Libya,2005,5858793.0,140042.0,27220.0,3107,23.902875558156776,4.646008145363729,22.186201282472403,2.5170715,20649.463
Libya,2006,5980212.0,143111.0,27471.0,3011,23.930756969819797,4.593649857229142,21.039612608394883,2.2999644,21545.299
Libya,2007,6104381.0,144745.0,28041.0,2880,23.711658888919285,4.593586147391521,19.897060347507686,2.4192963,22422.012
Libya,2008,6235433.0,146142.0,28657.0,2747,23.43734589081464,4.595831596618871,18.79678668692094,2.2444189,21915.197
Libya,2009,6366689.0,147418.0,29319.0,2619,23.154578462997016,4.605062380147672,17.765808788614688,3.5828805,20518.965
Libya,2010,6497837.0,152991.0,30067.0,2550,23.544911945313494,4.6272321081615315,16.667647116497047,3.2806444,21115.525
Libya,2011,6343210.0,157980.0,36959.0,3101,24.90537125524774,5.8265452349835485,19.629066970502596,4.01902,10741.921
Libya,2012,6179327.0,139570.0,30715.0,2162,22.58660206847768,4.970606022306312,15.490434907215018,3.956121,20601.002
Libya,2013,6304636.0,142107.0,31334.0,2115,22.540080029996975,4.969993509538061,14.883151428149212,4.9754863,16557.5
Libya,2014,6427260.0,145406.0,34979.0,2180,22.623326269670123,5.4422880045307025,14.992503748125937,5.1777782,12499.083
Libya,2015,6531825.0,143183.0,35090.0,2097,21.92082610908896,5.372158623355647,14.64559340145129,5.8063865,12195.349
Libya,2016,6632130.0,140949.0,35678.0,2000,21.25244830846199,5.379568856460896,14.189529546147897,6.171787,11831.826
Libya,2017,6738771.0,138217.0,34327.0,1838,20.5107133036573,5.093955559552328,13.29793006648965,4.676853,15428.116
Libya,2018,6849058.0,135914.0,34293.0,1710,19.844188792093743,5.006965921444963,12.581485351030798,4.866484,16385.164
Libya,2019,6951040.0,133744.0,35900.0,1713,19.24086179909769,5.1646947794862355,12.808051202296925,5.5477343,14337.196
Libya,2020,7045403.0,132007.0,39061.0,1586,18.736614498844137,5.5441824974384,12.014514381813084,7.1067405,9978.664
Libya,2021,7135179.0,129689.0,41682.0,1411,18.175998107405576,5.841759541001004,10.879874160491639,6.0545745,12641.51
Libya,2022,7223804.0,126684.0,34734.0,1331,17.53702066113643,4.808269991821484,10.506457011145843,4.744336,11450.06
Lithuania,2000,3500410.0,34162.0,39041.0,391,9.759428181270193,11.15326490325419,11.445465722147414,6.185593,15777.43
Lithuania,2001,3473008.0,31253.0,40372.0,336,8.9988275293348,11.624505327946265,10.750967907080922,6.0019326,16939.467
Lithuania,2002,3444051.0,29603.0,41028.0,310,8.595401171469296,11.912715578253632,10.471911630577983,6.1347766,18223.479
Lithuania,2003,3415276.0,30107.0,40878.0,270,8.815392957992268,11.969164424778553,8.968014083103597,6.177241,20310.713
Lithuania,2004,3376703.0,30001.0,41375.0,295,8.884702030353276,12.253076447647306,9.833005566481118,5.483472,21875.61
Lithuania,2005,3322264.0,29937.0,43775.0,265,9.011023807861147,13.17625570996164,8.851922370310987,5.6463757,23953.814
Lithuania,2006,3269809.0,29726.0,44703.0,270,9.09105088401188,13.67144074776233,9.082957680145329,5.8572574,26139.283
Lithuania,2007,3231378.0,30163.0,45502.0,234,9.334407797540244,14.081299061886291,7.7578490203229125,5.759786,29381.951
Lithuania,2008,3198482.0,31641.0,43797.0,222,9.892505257181377,13.693058144457277,7.0162131411775865,6.290102,30457.37
Lithuania,2009,3163255.0,32444.0,42070.0,215,10.256523738996696,13.29959171802463,6.626803106891876,7.3449984,26227.523
Lithuania,2010,3097721.0,31778.0,42138.0,189,10.258509400943469,13.602903553935297,5.947510856567436,6.905867,26897.725
Lithuania,2011,3028642.0,30720.0,41109.0,178,10.143159871652047,13.573410129028126,5.794270833333334,6.540177,29251.877
Lithuania,2012,2988334.0,30653.0,40977.0,145,10.25755487840382,13.712322652019486,4.7303689687795645,6.307981,30932.098
Lithuania,2013,2958359.0,30016.0,41468.0,136,10.146165492423334,14.01723049839455,4.5309168443496795,6.15501,32487.0
Lithuania,2014,2933171.0,30516.0,40283.0,155,10.40375757158379,13.733600939051968,5.0793026608992005,6.2224445,33988.016
Lithuania,2015,2905771.0,31732.0,41814.0,165,10.920337493904372,14.389984620260853,5.199798310853397,6.4739685,35264.715
Lithuania,2016,2869109.0,31113.0,41170.0,166,10.844133143773902,14.349402549711426,5.3353903513000995,6.649288,36632.082
Lithuania,2017,2829317.0,29217.0,40111.0,107,10.326520499470366,14.176919730097406,3.6622514289625903,6.4447284,38789.246
Lithuania,2018,2802485.0,28319.0,39598.0,117,10.104960419056658,14.129602834627127,4.13150181856704,6.4689617,41035.402
Lithuania,2019,2795057.0,27513.0,38283.0,102,9.843448630922374,13.696679531043552,3.7073383491440413,6.9447265,43078.71
Lithuania,2020,2795766.0,25191.0,43556.0,84,9.010410742529954,15.579272371149804,3.3345242348457784,7.4161906,43108.2
Lithuania,2021,2794490.0,22978.0,46698.0,87,8.222609492250822,16.710741494870263,3.7862303072504133,7.732108,45897.37
Lithuania,2022,2816923.0,21556.0,44731.0,91,7.652321344956891,15.879383284527124,4.221562442011504,7.2436795,46642.594
Luxembourg,2000,436142.0,5564.0,3876.0,42,12.75731298522041,8.88701386245764,7.548526240115025,5.9253387,114148.35
Luxembourg,2001,441754.0,5418.0,3809.0,43,12.264744631627558,8.622445976720076,7.936507936507936,6.3819394,116265.23
Luxembourg,2002,446392.0,5311.0,3837.0,42,11.89761465259234,8.59558415025359,7.908115232536246,6.7609997,118764.33
Luxembourg,2003,451845.0,5240.0,4168.0,41,11.596897166063583,9.224402173311644,7.8244274809160315,6.9622145,120403.0
Luxembourg,2004,458305.0,5381.0,3686.0,37,11.74108944916595,8.042679001974667,6.8760453447314624,7.2793355,123725.76
Luxembourg,2005,465369.0,5291.0,3734.0,23,11.369472397172997,8.023740300707612,4.347004347004347,7.123282,124871.95
Luxembourg,2006,472869.0,5427.0,3864.0,28,11.476751489313108,8.171396306376607,5.159388243965358,6.636421,130290.17
Luxembourg,2007,480277.0,5387.0,3943.0,21,11.216443843865102,8.209845568286635,3.8982736216818266,6.158031,138683.31
Luxembourg,2008,488995.0,5477.0,3686.0,17,11.200523522735406,7.5379093855765404,3.1038889903231697,6.231011,135814.61
Luxembourg,2009,498196.0,5550.0,3768.0,29,11.140193819300034,7.563288344346402,5.225225225225226,6.9499316,129004.51
Luxembourg,2010,507418.0,5757.0,3858.0,26,11.34567555742997,7.603198940518468,4.51624109779399,6.66263,131434.36
Luxembourg,2011,518583.0,5524.0,3910.0,38,10.652103906221377,7.539776660630989,6.879073135409123,5.9522533,129887.625
Luxembourg,2012,530951.0,5905.0,3989.0,28,11.12155358969095,7.512934338573616,4.741744284504657,5.294043,128897.41
Luxembourg,2013,543358.0,5996.0,3913.0,35,11.035081842910198,7.2015135509185475,5.837224816544363,5.235574,129947.336
Luxembourg,2014,556285.0,5955.0,3937.0,25,10.704944407992306,7.077307495258725,4.198152812762385,5.230409,130249.55
Luxembourg,2015,569540.0,5992.0,4097.0,32,10.520771148646276,7.193524598799031,5.34045393858478,5.0811357,130097.336
Luxembourg,2016,583511.0,5967.0,4069.0,33,10.226028301094582,6.973304702053603,5.530417295123177,5.0710387,133661.73
Luxembourg,2017,596506.0,6058.0,4383.0,35,10.155807317948184,7.347788622411175,5.7774843182568505,5.1353536,132169.83
Luxembourg,2018,608109.0,6153.0,4411.0,37,10.118251826563988,7.253633805781529,6.013326832439461,5.273552,131733.89
Luxembourg,2019,620167.0,6138.0,4410.0,45,9.897334105168445,7.110987846821904,7.331378299120235,5.466403,132724.75
Luxembourg,2020,630597.0,6389.0,4718.0,43,10.131668878856068,7.481798993652047,6.730317733604633,5.7671175,129865.63
Luxembourg,2021,640276.0,6581.0,4593.0,35,10.278379948647146,7.17346894151897,5.318340677708554,5.608061,136772.44
Luxembourg,2022,653315.0,6716.0,4550.0,36,10.279880302763598,6.964481146154611,5.360333531864205,5.609269,132570.83
Madagascar,2000,16516336.0,693681.0,172814.0,72167,41.99969048825357,10.463216539067744,104.03485175462497,3.9917762,1701.4432
Madagascar,2001,17032933.0,700327.0,170673.0,69471,41.116054410593875,10.020176795153247,99.19794610232077,4.1151385,1748.5035
Madagascar,2002,17549915.0,705543.0,170027.0,67238,40.202075052785155,9.688195071030258,95.29964863941673,4.9286695,1486.4343
Madagascar,2003,18071860.0,714080.0,169163.0,64943,39.51336497737366,9.360574949119792,90.94639256105759,5.0027657,1584.7493
Madagascar,2004,18606606.0,725220.0,168889.0,63115,38.976479643842616,9.076830024777221,87.02876368550233,5.2509003,1620.1195
Madagascar,2005,19159711.0,736608.0,168478.0,61305,38.44567384132255,8.793347665839011,83.22608497328295,5.215578,1648.1763
Madagascar,2006,19730916.0,749906.0,168417.0,59811,38.00664905775282,8.53569089240459,79.75799633554072,5.0720387,1686.8634
Madagascar,2007,20318590.0,767102.0,169345.0,58824,37.75370239765653,8.334485808316423,76.6834136790153,4.608658,1731.6176
Madagascar,2008,20923842.0,785413.0,169843.0,57991,37.53674874815056,8.117199508579734,73.83503965429652,4.081118,1794.4023
Madagascar,2009,21547277.0,805777.0,171786.0,57586,37.39576931228944,7.972515506251672,71.46642309224512,4.3846984,1673.1555
Madagascar,2010,22183343.0,815149.0,173602.0,56993,36.745994505877675,7.825781713784077,69.9172789269201,4.6976266,1635.2451
Madagascar,2011,22822305.0,815913.0,175338.0,56157,35.750683377511606,7.682747207172983,68.8271911343489,4.521595,1614.5514
Madagascar,2012,23462444.0,822622.0,178361.0,55749,35.06122380089645,7.601978719693482,67.76988701979768,3.9110591,1617.7908
Madagascar,2013,24109290.0,835927.0,181697.0,55739,34.67240221507975,7.536389499649306,66.67926744799486,3.751563,1610.6023
Madagascar,2014,24764356.0,846452.0,185596.0,55823,34.18025487923045,7.4944811809360194,65.94939819387277,4.462403,1620.3579
Madagascar,2015,25426703.0,858677.0,189709.0,56215,33.77067801515596,7.461014509037999,65.46699166275562,5.006254,1627.5806
Madagascar,2016,26099950.0,877298.0,194494.0,56965,33.613014584319124,7.451891670290556,64.93232630189513,5.3324885,1648.9122
Madagascar,2017,26788379.0,899885.0,200374.0,58263,33.592364808635864,7.479885214405844,64.7449396311751,4.8022594,1669.7277
Madagascar,2018,27494930.0,925221.0,205948.0,59645,33.650603947709634,7.490399139041271,64.46567901074445,4.221604,1678.7863
Madagascar,2019,28219559.0,948017.0,212167.0,61085,33.59432371001971,7.518437832426793,64.43449853747349,3.101293,1707.8315
Madagascar,2020,28953560.0,964457.0,227843.0,62308,33.310480645557924,7.8692568375011565,64.6042280785976,3.7231612,1545.7272
Madagascar,2021,29691087.0,977163.0,235760.0,63241,32.91098773177284,7.94043006913152,64.71898751794735,3.5533555,1577.4325
Madagascar,2022,30437261.0,989140.0,235226.0,64157,32.49766790776608,7.728224954275617,64.86139474695189,3.1494806,1602.4281
Malawi,2000,11315947.0,504370.0,203933.0,82694,44.571612079837415,18.021735167193697,163.95503301147969,2.3524752,1239.3917
Malawi,2001,11593057.0,512168.0,201335.0,77941,44.178856362044975,17.366860181917502,152.17858202777214,2.0604005,1149.5804
Malawi,2002,11880443.0,522207.0,199339.0,73722,43.95517911242872,16.778751432080437,141.17390230310968,2.6972597,1140.8428
Malawi,2003,12181575.0,534862.0,193728.0,68653,43.907458600386235,15.903362249955363,128.35647325852275,3.320198,1176.1239
Malawi,2004,12500736.0,549595.0,188453.0,64761,43.96501134013229,15.075352363252852,117.83404143050792,4.071999,1208.2197
Malawi,2005,12840034.0,564999.0,183871.0,61562,44.00292086453977,14.320133420207455,108.95948488404404,4.300465,1214.7427
Malawi,2006,13198699.0,577507.0,180381.0,58761,43.75484280685543,13.66657425856897,101.7494160243945,4.912233,1237.2739
Malawi,2007,13576344.0,587503.0,177207.0,56237,43.27402134182811,13.05263036941315,95.72206439796904,5.4425836,1318.3319
Malawi,2008,13976415.0,594896.0,173106.0,53804,42.56427703384595,12.385579563858114,90.44269922810037,6.106688,1378.4288
Malawi,2009,14395788.0,600959.0,166144.0,51334,41.74547444016263,11.541153565195597,85.42013681465791,5.873338,1449.7261
Malawi,2010,14826466.0,603227.0,158768.0,48492,40.685824929555025,10.70841831087732,80.38764843085605,5.143048,1504.3751
Malawi,2011,15265026.0,605872.0,151722.0,45505,39.69020426168943,9.939190408191903,75.10662318113397,5.3222666,1533.2289
Malawi,2012,15709577.0,605829.0,145130.0,42404,38.56431016570338,9.238313673245308,69.99334795792211,6.021998,1518.1481
Malawi,2013,16161816.0,609651.0,139361.0,39629,37.721689196313086,8.62285525339479,65.00276387638174,8.223795,1555.5061
Malawi,2014,16621534.0,606730.0,134316.0,36803,36.50264770989248,8.080842598523096,60.65795329059055,6.897762,1597.5648
Malawi,2015,17085587.0,603052.0,130571.0,34405,35.29594856764359,7.6421723175211955,57.05146488196706,6.628791,1597.6914
Malawi,2016,17557741.0,600917.0,126123.0,32121,34.225188764317686,7.18332728566847,53.45330553137954,7.727038,1593.5955
Malawi,2017,18039714.0,607619.0,122949.0,30584,33.682296737076875,6.815462817204308,50.33417322368128,7.584389,1613.0593
Malawi,2018,18528086.0,615627.0,121283.0,29452,33.22669162912996,6.545900099988741,47.84065676131814,6.882499,1638.9166
Malawi,2019,19025748.0,625978.0,119877.0,28421,32.901623631302165,6.300777241451953,45.40255408337034,6.3702173,1687.2894
Malawi,2020,19533885.0,635555.0,120892.0,27477,32.536026499592886,6.1888354518315225,43.23307974919559,7.0385957,1656.4398
Malawi,2021,20047264.0,642826.0,125442.0,26526,32.06552275662155,6.257312718583444,41.264665710472194,7.516463,1687.5936
Malawi,2022,20568731.0,652812.0,119362.0,26238,31.73807854261889,5.8030804136628555,40.19227587728167,6.625276,1659.9594
Malaysia,2000,22967817.0,519149.0,101767.0,5353,22.603323598407282,4.43085209186402,10.311105289618203,2.5146337,18532.91
Malaysia,2001,23526535.0,503496.0,102546.0,4931,21.40119656379488,4.358737910193745,9.793523682412571,2.6753974,18186.441
Malaysia,2002,24102477.0,484203.0,103125.0,4556,20.089346003732313,4.27860588768532,9.409276687670253,2.6687655,18708.87
Malaysia,2003,24679604.0,482490.0,105064.0,4355,19.550151615074537,4.257118550200401,9.026093805052954,2.9241707,19329.006
Malaysia,2004,25256773.0,471853.0,106718.0,4174,18.682236246095258,4.225322055196838,8.845975335538823,2.8601694,20168.506
Malaysia,2005,25836075.0,463500.0,108175.0,4020,17.940031525686468,4.186974995234377,8.673139158576051,2.786927,20767.586
Malaysia,2006,26417909.0,459539.0,110025.0,3948,17.394980049329416,4.1647883638330345,8.591218590805134,3.1089773,21444.486
Malaysia,2007,26998383.0,461421.0,112729.0,3953,17.090690209113635,4.1753982081075005,8.567013638304282,3.0704114,22305.12
Malaysia,2008,27570052.0,478520.0,116134.0,4003,17.35651423508378,4.212324300295117,8.365376577781493,3.0069256,22898.002
Malaysia,2009,28124779.0,486290.0,120128.0,4023,17.290446975601125,4.271251340321643,8.272841308684118,3.261057,22106.643
Malaysia,2010,28655772.0,484452.0,124184.0,3979,16.90591340550867,4.333646987420196,8.2134040111301,3.1647427,23307.97
Malaysia,2011,29162034.0,501172.0,128339.0,4063,17.185769689453075,4.40089329845785,8.10699719856656,3.3145192,24115.818
Malaysia,2012,29662835.0,504320.0,132822.0,4077,17.001746461523318,4.477724398224242,8.084152918781728,3.4578636,25006.36
Malaysia,2013,30174269.0,505751.0,139008.0,4108,16.76100256148707,4.606839025661235,8.122574152102517,3.5127692,25736.354
Malaysia,2014,30696133.0,513359.0,145789.0,4168,16.723898088400905,4.749425603544264,8.119074565752232,3.7103696,26818.432
Malaysia,2015,31232796.0,510212.0,151911.0,4168,16.33577730280696,4.863829674423001,8.169153214742108,3.8220148,27699.627
Malaysia,2016,31789692.0,501915.0,156255.0,4142,15.788608458364429,4.915272535512455,8.25239333353257,3.7008533,28425.371
Malaysia,2017,32355642.0,495979.0,159558.0,4120,15.32898033672149,4.931381055582207,8.30680331223701,3.714723,29551.545
Malaysia,2018,32910963.0,487355.0,162775.0,4055,14.808287439051846,4.945920300174747,8.320423510582636,3.7594428,30459.965
Malaysia,2019,33440590.0,475958.0,166533.0,3953,14.232942660401626,4.979965963519184,8.305354674151921,3.8399105,31300.508
Malaysia,2020,33889554.0,453893.0,170581.0,3746,13.393301074425471,5.033438917490622,8.253046422835338,4.0825434,29200.453
Malaysia,2021,34282404.0,424571.0,212600.0,3515,12.384516558407048,6.201432081600812,8.278945099877289,4.3743834,29822.85
Malaysia,2022,34695494.0,430022.0,192461.0,3455,12.394174298253255,5.547146842757161,8.034472654887425,3.9003782,32129.223
Maldives,2000,282025.0,5617.0,1244.0,226,19.916674053718644,4.410956475489762,40.235000890154886,7.7365584,13738.281
Maldives,2001,286778.0,5479.0,1204.0,195,19.105370704865784,4.198369470461472,35.590436210987406,8.21365,12977.999
Maldives,2002,291631.0,5443.0,1187.0,171,18.663996625873107,4.0702120144977725,31.416498254638984,8.784402,13689.807
Maldives,2003,296497.0,5470.0,1151.0,153,18.448753275749837,3.8819954333433393,27.97074954296161,6.7785754,15316.119
Maldives,2004,301416.0,5524.0,1234.0,153,18.3268306924649,4.094009607983651,27.697320782042,7.4835696,15958.656
Maldives,2005,306429.0,5614.0,1123.0,124,18.32072029736089,3.66479673921202,22.087638047737798,8.827534,13942.875
Maldives,2006,313866.0,5906.0,1147.0,116,18.816947359701274,3.6544257740564445,19.641043007111413,8.04819,16829.977
Maldives,2007,324489.0,6475.0,1150.0,113,19.95445146060421,3.544033850145922,17.45173745173745,8.305681,17439.951
Maldives,2008,336178.0,7027.0,1171.0,111,20.902617065959106,3.4832737418867383,15.796214600825389,11.471042,18344.486
Maldives,2009,348282.0,7407.0,1182.0,107,21.267248953434287,3.3938015745861114,14.445794518698529,10.092881,16230.009
Maldives,2010,360802.0,7536.0,1187.0,102,20.886802179588805,3.2898930715461665,13.535031847133759,8.48759,16730.014
Maldives,2011,373683.0,7623.0,1193.0,97,20.39964354814107,3.192545553316581,12.724649088285451,7.922516,17581.768
Maldives,2012,386821.0,7649.0,1202.0,92,19.774003996680637,3.1073804162648875,12.027716041312589,8.673048,17390.148
Maldives,2013,400077.0,7523.0,1217.0,86,18.803880253051286,3.0419144314719415,11.43160973016084,8.155093,17986.89
Maldives,2014,413623.0,7346.0,1222.0,78,17.760134228512438,2.954381163523305,10.618023414102913,7.9134507,18765.36
Maldives,2015,428165.0,7135.0,1227.0,70,16.66413648943748,2.865717655576705,9.810791871058164,8.683106,18829.447
Maldives,2016,443316.0,6877.0,1225.0,63,15.512636584287506,2.7632659322018602,9.160971353787989,10.233371,19345.18
Maldives,2017,458297.0,6573.0,1234.0,56,14.34222785660827,2.6925770842925005,8.519701810436635,9.149483,20036.717
Maldives,2018,473106.0,6337.0,1247.0,50,13.394461283517858,2.635772955743533,7.890168849613381,7.2940383,21072.58
Maldives,2019,487737.0,6144.0,1257.0,44,12.596952865991303,2.577208618579275,7.161458333333333,7.502381,21855.502
Maldives,2020,502127.0,6081.0,1490.0,43,12.110482009531452,2.9673767791813623,7.071205393849696,11.439432,14242.975
Maldives,2021,516163.0,6036.0,1603.0,37,11.69398038991559,3.1056081121661183,6.129887342611001,8.851695,19052.623
Maldives,2022,524116.0,5973.0,1219.0,35,11.396332109685643,2.3258210014576925,5.859701992298677,7.4997015,21357.81
Mali,2000,11559291.0,544335.0,185183.0,97394,47.09069094289607,16.020273215718856,178.9229059310902,5.466337,2187.719
Mali,2001,11912162.0,561537.0,185061.0,97590,47.13980551977047,15.535467029410782,173.79086329128802,4.5195208,2458.4617
Mali,2002,12288051.0,581816.0,185077.0,97790,47.34811077851158,15.061542306424347,168.07719278947297,4.99776,2455.6194
Mali,2003,12684951.0,603368.0,185612.0,98055,47.56565476681778,14.632456995695135,162.5127616976704,5.0506144,2611.837
Mali,2004,13102415.0,625950.0,186241.0,98265,47.77363562366174,14.214249815778237,156.9853822190271,5.217687,2565.9775
Mali,2005,13538648.0,648384.0,187422.0,98477,47.89134040562987,13.843479792073774,151.88067564899814,5.195173,2546.3328
Mali,2006,13990143.0,665964.0,188296.0,98305,47.60237261334641,13.459190517209151,147.61308419073706,5.455902,2555.0747
Mali,2007,14457776.0,685214.0,189413.0,98030,47.394149694946165,13.1011159669371,143.0647943562157,5.2530427,2515.947
Mali,2008,14940786.0,705248.0,190581.0,97681,47.20287138842628,12.755754616925776,138.5058872907119,5.0268807,2523.1997
Mali,2009,15435536.0,725696.0,191964.0,97466,47.01462910001959,12.43649718415998,134.30692741864362,5.212257,2575.5454
Mali,2010,15945201.0,747705.0,193249.0,97237,46.89216523517013,12.119571274140727,130.04727800402566,4.6786714,2632.2646
Mali,2011,16469054.0,765429.0,194536.0,96868,46.476804314321875,11.812214593503672,126.55386717775261,4.01485,2623.3462
Mali,2012,16957039.0,784755.0,196004.0,96410,46.27901132974926,11.558857651975678,122.85362947671565,3.75218,2520.5293
Mali,2013,17459619.0,793729.0,195854.0,95314,45.460843103162794,11.217541459524403,120.08380694166397,3.9640858,2528.53
Mali,2014,18020267.0,810613.0,196181.0,94368,44.983406738645996,10.886686640103612,116.41560152625236,4.481583,2609.1672
Mali,2015,18593022.0,826908.0,196904.0,93492,44.47410431720029,10.590209595836544,113.06215443555995,4.1114335,2686.5605
Mali,2016,19191298.0,842699.0,197047.0,92484,43.910474424397975,10.267518122015508,109.74737124406224,3.7737756,2759.1106
Mali,2017,19813016.0,860760.0,198779.0,91774,43.44416821749905,10.032748169183328,106.619731400158,3.6742575,2816.1943
Mali,2018,20442031.0,870518.0,199805.0,90654,42.58471186155622,9.774224488750653,104.13799599778523,3.732511,2862.4072
Mali,2019,21068405.0,866734.0,199617.0,88583,41.139042086954376,9.47470869294567,102.20321344264792,3.829438,2916.1716
Mali,2020,21713837.0,889380.0,206316.0,87420,40.95913587266958,9.501591082220981,98.29319301086149,3.5062337,2796.4104
Mali,2021,22388637.0,911381.0,207688.0,86441,40.70730165485286,9.2764914630578,94.84617300558163,3.5431867,2796.228
Mali,2022,23072641.0,930870.0,204388.0,86121,40.345186318289265,8.858457079100742,92.5166779464372,3.7217011,2813.811
Malta,2000,399905.0,4490.0,3138.0,31,11.227666570810568,7.846863630112153,6.904231625835189,6.6262136,31068.078
Malta,2001,402788.0,4059.0,2887.0,26,10.077261487432596,7.167542230652353,6.405518600640552,7.029712,30602.11
Malta,2002,405571.0,4003.0,3115.0,28,9.870035086335069,7.680529426413624,6.994753934549088,7.733333,31207.432
Malta,2003,408236.0,4099.0,3110.0,26,10.040760736436766,7.618142447015942,6.343010490363503,7.939175,32147.875
Malta,2004,410800.0,3954.0,3075.0,31,9.625121713729309,7.48539435248296,7.8401618614061706,8.039668,32062.764
Malta,2005,413324.0,3936.0,3055.0,28,9.522795676031395,7.391295932488798,7.113821138211382,8.694976,32776.97
Malta,2006,415463.0,3911.0,3148.0,18,9.413593990319233,7.577088693818703,4.602403477371516,8.846597,33420.715
Malta,2007,417201.0,3923.0,3118.0,27,9.403141411453952,7.473615835053128,6.88248789191945,8.18594,34981.703
Malta,2008,418969.0,4133.0,3191.0,42,9.864691659764803,7.616315288243283,10.162109847568352,7.8249016,36287.727
Malta,2009,420800.0,4139.0,3135.0,26,9.836026615969581,7.45009505703422,6.281710558105823,7.8885427,35512.676
Malta,2010,422654.0,4047.0,2910.0,26,9.575208089832344,6.885064378900945,6.424511984185817,7.898572,37528.734
Malta,2011,424635.0,4262.0,3184.0,31,10.036855181508825,7.498204340198052,7.273580478648522,8.318167,37740.848
Malta,2012,426616.0,4213.0,3226.0,26,9.87539145273501,7.561835467961821,6.171374317588417,8.249214,38937.15
Malta,2013,428457.0,4067.0,3121.0,30,9.49220108435619,7.284278235622245,7.376444553725104,8.303196,40921.316
Malta,2014,434494.0,4113.0,3045.0,23,9.466183652708668,7.008152011305104,5.5920252856795525,8.88464,43163.15
Malta,2015,444978.0,4231.0,3098.0,28,9.508335243540131,6.962141948590717,6.617820846135665,8.701998,46171.89
Malta,2016,455276.0,4361.0,3136.0,35,9.57880494469289,6.888129398430842,8.025682182985554,8.699281,46967.348
Malta,2017,467902.0,4205.0,3159.0,32,8.98692461241884,6.751413757581716,7.609988109393579,8.313663,51628.27
Malta,2018,484560.0,4286.0,3364.0,28,8.84513785702493,6.9423807165263325,6.532897806812879,8.112696,53419.004
Malta,2019,504017.0,4241.0,3527.0,35,8.414398720678072,6.99777983679122,8.25277057297807,8.892822,53393.42
Malta,2020,518212.0,4393.0,3926.0,20,8.477225537038896,7.5760499563885055,4.552697473252903,9.854035,50389.695
Malta,2021,524383.0,4345.0,4008.0,19,8.285928414918104,7.643268374451498,4.372842347525892,9.527821,56823.996
Malta,2022,528194.0,4285.0,4110.0,37,8.112549555655686,7.781231895856447,8.634772462077013,9.091054,56874.434
Marshall Islands,2000,50721.0,1935.0,344.0,79,38.149878748447385,6.782200666390647,40.82687338501292,13.524676,3772.6992
Marshall Islands,2001,51137.0,1934.0,335.0,79,37.81997379588165,6.551029587187359,40.847983453981385,11.189654,4001.2432
Marshall Islands,2002,51441.0,1934.0,336.0,78,37.596469742034564,6.53175482591707,40.33092037228542,12.066346,4122.3677
Marshall Islands,2003,51657.0,1941.0,340.0,78,37.57477205412626,6.581876609172038,40.1854714064915,13.332434,4041.1729
Marshall Islands,2004,51803.0,1938.0,341.0,76,37.410960755168624,6.582630349593653,39.21568627450981,14.151281,4012.8586
Marshall Islands,2005,51928.0,1930.0,346.0,76,37.16684640271144,6.663071945771068,39.37823834196892,18.452932,4075.681
Marshall Islands,2006,52011.0,1900.0,347.0,73,36.53073388321701,6.671665609198055,38.421052631578945,22.298548,4076.0986
Marshall Islands,2007,52050.0,1852.0,346.0,71,35.58117195004803,6.64745437079731,38.33693304535637,16.825224,4222.954
Marshall Islands,2008,52049.0,1786.0,345.0,69,34.31381966992642,6.628369421122404,38.63381858902576,18.979637,3903.8057
Marshall Islands,2009,52036.0,1706.0,339.0,65,32.784995003459144,6.5147205780613415,38.10082063305978,18.729288,4047.7454
Marshall Islands,2010,52064.0,1610.0,341.0,61,30.923478795328826,6.549631223110018,37.88819875776397,17.73355,4269.9053
Marshall Islands,2011,51927.0,1517.0,332.0,58,29.214089009571126,6.393591002753866,38.233355306526036,11.359054,4259.6616
Marshall Islands,2012,51438.0,1425.0,330.0,55,27.703254403359384,6.415490493409542,38.59649122807018,11.661544,4244.588
Marshall Islands,2013,50696.0,1338.0,323.0,50,26.392614801956764,6.371311346062806,37.36920777279522,12.136853,4470.4263
Marshall Islands,2014,49815.0,1279.0,317.0,47,25.674997490715647,6.363545116932651,36.74745895230649,12.044893,4492.5674
Marshall Islands,2015,48823.0,1228.0,316.0,44,25.152079962312843,6.472359338836204,35.83061889250815,14.7821,4670.7075
Marshall Islands,2016,47730.0,1179.0,312.0,41,24.70144563167819,6.536769327467002,34.77523324851569,14.628162,4897.1494
Marshall Islands,2017,46544.0,1135.0,308.0,37,24.385527672739773,6.6173942935716745,32.59911894273128,12.024984,5200.0107
Marshall Islands,2018,45307.0,1090.0,306.0,35,24.058092568477278,6.753923234820227,32.11009174311927,14.467239,5636.03
Marshall Islands,2019,44030.0,1045.0,303.0,33,23.73381785146491,6.8816715875539405,31.578947368421055,14.989945,6405.8965
Marshall Islands,2020,42728.0,1001.0,312.0,30,23.427260812581913,7.3020033701554015,29.970029970029973,12.124134,6418.007
Marshall Islands,2021,41387.0,959.0,309.0,29,23.17152729117839,7.4661125474182715,30.239833159541188,12.492571,6768.8257
Marshall Islands,2022,40094.0,881.0,277.0,26,21.973362597894948,6.9087644036514195,29.511918274687854,13.607968,6937.7534
Mauritania,2000,2613450.0,99085.0,23156.0,9414,37.913486005089055,8.860318735770724,95.00933541908464,3.3782465,5008.608
Mauritania,2001,2678766.0,101747.0,22978.0,9172,37.982787596975626,8.577830239744719,90.14516398517893,3.571838,4847.4106
Mauritania,2002,2738659.0,103671.0,22679.0,8880,37.854658064403054,8.281060183104213,85.65558352866279,4.0022497,4806.8984
Mauritania,2003,2802050.0,106230.0,22423.0,8554,37.911529059081744,8.00235541835442,80.52339263861433,4.0325465,5023.6523
Mauritania,2004,2868671.0,109792.0,22215.0,8269,38.27277509341433,7.744004105036792,75.31514135820461,3.704295,5139.2256
Mauritania,2005,2939060.0,112966.0,22024.0,8025,38.43609861656448,7.493552360278456,71.03907370359224,3.4031265,5445.8296
Mauritania,2006,3013659.0,116815.0,21825.0,7793,38.76185062742666,7.242027050837536,66.71232290373668,2.7025275,6284.702
Mauritania,2007,3093065.0,120757.0,21860.0,7628,39.04120993254264,7.067423413345662,63.16818072658313,2.87644,6002.7783
Mauritania,2008,3183276.0,124382.0,21947.0,7489,39.07358331479897,6.894469722386623,60.20967664131466,3.0133898,5813.356
Mauritania,2009,3284454.0,128109.0,22835.0,7411,39.004656481716594,6.952449326432948,57.84917531164867,3.1103404,5639.7876
Mauritania,2010,3390968.0,132040.0,23920.0,7372,38.93873371851342,7.054032948703733,55.83156619206301,2.6361892,5605.7637
Mauritania,2011,3502813.0,136404.0,25239.0,7383,38.94127377053814,7.205351812957186,54.12597871030175,2.4738367,5653.2173
Mauritania,2012,3619035.0,140200.0,26709.0,7382,38.7396087631095,7.380144154450012,52.65335235378031,2.6491933,5716.252
Mauritania,2013,3734324.0,143806.0,28250.0,7368,38.50924558233297,7.564956870373326,51.235692530214315,2.8679988,5769.7285
Mauritania,2014,3848511.0,146731.0,27943.0,7285,38.126693674514634,7.260730188896433,49.64867683039031,3.467244,5837.852
Mauritania,2015,3965959.0,149827.0,27735.0,7221,37.778252372250954,6.993264428603523,48.19558557536359,3.6736376,5969.5425
Mauritania,2016,4086655.0,152849.0,27507.0,7143,37.40198279522005,6.730932755517655,46.73239602483497,3.186995,5866.2812
Mauritania,2017,4210603.0,155985.0,27428.0,7074,37.045762804044934,6.514031363203798,45.350514472545434,3.4194756,6050.6216
Mauritania,2018,4337685.0,158852.0,27260.0,6977,36.621377532024574,6.284458184492419,43.92138594414927,2.8836255,6153.6377
Mauritania,2019,4467714.0,161780.0,27316.0,6891,36.210912336823704,6.1140887711254575,42.594881938434916,3.0917659,6162.2104
Mauritania,2020,4600136.0,164387.0,29484.0,6797,35.73524782745554,6.409375722804717,41.347551813707895,3.0014784,5963.2354
Mauritania,2021,4734874.0,167340.0,29782.0,6697,35.34201754893583,6.289924504854828,40.02031791562089,3.7802253,5836.566
Mauritania,2022,4875644.0,169886.0,27440.0,6594,34.84380730012281,5.6279744788585875,38.814263682704876,4.6696267,6053.2617
Mauritius,2000,1216632.0,20154.0,7761.0,377,16.565403507387607,6.379085869843963,18.7059640766101,2.8573465,13373.656
Mauritius,2001,1225807.0,19357.0,7868.0,333,15.791229777607732,6.418628707455579,17.203078989512836,2.9215186,13712.579
Mauritius,2002,1234090.0,19546.0,8085.0,319,15.838391041172038,6.551386041536679,16.320474777448073,3.1889727,13837.626
Mauritius,2003,1242094.0,19030.0,8171.0,302,15.32090163868435,6.578407109284805,15.869679453494483,3.1820161,14551.879
Mauritius,2004,1249799.0,18957.0,8274.0,289,15.168039020674524,6.620264538537796,15.245028221765049,3.3165255,15087.068
Mauritius,2005,1257215.0,18421.0,8428.0,283,14.652227343771749,6.703706207768759,15.362901036860105,3.5179403,15264.599
Mauritius,2006,1263785.0,17268.0,8522.0,278,13.66371653406236,6.743235597827162,16.099142923326383,3.6057365,15932.819
Mauritius,2007,1269522.0,16792.0,8664.0,271,13.227025604912715,6.824615879047389,16.138637446403052,3.5232167,16774.568
Mauritius,2008,1274635.0,16048.0,8720.0,255,12.5902709403084,6.841174140047936,15.889830508474576,3.938965,17627.111
Mauritius,2009,1278976.0,15284.0,8873.0,231,11.950185148118495,6.937581315052042,15.113844543313268,4.1703563,18171.688
Mauritius,2010,1282710.0,14941.0,8791.0,221,11.647995260035394,6.853458692923576,14.791513285589987,4.518983,18925.572
Mauritius,2011,1286270.0,14809.0,8760.0,219,11.513134878369238,6.810389731549364,14.78830440948072,4.2505965,19678.602
Mauritius,2012,1289174.0,14764.0,8866.0,214,11.452294259735302,6.877271803495882,14.494716878894609,4.219934,20313.033
Mauritius,2013,1290988.0,14073.0,9058.0,210,10.90095337834279,7.016331677753783,14.922191430398636,4.620821,20952.377
Mauritius,2014,1292006.0,13524.0,9188.0,198,10.467443649642494,7.111422083179181,14.640638864241348,5.3802466,21721.31
Mauritius,2015,1292283.0,12939.0,9401.0,187,10.012512739082695,7.274722332492186,14.45243063606152,5.5504236,22499.025
Mauritius,2016,1291807.0,13198.0,9558.0,184,10.21669645697848,7.398938076663155,13.941506288831642,5.5428953,23357.23
Mauritius,2017,1290654.0,13565.0,9698.0,192,10.51017546143273,7.514020023956847,14.154072981938814,5.5985727,24258.988
Mauritius,2018,1288836.0,13207.0,10314.0,206,10.247230834644594,8.002569760621212,15.597789051260694,5.603102,25243.887
Mauritius,2019,1286269.0,13015.0,10745.0,199,10.118412245028063,8.353618100101924,15.290049942374184,5.6950817,25958.49
Mauritius,2020,1283231.0,13324.0,10588.0,208,10.38316561866102,8.251047551064463,15.610927649354547,6.0960603,22272.54
Mauritius,2021,1279628.0,12954.0,12670.0,191,10.123254570859656,9.90131506969213,14.744480469353096,6.616084,23010.201
Mauritius,2022,1276134.0,12128.0,12246.0,182,9.503704156460058,9.5961709350272,15.006596306068602,5.8420973,25005.066
Mexico,2000,98625553.0,2385977.0,540567.0,66928,24.192280067621017,5.4810034880108605,28.050563773246765,4.244365,20470.494
Mexico,2001,100099101.0,2380261.0,543803.0,64012,23.779044728883232,5.432646193295982,26.89284914553488,4.5820136,20078.219
Mexico,2002,101548627.0,2374140.0,553391.0,61210,23.37934120960592,5.44951730366576,25.78196736502481,4.830428,19744.793
Mexico,2003,102978517.0,2351177.0,563140.0,58280,22.83172324184859,5.468519225228306,24.78758511162707,5.539788,19701.463
Mexico,2004,104394131.0,2335226.0,575925.0,55625,22.36932265856976,5.516833125417749,23.81996432036985,5.683502,20127.225
Mexico,2005,105811504.0,2318498.0,585859.0,53204,21.91158723157361,5.536817622401435,22.947615223304055,5.5811014,20277.256
Mexico,2006,107253666.0,2303997.0,597892.0,50857,21.48175522503818,5.574560034153052,22.07337943582392,5.406479,20965.826
Mexico,2007,108774356.0,2296268.0,611318.0,48847,21.110380097308965,5.62005625664196,21.272342775320652,5.5066805,21102.27
Mexico,2008,110374286.0,2297950.0,627177.0,47137,20.819613727784386,5.682274583411575,20.512630823124958,5.4458737,20992.56
Mexico,2009,111999720.0,2303532.0,642292.0,45610,20.567301418253546,5.734764336910842,19.800028825299584,5.8478646,19385.543
Mexico,2010,113623898.0,2310124.0,651368.0,44196,20.331321497173068,5.732667259840003,19.1314405633637,5.4897337,20058.385
Mexico,2011,115243503.0,2315793.0,656666.0,42843,20.09478139518199,5.698073929599311,18.500358192636387,5.30093,20457.6
Mexico,2012,116818208.0,2319451.0,662847.0,41517,19.85521811805228,5.6741753819747,17.8994943199921,5.421405,20898.936
Mexico,2013,118343572.0,2314458.0,671786.0,40118,19.557107841902894,5.676573629195509,17.33364787781848,5.5773263,20805.348
Mexico,2014,119784265.0,2270937.0,683362.0,38277,18.958558538552623,5.704939626252246,16.855157144385778,5.353368,21069.766
Mexico,2015,121072310.0,2206765.0,698389.0,36172,18.22683485596335,5.7683627247221105,16.391414581978598,5.527386,21408.928
Mexico,2016,122251344.0,2162620.0,717395.0,34306,17.689948668376196,5.868197244522727,15.863165974604877,5.38499,21578.264
Mexico,2017,123400052.0,2124252.0,740091.0,32584,17.21435255148839,5.997493420829353,15.33904640315744,5.311794,21777.523
Mexico,2018,124573713.0,2122316.0,756310.0,31321,17.036627944131357,6.0711845363395405,14.757934256727085,5.238214,21997.773
Mexico,2019,125762978.0,2122565.0,765037.0,30194,16.87750269399632,6.083165428859358,14.225241629820523,5.3013463,21704.186
Mexico,2020,126799053.0,2100438.0,1068730.0,29075,16.565092169891837,8.428532979658769,13.842350976320176,6.052486,19728.482
Mexico,2021,127648151.0,2087487.0,1150760.0,27958,16.353444868935078,9.015093371779432,13.393137298579584,5.87678,20782.588
Mexico,2022,128613116.0,2063075.0,838627.0,28309,16.040937846494597,6.520540253452844,13.721750299916387,5.709197,21391.857
Micronesia (country),2000,112067.0,3602.0,772.0,140,32.14148678915292,6.88873620245032,38.86729594669628,7.7651114,3563.8918
Micronesia (country),2001,112378.0,3533.0,750.0,130,31.43853779209454,6.673904144939401,36.79592414378715,8.48782,3618.394
Micronesia (country),2002,112464.0,3427.0,803.0,141,30.471973253663396,7.140062597809076,41.14385760140064,7.9630136,3631.7488
Micronesia (country),2003,112298.0,3323.0,761.0,119,29.59090990044346,6.776612228178596,35.811014143845924,9.650283,3701.1326
Micronesia (country),2004,111939.0,3242.0,767.0,115,28.962202628217156,6.851946149241997,35.471930906847625,12.235387,3594.5771
Micronesia (country),2005,111420.0,3163.0,770.0,110,28.38808113444624,6.910788009334051,34.777110338286434,17.948448,3710.1985
Micronesia (country),2006,110739.0,3074.0,779.0,107,27.75896477302486,7.0345587372109195,34.80806766428107,10.870187,3717.6577
Micronesia (country),2007,109896.0,2977.0,779.0,101,27.08924801630633,7.088520055325034,33.92677191803829,11.233342,3684.2021
Micronesia (country),2008,108947.0,2877.0,778.0,98,26.407335676980548,7.141086950535581,34.0632603406326,12.083267,3622.0488
Micronesia (country),2009,107968.0,2788.0,774.0,94,25.82246591582691,7.1687907528156485,33.71592539454806,12.688541,3702.3613
Micronesia (country),2010,107559.0,2711.0,764.0,90,25.204771334802295,7.103078310508652,33.198081888602,13.3306675,3780.2512
Micronesia (country),2011,107712.0,2665.0,771.0,87,24.741904337492574,7.157976827094474,32.645403377110696,13.222826,3917.4465
Micronesia (country),2012,107908.0,2629.0,781.0,85,24.363346554472326,7.237646884382992,32.33168505135033,12.390774,3847.1475
Micronesia (country),2013,108133.0,2598.0,787.0,81,24.025968020863196,7.27807422341006,31.17782909930716,12.21771,3696.7456
Micronesia (country),2014,108407.0,2578.0,800.0,78,23.780752165450572,7.379597258479619,30.25601241272304,11.834918,3592.819
Micronesia (country),2015,108727.0,2563.0,813.0,77,23.572801604017403,7.477443505293073,30.042918454935624,12.623412,3739.3596
Micronesia (country),2016,109088.0,2547.0,816.0,73,23.348122616603106,7.4801994719859195,28.661170003926188,13.334811,3774.032
Micronesia (country),2017,109495.0,2537.0,825.0,71,23.17000776291155,7.5345906205762825,27.985810011824988,12.407425,3838.0454
Micronesia (country),2018,109925.0,2534.0,838.0,68,23.05208096429384,7.623379576984307,26.835043409629044,11.939613,3838.6406
Micronesia (country),2019,110293.0,2525.0,843.0,66,22.893565321461924,7.64327745187818,26.138613861386137,11.8736315,3965.0537
Micronesia (country),2020,110930.0,2517.0,888.0,63,22.689984675020284,8.005048228612639,25.029797377830754,11.984793,3861.2932
Micronesia (country),2021,111635.0,2532.0,887.0,62,22.68105880772159,7.945536794016213,24.48657187993681,11.374305,3955.7314
Micronesia (country),2022,112122.0,2524.0,848.0,59,22.511193164588573,7.563190096502025,23.375594294770206,12.62719,3815.7947
Moldova,2000,4234969.0,49582.0,50051.0,1520,11.707759844286935,11.818504456585162,30.656286555604854,5.9268727,5727.079
Moldova,2001,4189769.0,48937.0,49972.0,1382,11.680118880062361,11.927149205600596,28.240390706418456,6.2344975,6090.0347
Moldova,2002,4142937.0,48403.0,50183.0,1259,11.683257553759567,12.11290444435916,26.010784455508954,7.4043765,6580.2783
Moldova,2003,4095418.0,49826.0,50276.0,1187,12.166279486001184,12.276158379926054,23.82290370489303,7.022276,7034.358
Moldova,2004,4046672.0,52540.0,50148.0,1154,12.983508423712127,12.392405413633721,21.964217738865624,8.971149,7573.6177
Moldova,2005,3988668.0,52326.0,49560.0,1085,13.11866517845055,12.425200593280763,20.735389672438174,9.558148,8161.4736
Moldova,2006,3921320.0,52146.0,48875.0,1022,13.298073097834402,12.463915212224455,19.59881870133855,10.544453,8577.028
Moldova,2007,3851397.0,52729.0,48055.0,981,13.690876323578172,12.477290707761366,18.6045629539722,11.020668,8854.834
Moldova,2008,3779503.0,53882.0,47018.0,954,14.256371803382613,12.440260002439473,17.70535614862106,10.949201,9563.698
Moldova,2009,3706212.0,55412.0,45719.0,941,14.951114507211136,12.335775719251894,16.98188118097163,13.676624,9001.234
Moldova,2010,3631990.0,53699.0,44241.0,890,14.785007667972653,12.180925608275352,16.573865435110523,10.131128,9649.951
Moldova,2011,3557278.0,50741.0,43348.0,830,14.26399623532375,12.18572177940549,16.357580654697383,9.096704,10217.309
Moldova,2012,3482629.0,49632.0,42840.0,798,14.251302679671017,12.301051877762461,16.078336557059963,9.139621,10158.386
Moldova,2013,3408741.0,47022.0,42806.0,755,13.794535871161816,12.557715590594887,16.056314065756453,8.683003,11080.063
Moldova,2014,3342715.0,51128.0,42650.0,795,15.295351233952042,12.759089542482684,15.54920982631826,8.73206,11641.121
Moldova,2015,3287168.0,50054.0,43047.0,776,15.227089093103851,13.095466979478992,15.503256482998362,8.5001335,11691.08
Moldova,2016,3237798.0,48179.0,42884.0,744,14.880174736039741,13.244804030393496,15.442412669420287,7.6210623,12377.366
Moldova,2017,3193500.0,43948.0,42322.0,682,13.761703460153436,13.25254423046814,15.518339856193682,7.127804,13118.822
Moldova,2018,3153779.0,41867.0,42988.0,640,13.275185103331589,13.630631696133433,15.286502495999235,6.7076035,13895.504
Moldova,2019,3112561.0,39334.0,43324.0,596,12.637182050408008,13.919084638019946,15.152285554482127,6.4966245,14621.24
Moldova,2020,3069135.0,37065.0,45289.0,552,12.076692618604264,14.756274976499894,14.892755969243222,7.0048404,13559.26
Moldova,2021,3023780.0,34837.0,50500.0,512,11.521010126398085,16.700950465973055,14.697017538823664,7.7490406,15682.07
Moldova,2022,3039986.0,32056.0,39735.0,466,10.54478540361699,13.070783878609967,14.537060144746693,6.965054,15350.3125
Mongolia,2000,2455182.0,51054.0,17381.0,3185,20.79438510057503,7.0793122465055545,62.38492576487641,6.0760508,5818.243
Mongolia,2001,2477704.0,50190.0,17344.0,2904,20.25665696951694,7.000029059161223,57.86013150029887,5.4423995,5917.071
Mongolia,2002,2500074.0,48562.0,17488.0,2615,19.42422504293873,6.994992948208733,53.84868827478275,5.49191,6117.9824
Mongolia,2003,2521809.0,47027.0,17719.0,2357,18.64812124946814,7.026305322885277,50.12014374720905,4.2976894,6463.7896
Mongolia,2004,2542801.0,46781.0,17975.0,2145,18.397428662329457,7.068976298184561,45.85194844060623,4.302045,7070.667
Mongolia,2005,2563466.0,47594.0,17983.0,1987,18.566269262006987,7.015111571598765,41.748959952935245,3.8645627,7499.848
Mongolia,2006,2584761.0,51590.0,17746.0,1927,19.959292174402197,6.86562510034777,37.3522000387672,3.749715,8043.9966
Mongolia,2007,2607976.0,57086.0,17357.0,1910,21.88900511354399,6.65535265661954,33.458290999544545,4.0752277,8750.134
Mongolia,2008,2634431.0,62960.0,17270.0,1919,23.898898851402826,6.555495285319677,30.479669631512074,4.55693,9379.8545
Mongolia,2009,2665333.0,66143.0,17736.0,1859,24.81603612006455,6.6543279957888934,28.105770829868618,4.4598007,9095.977
Mongolia,2010,2701739.0,64164.0,18320.0,1700,23.74914823378572,6.780817836215859,26.49460756810673,3.7394564,9507.119
Mongolia,2011,2745183.0,66823.0,18824.0,1656,24.34191090357182,6.857102058405578,24.78188647621328,3.5861208,10960.096
Mongolia,2012,2795463.0,71536.0,18819.0,1632,25.5900364268817,6.731979639866455,22.813688212927758,3.8580008,12078.919
Mongolia,2013,2851887.0,76956.0,18683.0,1636,26.984238856588636,6.5511010779880126,21.258901190290555,4.08932,13210.095
Mongolia,2014,2913041.0,78252.0,18642.0,1582,26.862649718970655,6.399497981662462,20.216735674487552,4.2098975,13943.428
Mongolia,2015,2976528.0,78749.0,18622.0,1515,26.456663602694146,6.256282487515656,19.23833953447028,4.2315454,13974.597
Mongolia,2016,3040815.0,77152.0,18637.0,1421,25.372145296573454,6.128948982427408,18.418187474077147,4.5800858,13898.1455
Mongolia,2017,3104371.0,74893.0,18766.0,1325,24.125015985524925,6.045024901984975,17.69190712082571,4.339542,14401.537
Mongolia,2018,3167714.0,74921.0,19014.0,1250,23.651440755068165,6.002435825961561,16.684240733572697,4.534493,15230.241
Mongolia,2019,3232118.0,76120.0,19684.0,1204,23.551120348947656,6.09012418482246,15.81713084603258,4.49498,15790.696
Mongolia,2020,3290786.0,73521.0,21273.0,1117,22.341471004191703,6.464413061195715,15.192938072115451,4.666249,14801.342
Mongolia,2021,3339676.0,70193.0,24665.0,1017,21.017907126320036,7.385446971502624,14.488624221788498,7.2104273,14792.251
Mongolia,2022,3386015.0,67247.0,20081.0,923,19.86021916618798,5.9305703016672995,13.725519354023227,8.851702,15310.435
Montenegro,2011,632689.0,7713.0,6174.0,51,12.190823611600646,9.758348888632487,6.6122131466355505,7.966922,20110.486
Montenegro,2012,633546.0,7936.0,6186.0,51,12.526320109352755,9.764089742496992,6.426411290322581,8.295505,19576.412
Montenegro,2013,633199.0,7947.0,6309.0,46,12.550556775989856,9.963692298945514,5.788347804202844,8.471446,20201.291
Montenegro,2014,631377.0,7931.0,6393.0,43,12.561433184927548,10.125487624667988,5.4217627033161016,8.000868,20641.764
Montenegro,2015,628145.0,7746.0,6524.0,31,12.33154765221406,10.386136958823203,4.002065582235993,9.021888,21131.842
Montenegro,2016,624246.0,7754.0,6631.0,38,12.421385159055886,10.622414881312816,4.900696414753676,8.63303,21834.092
Montenegro,2017,620112.0,7521.0,6696.0,25,12.128454214722503,10.798049384627292,3.3240260603643135,7.982554,22513.781
Montenegro,2018,615798.0,7263.0,6716.0,25,11.794452076817398,10.906173777764787,3.4421038138510256,8.343555,23562.176
Montenegro,2019,611671.0,7220.0,6885.0,29,11.803731090733416,11.256051047049803,4.016620498614959,8.329832,24585.115
Montenegro,2020,607934.0,7114.0,7519.0,30,11.701928169834225,12.36811890764458,4.217036828788305,11.421776,20904.6
Montenegro,2021,603854.0,7033.0,9135.0,24,11.646855034495093,15.127828912286745,3.4124840039812314,10.5838,23689.979
Montenegro,2022,614649.0,7032.0,7333.0,34,11.440675897951515,11.930386285506037,4.835039817974971,10.190818,25583.316
Morocco,2000,28423439.0,644893.0,183547.0,33833,22.68877457087441,6.457592974586925,52.46296672471247,3.6930459,5100.1157
Morocco,2001,28814646.0,636432.0,183827.0,31943,22.087101122116856,6.379637632889885,50.19075093647082,3.816012,5417.5786
Morocco,2002,29198146.0,630693.0,184541.0,30296,21.600446822890742,6.320298555942559,48.03604923473068,4.0611753,5544.072
Morocco,2003,29571415.0,638403.0,185750.0,29045,21.588517154150384,6.281403848953458,45.49634008612115,4.080375,5810.053
Morocco,2004,29953021.0,649571.0,187816.0,28058,21.686326731450563,6.270352496330838,43.19466232328722,4.232111,5996.39
Morocco,2005,30358145.0,662341.0,188078.0,26930,21.81757152816814,6.195306070249022,40.65881471930622,4.3735065,6103.4224
Morocco,2006,30771179.0,672603.0,189409.0,25925,21.858213492567184,6.155402755286042,38.544282437039385,4.5658665,6488.674
Morocco,2007,31186468.0,683664.0,190147.0,24779,21.921815577192007,6.09709954971496,36.24441245992183,4.80759,6620.5903
Morocco,2008,31606769.0,690897.0,191139.0,23664,21.859146691014192,6.0474071234551054,34.25112571048941,4.8378916,6901.9507
Morocco,2009,32030779.0,701896.0,192522.0,22712,21.91317295155388,6.010531308027194,32.35807014144545,5.273122,7063.727
Morocco,2010,32467009.0,710089.0,194274.0,21816,21.871093823271494,5.983735674573534,30.72290938178172,5.4186106,7210.6367
Morocco,2011,32912585.0,707816.0,194528.0,20598,21.50593762234112,5.910444287496713,29.100783254405098,5.370194,7503.793
Morocco,2012,33355246.0,699725.0,195014.0,19355,20.97795950897799,5.846576577489491,27.660866769087853,5.39619,7628.644
Morocco,2013,33787573.0,687270.0,194975.0,17955,20.3409105472003,5.7706127634559605,26.12510367104631,5.2554054,7839.032
Morocco,2014,34204784.0,676799.0,195522.0,16724,19.786676623948274,5.7162179419112835,24.710438401947993,5.416266,7951.7983
Morocco,2015,34607590.0,674422.0,196775.0,15751,19.48769041704435,5.685891447511948,23.35481345507709,5.104356,8198.809
Morocco,2016,35023459.0,673304.0,198656.0,14945,19.224371870294135,5.672083959496977,22.19651153119542,5.092034,8141.9404
Morocco,2017,35446395.0,670575.0,199580.0,14151,18.91800280395228,5.630473846494121,21.102784923386643,4.989204,8450.009
Morocco,2018,35839760.0,665650.0,201291.0,13432,18.57294803313415,5.616415958142577,20.17877262825809,4.9451666,8611.75
Morocco,2019,36210907.0,661124.0,203826.0,12816,18.25759294016027,5.62885652104765,19.385168289156045,5.020401,8768.176
Morocco,2020,36584208.0,653031.0,237014.0,12198,17.850078919297637,6.478587701010229,18.679051989874907,5.789395,8054.563
Morocco,2021,36954443.0,645134.0,237302.0,11578,17.457549015148192,6.421474137764707,17.946659143681778,5.453145,8623.266
Morocco,2022,37329068.0,635906.0,207991.0,10959,17.035142693624174,5.5718240809012425,17.23367919157863,5.75281,8690.448
Mozambique,2000,18129652.0,790145.0,283984.0,133499,43.58302078826444,15.664062387959792,168.95506520955016,2.1425304,711.9764
Mozambique,2001,18537735.0,798466.0,278877.0,127997,43.07246813054561,15.043747253912088,160.30363221477182,2.8009822,785.79016
Mozambique,2002,18958338.0,805208.0,275343.0,123026,42.472499435340794,14.52358323815094,152.78785108940795,3.1865265,842.64526
Mozambique,2003,19392477.0,813926.0,272917.0,118129,41.971224202044944,14.073344008607048,145.13481569577576,3.2509537,883.23914
Mozambique,2004,19840312.0,826112.0,271139.0,113700,41.6380548854272,13.666065332037116,137.63266966222497,3.5306265,934.134
Mozambique,2005,20304577.0,839720.0,269591.0,109601,41.35619274412858,13.277351210025207,130.52088791501927,4.2143564,970.38995
Mozambique,2006,20787088.0,854709.0,268694.0,105997,41.11730320283438,12.926004835309303,124.01530813411347,3.9455903,1041.8047
Mozambique,2007,21287638.0,878497.0,267588.0,103211,41.26794151610432,12.570112287704253,117.48588782887136,3.7995555,1095.1257
Mozambique,2008,21819037.0,922442.0,267533.0,102040,42.276934586984744,12.261448568972133,110.61942105845138,4.1349683,1141.9425
Mozambique,2009,22391751.0,960777.0,267121.0,101255,42.90763147553758,11.929437764826877,105.38865938714187,5.0556235,1178.7091
Mozambique,2010,22999234.0,984504.0,265480.0,99707,42.80594736329045,11.542993127510247,101.27637876534783,5.2924967,1224.2302
Mozambique,2011,23649045.0,1003989.0,262694.0,97701,42.45368047631522,11.108017258202182,97.3128191643534,4.921764,1275.5295
Mozambique,2012,24337849.0,1022644.0,259557.0,95518,42.01866812469746,10.664746913336508,93.40298285620412,5.140357,1338.516
Mozambique,2013,25051613.0,1040984.0,256342.0,93397,41.55357181990637,10.232554686199249,89.71991884601492,6.0455604,1385.8325
Mozambique,2014,25788473.0,1051953.0,252180.0,90761,40.79159708292926,9.778787600180902,86.27856947981516,6.2401304,1449.9293
Mozambique,2015,26547576.0,1073209.0,248787.0,88740,40.42587541702489,9.371364074821747,82.68659692566872,6.609729,1512.5997
Mozambique,2016,27337107.0,1096020.0,245602.0,86948,40.09275743772009,8.984198657158565,79.3306691483732,7.2150187,1537.9086
Mozambique,2017,28166397.0,1119768.0,243156.0,85475,39.755457540415975,8.632840046953822,76.33277607504411,7.8053217,1532.0073
Mozambique,2018,29018647.0,1144727.0,241564.0,84422,39.44797977658986,8.324440488214353,73.7485880913091,7.9790335,1538.8351
Mozambique,2019,29884378.0,1169000.0,241404.0,83730,39.11742784139593,8.07793289189422,71.62532078699743,7.9020743,1528.8899
Mozambique,2020,30783685.0,1192444.0,246483.0,82788,38.73623317026535,8.006936141660754,69.42715968213183,7.5519004,1466.1248
Mozambique,2021,31707798.0,1217662.0,266430.0,81846,38.4026036749698,8.402664858657166,67.21569696681017,8.648414,1457.2354
Mozambique,2022,32656242.0,1240622.0,236918.0,81122,37.99034806270728,7.254907040436557,65.38816819305154,8.248681,1476.7344
Myanmar,2000,45290850.0,1049124.0,452147.0,93604,23.16414904997367,9.98318644936008,89.22110255794358,2.0078197,1359.9304
Myanmar,2001,45771140.0,1055461.0,453963.0,91236,23.05953052513003,9.918105601040306,86.44184863296701,2.1620898,1498.3116
Myanmar,2002,46232656.0,1058373.0,455495.0,88790,22.89232528626519,9.852235181989112,83.89291865911167,2.5944676,1661.7358
Myanmar,2003,46667191.0,1038439.0,456276.0,85234,22.252014268439684,9.77723300294633,82.07896660275664,2.3959713,1874.1713
Myanmar,2004,47068779.0,1013424.0,456954.0,81099,21.530705098596247,9.708218689930327,80.02474778572444,2.3325377,2110.2373
Myanmar,2005,47438362.0,994616.0,457142.0,77015,20.966491212323056,9.636546894262494,77.43189331360043,2.3447094,2377.9026
Myanmar,2006,47785141.0,984324.0,457144.0,73410,20.598955646065793,9.56665587739921,74.57910200299901,2.2655919,2669.327
Myanmar,2007,48125047.0,980431.0,456705.0,70179,20.372572311461848,9.4899647578526,71.5797440105423,2.0360687,2968.3032
Myanmar,2008,48390790.0,967497.0,594207.0,99785,19.993411969509072,12.279340758851014,103.13727070988334,2.1217532,3254.739
Myanmar,2009,48660458.0,957663.0,452550.0,63121,19.680517598087548,9.300159073718543,65.91149496221531,2.172837,3578.1743
Myanmar,2010,49024376.0,949345.0,451594.0,60122,19.364754382595304,9.211621581884081,63.32998014420468,1.9679378,3893.7903
Myanmar,2011,49419825.0,943237.0,450936.0,57314,19.08620680061089,9.124597264356966,60.76309559527457,1.9507781,4078.6123
Myanmar,2012,49837451.0,937884.0,450678.0,54665,18.818859736626578,9.042958477150046,58.285459609077456,2.4360523,4340.9995
Myanmar,2013,50262658.0,939101.0,451484.0,52385,18.68387063811866,8.982493524317794,55.78207242884418,3.1111202,4666.9536
Myanmar,2014,50681635.0,940171.0,452077.0,50340,18.550526240915474,8.919937172508346,53.543451138144015,4.149409,5006.507
Myanmar,2015,51089060.0,950670.0,454923.0,48835,18.60809339612042,8.904509106254842,51.36903447042612,5.1971154,5313.886
Myanmar,2016,51495701.0,955836.0,456297.0,47232,18.561471762468095,8.860875590372098,49.41433467666001,4.7622094,5580.9897
Myanmar,2017,51894939.0,951790.0,459518.0,45528,18.340709486140835,8.854774836521148,47.83408104728985,4.692126,5877.8745
Myanmar,2018,52272250.0,943745.0,461395.0,43576,18.054417018590172,8.826767548747185,46.17348966087238,4.5351467,6201.263
Myanmar,2019,52640718.0,935659.0,465707.0,41819,17.774434611625168,8.846896807144613,44.69470180909926,3.814466,6562.989
Myanmar,2020,53016525.0,925479.0,476824.0,40003,17.456425142915347,8.99387502292917,43.22410341023406,4.278087,5926.8345
Myanmar,2021,53387103.0,918313.0,524224.0,38838,17.20102699710078,9.819300365483402,42.292769458779304,5.5353065,5178.4473
Myanmar,2022,53756791.0,909108.0,493467.0,37382,16.911500539531833,9.179621603529124,41.119426954773246,4.491585,5350.4766
Namibia,2000,1818650.0,57491.0,22216.0,4369,31.611909933192205,12.21565446897424,75.99450348750239,10.045453,7858.3877
Namibia,2001,1857059.0,56604.0,23661.0,4345,30.480453232772895,12.741113771829543,76.76135962122818,10.465676,7786.5415
Namibia,2002,1889976.0,56012.0,24072.0,4217,29.63635517064767,12.736669671995834,75.28743840605584,10.478712,8017.2812
Namibia,2003,1917469.0,55660.0,24545.0,4095,29.02784869012224,12.800728460277584,73.57168523176429,10.744746,8237.366
Namibia,2004,1942087.0,56160.0,24690.0,3966,28.917345103489183,12.713127681715598,70.61965811965811,10.885438,9130.824
Namibia,2005,1966581.0,57653.0,24743.0,3842,29.316361746604894,12.58173449250247,66.64007076821675,10.825065,9245.137
Namibia,2006,1991890.0,59226.0,24537.0,3712,29.73356962482868,12.318451320103017,62.67517644277851,11.3029,9773.298
Namibia,2007,2018607.0,60516.0,24080.0,3579,29.979089540460325,11.929018377524699,59.1413840967678,11.413729,10162.24
Namibia,2008,2047059.0,61954.0,23808.0,3464,30.264882448429674,11.63034382497036,55.91245117345127,10.67727,10286.513
Namibia,2009,2077400.0,63602.0,23663.0,3388,30.616154808895736,11.390680658515452,53.26876513317191,9.904353,10166.29
Namibia,2010,2109815.0,65416.0,23365.0,3274,31.005562099046596,11.074430696530264,50.04891769597652,10.622789,10614.62
Namibia,2011,2146331.0,66840.0,23284.0,3314,31.14151545125146,10.848280158093043,49.58108916816278,10.860683,10965.273
Namibia,2012,2194656.0,68806.0,22603.0,3247,31.35161045740198,10.299108379627604,47.19065197802517,10.203602,11266.609
Namibia,2013,2252505.0,70227.0,22424.0,3259,31.177289284596483,9.955138834320014,46.40665271191992,10.088876,11593.575
Namibia,2014,2312143.0,71703.0,22118.0,3261,31.011490206271844,9.566017326782989,45.479268649847285,8.40891,11982.696
Namibia,2015,2374305.0,72815.0,21970.0,3252,30.667921770791875,9.253234104295784,44.66112751493511,9.981063,12166.565
Namibia,2016,2439219.0,73932.0,21706.0,3242,30.309701588910222,8.898749968739994,43.85110642211762,9.32231,11846.788
Namibia,2017,2506854.0,74332.0,21359.0,3215,29.651507427237487,8.52024090752792,43.25189689501157,8.713485,11408.726
Namibia,2018,2577327.0,74916.0,20942.0,3195,29.067324402375018,8.125472631140713,42.64776549735704,8.621483,11214.386
Namibia,2019,2650499.0,75237.0,20468.0,3163,28.385975621948923,7.722319457581383,42.04048539947101,8.858058,10813.305
Namibia,2020,2728760.0,75551.0,20516.0,3118,27.686934724930005,7.518433281050734,41.27013540522296,9.560602,9652.248
Namibia,2021,2810552.0,75946.0,25790.0,3094,27.02173807849846,9.176133371665069,40.739472783293394,10.196447,9709.1
Namibia,2022,2889668.0,76123.0,21591.0,3035,26.34316468189425,7.471792607316827,39.8696845894145,9.621988,9953.098
Nauru,2000,10187.0,287.0,79.0,13,28.17316187297536,7.75498183959949,45.29616724738676,18.966713,8846.081
Nauru,2001,10147.0,283.0,77.0,11,27.89001675372031,7.588449788114714,38.869257950530034,16.2233,8278.926
Nauru,2002,10105.0,280.0,74.0,11,27.709054923305295,7.3231073725878275,39.285714285714285,13.808125,7488.8916
Nauru,2003,10086.0,280.0,72.0,11,27.76125322228832,7.138607971445568,39.285714285714285,9.9744425,7527.3755
Nauru,2004,10084.0,283.0,73.0,11,28.064260214200715,7.2391907973026575,38.869257950530034,6.8788958,7201.871
Nauru,2005,10071.0,286.0,72.0,11,28.398371561910437,7.149240393208221,38.46153846153847,10.820818,7209.7544
Nauru,2006,10061.0,292.0,75.0,11,29.02295994433953,7.45452738296392,37.671232876712324,12.417615,7830.7183
Nauru,2007,10042.0,305.0,75.0,11,30.37243576976698,7.468631746664011,36.0655737704918,24.23069,6110.384
Nauru,2008,10032.0,323.0,75.0,11,32.196969696969695,7.476076555023924,34.05572755417956,23.004093,7340.519
Nauru,2009,10041.0,343.0,76.0,12,34.15994422866248,7.568967234339209,34.98542274052478,12.3157625,6927.867
Nauru,2010,10067.0,363.0,75.0,12,36.05840866196484,7.450084434290256,33.057851239669425,12.696401,6909.242
Nauru,2011,10116.0,372.0,71.0,14,36.773428232502965,7.018584420719653,37.634408602150536,9.971237,7882.141
Nauru,2012,10289.0,371.0,66.0,13,36.05792594032462,6.414617552726212,35.04043126684636,8.84149,9640.802
Nauru,2013,10539.0,372.0,69.0,13,35.29746655280387,6.54711073156846,34.946236559139784,9.568994,9799.738
Nauru,2014,10766.0,373.0,71.0,12,34.646108118149726,6.594835593535203,32.171581769437,8.121445,11114.392
Nauru,2015,10975.0,375.0,72.0,12,34.16856492027335,6.5603644646924835,32.0,13.913319,11271.912
Nauru,2016,11173.0,374.0,74.0,11,33.473552313613176,6.623109281303142,29.41176470588235,10.952517,11531.363
Nauru,2017,11351.0,365.0,76.0,11,32.15575720200863,6.6954453352127565,30.136986301369863,11.488645,10633.276
Nauru,2018,11499.0,352.0,77.0,10,30.61135750934864,6.696234455170015,28.409090909090907,11.090157,10402.613
Nauru,2019,11609.0,343.0,77.0,10,29.54604186407098,6.632784908260832,29.154518950437318,11.561557,11184.528
Nauru,2020,11665.0,334.0,76.0,8,28.632661808829834,6.515216459494213,23.952095808383234,11.556502,11306.0205
Nauru,2021,11727.0,325.0,80.0,8,27.713822802080667,6.821864074358318,24.615384615384617,10.853991,12113.788
Nauru,2022,11822.0,314.0,78.0,8,26.560649636271357,6.597868380984605,25.477707006369428,18.342293,12019.35
Nepal,2000,24546509.0,759927.0,205423.0,60684,30.95865892783369,8.368725670929418,79.85503870766534,3.1329207,2340.8157
Nepal,2001,24946755.0,742840.0,200715.0,56180,29.777019095269104,8.045735808124142,75.62866835388509,3.812299,2413.8142
Nepal,2002,25328989.0,725448.0,200413.0,52165,28.64101682068716,7.912396345546994,71.90729039159251,3.9386334,2380.2441
Nepal,2003,25688762.0,712403.0,195832.0,48467,27.732087673201224,7.623255647741997,68.03312170218263,3.856073,2439.4949
Nepal,2004,26016652.0,698220.0,193353.0,45079,26.837427044801924,7.431894003886434,64.5627452665349,4.046299,2521.541
Nepal,2005,26309462.0,679767.0,190671.0,41806,25.83735843781222,7.247240555508128,61.50048472491309,3.9509532,2580.231
Nepal,2006,26565430.0,662426.0,187100.0,38866,24.935640040458598,7.042987822896148,58.67221395295474,3.5440245,2641.348
Nepal,2007,26788498.0,652335.0,187548.0,36472,24.351309282065756,7.00106441204729,55.90992358220853,3.6729748,2708.7144
Nepal,2008,26990036.0,640452.0,188085.0,34138,23.729201398619846,6.968682813168534,53.30297977053706,3.8175635,2852.6099
Nepal,2009,27173035.0,631403.0,190088.0,32172,23.236381213949784,6.995464437446903,50.95319471082652,3.9017951,2961.839
Nepal,2010,27341955.0,624784.0,192149.0,30317,22.850743481949262,7.027624762018663,48.52396988399191,4.3613153,3085.314
Nepal,2011,27464499.0,622163.0,192204.0,28727,22.65335333442638,6.998270749450045,46.17278751709761,4.452202,3176.6504
Nepal,2012,27534916.0,623697.0,193558.0,27350,22.651131385329087,7.029547502523704,43.85142144342526,4.4907875,3316.5007
Nepal,2013,27589997.0,619613.0,194814.0,25987,22.457885733006783,7.061037375248717,41.9406952404162,4.63013,3426.5579
Nepal,2014,27672373.0,619578.0,196401.0,24835,22.389767585165174,7.097367471882516,40.08373441277773,5.075494,3621.7317
Nepal,2015,27823631.0,616049.0,205492.0,24778,22.14121514190581,7.385520602972344,40.22082659009267,5.4661555,3745.2617
Nepal,2016,27955471.0,613425.0,197509.0,22257,21.942932029297594,7.065128682682542,36.28316420100257,5.42379,3743.7446
Nepal,2017,28011258.0,604268.0,198048.0,20973,21.57232638391321,7.070300091484645,34.70810964671305,4.7217402,4071.7043
Nepal,2018,28079688.0,593089.0,198515.0,19593,21.121637818767788,7.0697010593565,33.035514062813505,4.528454,4371.3857
Nepal,2019,28414066.0,586696.0,199575.0,18541,20.648083241588868,7.023809967922226,31.60239715286963,4.445247,4607.5244
Nepal,2020,28966580.0,584195.0,210632.0,17711,20.1678969350196,7.271552250904318,30.316931846386908,5.2080965,4412.542
Nepal,2021,29475016.0,579915.0,228750.0,16694,19.674798480177245,7.760810036540777,28.786977401860614,5.534983,4546.2295
Nepal,2022,29715435.0,583699.0,204695.0,16030,19.642956598145037,6.888507605559199,27.462784757212194,6.529503,4763.3877
Netherlands,2000,16058757.0,208618.0,140610.0,1298,12.990918288383092,8.755970340668334,6.221898398028934,7.703824,56016.832
Netherlands,2001,16182705.0,204850.0,140384.0,1297,12.658575930291011,8.674940314366479,6.331462045399073,8.041769,56887.4
Netherlands,2002,16288060.0,203847.0,142560.0,1239,12.515118436449768,8.752423554431896,6.078087977748017,8.6187935,56664.402
Netherlands,2003,16366914.0,201574.0,141893.0,1155,12.315944227482346,8.66950238756066,5.729905642592795,9.019793,56452.87
Netherlands,2004,16425562.0,195452.0,136529.0,1043,11.89925799799118,8.31198348038259,5.336348566399934,9.071567,57391.35
Netherlands,2005,16465707.0,189568.0,136474.0,1119,11.5128976848671,8.288377778130025,5.902895003376097,9.059846,58422.03
Netherlands,2006,16493851.0,186520.0,135429.0,995,11.308456709109352,8.210878102391007,5.334548573879476,9.035755,60391.516
Netherlands,2007,16531360.0,182610.0,132982.0,885,11.046278104160818,8.044226246358438,4.846393954328898,9.000522,62601.66
Netherlands,2008,16597259.0,185160.0,135097.0,856,11.156058961301984,8.139717528056892,4.62302873190754,9.218193,63678.402
Netherlands,2009,16684148.0,185665.0,134193.0,851,11.128227824399545,8.043143707428154,4.583524089085181,9.90839,61029.734
Netherlands,2010,16771232.0,185182.0,136031.0,836,11.041645598844498,8.110972407990063,4.5144776490155625,10.094522,61518.58
Netherlands,2011,16851061.0,181222.0,135660.0,753,10.754337664554178,8.050531654950392,4.1551246537396125,10.145378,62318.14
Netherlands,2012,16915191.0,177354.0,140720.0,776,10.484894908960827,8.31914933742102,4.375429931098255,10.454673,61480.84
Netherlands,2013,16967066.0,173286.0,141020.0,741,10.213079857177428,8.311395735715298,4.276167722724282,10.502474,61281.312
Netherlands,2014,17030085.0,176448.0,139228.0,741,10.36095826885186,8.175414274209436,4.199537540805223,10.456996,62045.848
Netherlands,2015,17107429.0,172414.0,147135.0,661,10.07831159199901,8.600649460535537,3.8337953994455205,10.18858,63081.41
Netherlands,2016,17204693.0,173884.0,148977.0,706,10.106777261297252,8.659090865498152,4.060178049734305,9.891484,64267.746
Netherlands,2017,17315376.0,171568.0,150189.0,697,9.908418968204906,8.673735990486144,4.062529142963723,9.937125,65665.99
Netherlands,2018,17421285.0,170390.0,153486.0,681,9.780564407275353,8.810257107899904,3.996713422149187,9.85084,66758.24
Netherlands,2019,17537505.0,171329.0,151972.0,723,9.769291583951082,8.66554278958153,4.219951088257096,9.936163,67847.88
Netherlands,2020,17636732.0,171111.0,168611.0,739,9.701967461999196,9.560217845346859,4.318833973268814,10.949547,64862.188
Netherlands,2021,17730565.0,182048.0,170891.0,696,10.267467505970622,9.638215138660275,3.8231675162594483,11.13499,68573.56
Netherlands,2022,17904421.0,172487.0,166817.0,695,9.633765872685858,9.317084311187722,4.0292891638210415,10.031092,71324.04
New Zealand,2000,3857576.0,56573.0,26863.0,433,14.665427200915808,6.963699483820928,7.653827797712689,7.4699597,35984.63
New Zealand,2001,3891763.0,55577.0,28096.0,373,14.280674337054954,7.219350201952174,6.7114093959731544,7.578936,36995.06
New Zealand,2002,3951116.0,53577.0,28330.0,370,13.559966348748048,7.170126111205037,6.905948448028072,7.9003425,38072.27
New Zealand,2003,4022585.0,55356.0,28334.0,353,13.76130025841592,7.04372934319598,6.376905845798106,7.7217994,39092.344
New Zealand,2004,4083912.0,57350.0,28713.0,383,14.042907878524316,7.03075874308751,6.678291194420226,7.900957,40091.14
New Zealand,2005,4135002.0,57243.0,27423.0,360,13.843524138561481,6.631919404150228,6.288978565064724,8.273247,40970.297
New Zealand,2006,4181943.0,58877.0,28587.0,362,14.078862385259674,6.835817704832419,6.148411094315268,8.638467,41596.832
New Zealand,2007,4223270.0,63621.0,28855.0,403,15.064393230837716,6.8323834374785415,6.33438644472737,8.3289995,42473.117
New Zealand,2008,4261819.0,64045.0,29556.0,376,15.027620835141052,6.93506692799483,5.870872043094699,8.651337,41682.246
New Zealand,2009,4304304.0,62332.0,29371.0,373,14.481319163330472,6.823635133577925,5.984085221074247,9.135664,41251.0
New Zealand,2010,4347766.0,63378.0,28833.0,386,14.577141456094925,6.6316816498404005,6.090441478115435,9.095111,41395.37
New Zealand,2011,4382699.0,61336.0,30550.0,340,13.995029090521617,6.9705904968604955,5.543237250554324,9.107482,41961.92
New Zealand,2012,4411682.0,60876.0,30497.0,318,13.798818681854224,6.912782924970567,5.223733491030948,9.202432,42693.42
New Zealand,2013,4453857.0,58405.0,29815.0,303,13.113353212732244,6.694197860416264,5.187911993836145,8.939355,43453.28
New Zealand,2014,4522976.0,56707.0,31392.0,375,12.537541653990647,6.9405630275287775,6.612940201386072,8.972041,44369.766
New Zealand,2015,4614035.0,59854.0,31898.0,304,12.972159942436502,6.913254884282413,5.079025629030641,8.889206,45097.016
New Zealand,2016,4714768.0,58552.0,31403.0,245,12.418850726059055,6.660561028665674,4.184314797103429,8.76869,45746.137
New Zealand,2017,4812749.0,58574.0,33627.0,274,12.170591069677641,6.987067058764128,4.677843411752654,8.617958,46285.98
New Zealand,2018,4900840.0,57387.0,33626.0,263,11.709625288726015,6.861272761404168,4.582919476536498,8.56967,46974.684
New Zealand,2019,4989410.0,58824.0,34371.0,326,11.789770734415491,6.888790458190447,5.541955664354686,8.618987,47392.19
New Zealand,2020,5069895.0,57391.0,32749.0,257,11.319958302883984,6.459502612973247,4.47805405028663,9.252402,46326.38
New Zealand,2021,5107694.0,58853.0,35077.0,323,11.522420881125612,6.867482664388274,5.488250386556335,9.550724,48202.09
New Zealand,2022,5131731.0,58955.0,41114.0,365,11.488326258722447,8.01172158088567,6.191162751250954,10.568146,49842.984
Nicaragua,2000,5022636.0,140057.0,30866.0,5414,27.885158311293115,6.145378641812785,38.65569018328252,5.238837,4878.2476
Nicaragua,2001,5087827.0,137546.0,30440.0,5045,27.034331159451767,5.982907830789058,36.67863841914705,5.4845977,4958.3276
Nicaragua,2002,5149914.0,135342.0,29526.0,4702,26.280438857813937,5.733299624032556,34.74161753188219,5.7331586,4935.485
Nicaragua,2003,5210970.0,135094.0,28953.0,4438,25.9249237665924,5.556163247917374,32.85119990525116,6.083176,5000.6113
Nicaragua,2004,5272909.0,135380.0,28479.0,4220,25.674632351895323,5.40100350679293,31.171517210814006,6.0574036,5204.382
Nicaragua,2005,5342108.0,136819.0,27834.0,4041,25.611425302521027,5.210302749401547,29.53537154927313,6.2246895,5356.958
Nicaragua,2006,5418857.0,137789.0,27719.0,3871,25.427687056513946,5.115285382138706,28.093679466430558,6.3575644,5500.4053
Nicaragua,2007,5497247.0,138398.0,28055.0,3769,25.175874396766236,5.103463606419723,27.23305250075868,6.9564304,5697.211
Nicaragua,2008,5576597.0,138818.0,28421.0,3573,24.892958913832217,5.096477296100113,25.73873705139103,7.167007,5809.099
Nicaragua,2009,5656602.0,139213.0,28998.0,3419,24.610711519035636,5.1263992057422465,24.559487978852548,7.685844,5538.3657
Nicaragua,2010,5737451.0,139679.0,29201.0,3324,24.34513166212661,5.089542376919646,23.797421230106174,7.7101917,5701.1274
Nicaragua,2011,5819051.0,139419.0,29385.0,3158,23.959061365848143,5.049792483344793,22.651145109346647,7.44982,5976.2524
Nicaragua,2012,5901290.0,139361.0,29293.0,3029,23.615345119456933,4.963829942266861,21.734918664475714,7.488369,6275.787
Nicaragua,2013,5983852.0,138841.0,29816.0,2913,23.20261263146214,4.98274355716017,20.980834191629274,7.6386924,6494.1494
Nicaragua,2014,6066493.0,138535.0,30116.0,2786,22.836093274977816,4.964317934595821,20.110441404699174,7.9771614,6712.2173
Nicaragua,2015,6149417.0,138051.0,30701.0,2675,22.449445207570086,4.992505793638649,19.376896943883057,7.9630327,6939.032
Nicaragua,2016,6232664.0,137493.0,30905.0,2569,22.06006933792677,4.958553838294508,18.68458757900402,8.048776,7158.7573
Nicaragua,2017,6316235.0,136727.0,31261.0,2476,21.646914657228557,4.94930920081346,18.109078675023955,8.327544,7391.1963
Nicaragua,2018,6400074.0,135740.0,30926.0,2369,21.20912976943704,4.832131628478046,17.452482687490793,8.4993515,7049.027
Nicaragua,2019,6483660.0,134914.0,32095.0,2277,20.808308887264293,4.95013618851081,16.87741820715419,8.500371,6756.5933
Nicaragua,2020,6565267.0,134259.0,43752.0,2185,20.4498918322743,6.664161564183147,16.274514185268774,8.557393,6523.3696
Nicaragua,2021,6644745.0,133188.0,43972.0,2097,20.044110044854996,6.617560192302338,15.744661681232543,9.549849,7119.169
Nicaragua,2022,6730662.0,132560.0,31572.0,2017,19.69494233999568,4.6907718735541915,15.215751357875678,8.978827,7277.8203
Niger,2000,11509634.0,614503.0,203712.0,134131,53.390316321092406,17.69925959417997,218.2755820557426,4.658915,1197.6348
Niger,2001,11920648.0,631976.0,203549.0,131697,53.01523876889914,17.075330133059882,208.38924262946696,4.7265935,1240.3855
Niger,2002,12349150.0,649336.0,202566.0,128678,52.581432730187906,16.403234230696043,198.1685906834058,4.8271704,1256.237
Niger,2003,12796979.0,667720.0,200421.0,125113,52.17793980907525,15.6615870042453,187.37344994908045,4.7474065,1238.5878
Niger,2004,13265843.0,686849.0,198530.0,121702,51.775752208133326,14.96550200390582,177.18887266342384,4.9781833,1199.1594
Niger,2005,13756192.0,707304.0,196139.0,118252,51.41713637029783,14.258233673970238,167.18695214504652,5.8774962,1241.2007
Niger,2006,14268583.0,727220.0,193865.0,115113,50.96651853936723,13.58684320650481,158.29185115920905,5.9933558,1267.6014
Niger,2007,14803604.0,748968.0,192157.0,112566,50.593625714386846,12.980420173357784,150.29480565257794,5.431059,1260.1854
Niger,2008,15361921.0,770730.0,191015.0,110708,50.171459676169405,12.434317296645387,143.64044477313715,5.246406,1308.2751
Niger,2009,15943673.0,794002.0,191320.0,109855,49.800444351812786,11.999744350000153,138.35607466983708,5.3385015,1285.2776
Niger,2010,16548833.0,816735.0,192042.0,109442,49.35302688715271,11.604564503128408,133.99940005019988,4.9610047,1344.4989
Niger,2011,17176286.0,838594.0,193421.0,109586,48.82277810232084,11.260932660296877,130.678254316153,4.8732386,1325.9265
Niger,2012,17836770.0,860043.0,196024.0,110461,48.21741828817661,10.989882136732154,128.43660142574268,4.307327,1411.52
Niger,2013,18519899.0,885168.0,199104.0,111719,47.7955090359834,10.75081456977708,126.21219926612801,4.46636,1431.7112
Niger,2014,19215917.0,906992.0,202368.0,113160,47.2000373440414,10.531269467910379,124.76405525076296,4.4537716,1471.5055
Niger,2015,19939496.0,928715.0,207093.0,114869,46.57665369275131,10.386069938778794,123.68595317185574,5.3474593,1480.3982
Niger,2016,20685758.0,949088.0,210085.0,116404,45.881229007900025,10.156021355369235,122.64826865369702,4.5323906,1488.0864
Niger,2017,21435449.0,965813.0,213441.0,117737,45.056812199268606,9.957384144367586,121.90455088096765,5.576096,1515.483
Niger,2018,22188074.0,980292.0,216759.0,118700,44.181031665930085,9.769166985832118,121.08637018357796,5.303108,1565.0197
Niger,2019,22947765.0,995141.0,219688.0,119331,43.3654867914152,9.573394184575275,119.91366047625412,5.666421,1605.1948
Niger,2020,23717615.0,1010377.0,225947.0,119759,42.600278316348415,9.526548095160495,118.5290243146865,6.1701226,1622.2787
Niger,2021,24502145.0,1027422.0,233990.0,120330,41.931920654293734,9.54977615225116,117.11837978941466,5.8145275,1587.8479
Niger,2022,25311978.0,1061832.0,232185.0,121431,41.94978361627843,9.17292990693971,114.35989874104378,4.349805,1724.897
Nigeria,2000,126382490.0,5547161.0,2203966.0,967366,43.891847676050695,17.438855651601738,174.38938584980679,3.1973834,4889.0034
Nigeria,2001,129862594.0,5705335.0,2227031.0,966163,43.93362880153157,17.149133799067652,169.343780864752,3.1894686,5039.549
Nigeria,2002,133471995.0,5848982.0,2242262.0,961805,43.82179197965835,16.79949415605873,164.43972643444621,2.4906397,5654.897
Nigeria,2003,137202646.0,5997118.0,2245989.0,955898,43.70992961753813,16.369866511175008,159.39289505392424,5.05361,5905.315
Nigeria,2004,141057045.0,6132384.0,2254941.0,951687,43.47449643511248,15.986021825425311,155.1903794674306,4.633684,6275.299
Nigeria,2005,145017256.0,6289434.0,2275676.0,944732,43.370245538227536,15.692449731637453,150.2093829110855,4.4659195,6496.932
Nigeria,2006,149077335.0,6435928.0,2300286.0,938338,43.1717403587876,15.430152410492179,145.79684545880565,4.2577515,6702.9453
Nigeria,2007,153267254.0,6574697.0,2309240.0,932411,42.89694522745217,15.06675391992082,141.8180944308156,3.9099724,6949.4263
Nigeria,2008,157595014.0,6745470.0,2332620.0,930504,42.80255973072854,14.801356596218204,137.94502088067992,3.6958153,7215.7695
Nigeria,2009,162049466.0,6886601.0,2358476.0,930098,42.496906469287595,14.554049810938594,135.0590806698399,3.580197,7581.406
Nigeria,2010,166642888.0,7022105.0,2392924.0,930912,42.13864200433204,14.35959271181138,132.56879525441445,3.2965329,7962.6396
Nigeria,2011,171379602.0,7162528.0,2434061.0,933320,41.79335181324554,14.202746252147325,130.30594784411315,3.3207793,8153.5317
Nigeria,2012,176200627.0,7244727.0,2470094.0,933704,41.11635198664759,14.018644780418404,128.8804947377589,3.3598425,8265.905
Nigeria,2013,181049440.0,7321803.0,2510138.0,933036,40.44090387686369,13.864378702303636,127.4325463277283,3.4206934,8581.208
Nigeria,2014,185896917.0,7415859.0,2553399.0,934264,39.892318386323744,13.735563995394285,125.98189906253613,3.3484042,8884.774
Nigeria,2015,190671883.0,7426774.0,2603769.0,928185,38.95054626381384,13.655757519319197,124.97822069178353,3.58195,8892.058
Nigeria,2016,195443698.0,7382060.0,2620524.0,913578,37.77077529509292,13.408076222544663,123.75651240981516,3.6477368,8534.692
Nigeria,2017,200254580.0,7347957.0,2641676.0,897371,36.69307838052942,13.191588427091157,122.1252383485641,3.747625,8396.784
Nigeria,2018,204938752.0,7314240.0,2654288.0,877160,35.68988260453543,12.95161590522421,119.92496828105176,3.0906935,8362.623
Nigeria,2019,209485637.0,7266105.0,2656000.0,852060,34.685456740883865,12.6786735264337,117.26502713627177,2.9854705,8361.787
Nigeria,2020,213996185.0,7218484.0,2693279.0,825599,33.73183498574986,12.585640253353114,114.37290710902732,3.3806343,7664.211
Nigeria,2021,218529286.0,7330875.0,2689258.0,806738,33.54641903694318,12.306167512943778,110.04661790031886,4.076257,7588.479
Nigeria,2022,223150906.0,7406815.0,2667409.0,787808,33.191955761093794,11.953386377915939,106.36258634784316,4.0426903,7752.262
North Macedonia,2000,2057254.0,29766.0,18013.0,460,14.468801616134908,8.755846385521671,15.453873546999933,8.869915,11988.245
North Macedonia,2001,2066300.0,27656.0,17566.0,407,13.384310119537336,8.501185694236074,14.716517211455018,8.381592,11571.812
North Macedonia,2002,2074482.0,28591.0,18549.0,391,13.782235758131428,8.941509253876388,13.675632191948514,8.97827,11830.263
North Macedonia,2003,2081417.0,28012.0,18461.0,414,13.4581393348858,8.86943846427698,14.779380265600457,9.008577,12077.849
North Macedonia,2004,2086581.0,24498.0,18184.0,372,11.740737598971716,8.71473477425511,15.184913054126868,8.4650545,12683.381
North Macedonia,2005,2089809.0,23641.0,18628.0,340,11.31251707691947,8.91373326461892,14.381794340340932,7.6790752,13354.461
North Macedonia,2006,2089232.0,24414.0,18704.0,317,11.685633763986,8.952572045612934,12.984353239944294,7.383146,14118.2295
North Macedonia,2007,2081972.0,24555.0,19454.0,285,11.79410674110891,9.344025760192741,11.606597434331093,6.5706534,15118.244
North Macedonia,2008,2070837.0,24707.0,18734.0,271,11.93092454886599,9.04658357948984,10.968551422673736,6.553176,16038.041
North Macedonia,2009,2060601.0,25389.0,18730.0,340,12.321162612267003,9.089581146471344,13.3916262948521,6.528464,16084.228
North Macedonia,2010,2051510.0,26063.0,18792.0,217,12.70430073458087,9.160082085878207,8.325979357710164,6.713697,16731.09
North Macedonia,2011,2040445.0,24390.0,19246.0,207,11.95327489836776,9.43225619901541,8.487084870848708,6.5188737,17201.236
North Macedonia,2012,2027288.0,25148.0,19642.0,281,12.404749596505283,9.688805931865625,11.173850803244791,6.6146836,17189.996
North Macedonia,2013,2013280.0,24529.0,18663.0,273,12.183600890089803,9.269947548279424,11.129683232092624,6.7192836,17758.229
North Macedonia,2014,1997842.0,24809.0,19139.0,267,12.417898912927049,9.579836643738593,10.76222338667419,6.2899337,18452.207
North Macedonia,2015,1980366.0,24296.0,19762.0,233,12.26843926829687,9.978963484527608,9.590055976292394,6.342279,19215.074
North Macedonia,2016,1961268.0,24258.0,19847.0,314,12.368528931283231,10.119473728220722,12.944183362189793,6.3794336,19825.773
North Macedonia,2017,1940877.0,22977.0,19771.0,231,11.83846271556621,10.186632125580344,10.053531792662227,6.4390945,20121.05
North Macedonia,2018,1919730.0,22543.0,18939.0,142,11.742797164184546,9.865449828882188,6.299072882934835,6.4569936,20805.922
North Macedonia,2019,1897643.0,20958.0,19661.0,140,11.04422696998329,10.360747516787931,6.680026720106881,7.066541,21766.885
North Macedonia,2020,1872021.0,20045.0,24935.0,129,10.70767902710493,13.319829211317607,6.435520079820404,7.732124,20971.441
North Macedonia,2021,1851109.0,19383.0,27375.0,104,10.471020345101234,14.788432231705427,5.365526492287056,8.418512,22144.193
North Macedonia,2022,1840236.0,18639.0,21619.0,69,10.128592202304487,11.7479497194925,3.70191533880573,7.4216475,22822.234
Norway,2000,4490864.0,59170.0,44037.0,286,13.175638362684774,9.805908172681248,4.833530505323644,7.702706,76775.945
Norway,2001,4513650.0,56679.0,43948.0,272,12.557243029477252,9.736687603159305,4.7989555214453326,8.009725,78041.016
Norway,2002,4538016.0,55283.0,44482.0,258,12.182195919979128,9.80208090936656,4.666895790749416,8.982671,78752.59
Norway,2003,4564666.0,56304.0,42466.0,252,12.334746945340578,9.303199839813033,4.475703324808184,9.193551,79150.4
Norway,2004,4591739.0,56726.0,41225.0,230,12.353925168656145,8.97807998233349,4.0545781475866445,8.795983,82091.195
Norway,2005,4623120.0,56454.0,41199.0,222,12.211233971863157,8.911514302029797,3.932405144011053,8.298995,83955.336
Norway,2006,4660487.0,58056.0,41214.0,227,12.457067254988589,8.843281828701594,3.910017913738459,7.8823,85653.14
Norway,2007,4709017.0,57832.0,41817.0,215,12.281119392858425,8.880197289582942,3.7176649605754597,8.01674,87670.86
Norway,2008,4768097.0,59691.0,41641.0,203,12.51883088787833,8.733253539095367,3.4008476989830965,7.9150767,87297.4
Norway,2009,4828625.0,61036.0,41358.0,227,12.640451474280981,8.565171244401874,3.7191165869323024,9.032541,84812.69
Norway,2010,4889160.0,60651.0,41440.0,199,12.405198438995654,8.475893609536199,3.281067088753689,8.858115,84604.516
Norway,2011,4952969.0,59454.0,41382.0,173,12.00370929032667,8.354988694659708,2.909812628250412,8.73474,84670.836
Norway,2012,5018453.0,59462.0,41895.0,181,11.848671293723385,8.348190169360956,3.043960848945545,8.721886,85925.875
Norway,2013,5080126.0,58331.0,41131.0,174,11.48219552034733,8.09645272577885,2.9829764619156194,8.874313,85973.766
Norway,2014,5137397.0,58538.0,40416.0,171,11.394486351745837,7.867019037072666,2.92117940483105,9.282979,86790.79
Norway,2015,5189777.0,58610.0,40757.0,169,11.293356149984865,7.853323948215887,2.8834669851561165,10.069922,87688.12
Norway,2016,5235974.0,58544.0,40644.0,151,11.181109761049234,7.762452601941874,2.579256627493851,10.530498,88041.64
Norway,2017,5276807.0,56370.0,40712.0,160,10.682596502013434,7.715271754301417,2.838389214120986,10.229836,89664.91
Norway,2018,5311751.0,54921.0,40811.0,142,10.339528340089737,7.683153822534226,2.5855319458859087,9.960379,90064.07
Norway,2019,5347733.0,54260.0,40591.0,141,10.146355474366427,7.590319112790411,2.5985993365278293,10.438075,90772.9
Norway,2020,5379275.0,53029.0,40593.0,113,9.858019900451268,7.5461841976846324,2.130909502347772,11.424164,89012.27
Norway,2021,5408082.0,56033.0,41912.0,123,10.360974556228992,7.749882490687086,2.195135009726411,9.814264,92205.77
Norway,2022,5456796.0,51078.0,45619.0,120,9.360437883329338,8.36003398331182,2.3493480559144837,7.9087305,95109.82
Oman,2000,2282139.0,54409.0,7199.0,912,23.841229653408494,3.1544967243450115,16.761932768475805,2.6848543,42086.043
Oman,2001,2310223.0,53724.0,7071.0,847,23.254897903795435,3.060743486667737,15.765765765765764,2.7007372,43492.285
Oman,2002,2337144.0,53361.0,6964.0,796,22.831712551729805,2.9797051443984626,14.917261670508424,2.7773716,42654.15
Oman,2003,2363801.0,53151.0,6876.0,762,22.485395344193527,2.9088743087933375,14.336512953660327,2.7752445,41247.586
Oman,2004,2404822.0,52390.0,6736.0,711,21.78539617485203,2.801038912651331,13.57129223134186,2.596601,41351.77
Oman,2005,2459808.0,51491.0,6801.0,682,20.932934603025927,2.764849939507474,13.245033112582782,2.2647905,41551.14
Oman,2006,2514794.0,50825.0,6856.0,659,20.210402919682487,2.726267042151365,12.96606000983768,2.0198512,42540.44
Oman,2007,2570175.0,51169.0,6959.0,670,19.908761076580387,2.7075977316719677,13.09386542633235,2.113711,43696.97
Oman,2008,2626536.0,54029.0,6887.0,665,20.570439544708314,2.62208475345474,12.308204852949343,1.7556757,46586.395
Oman,2009,2684665.0,58852.0,6845.0,701,21.92154328379891,2.5496663457079376,11.911234962278257,2.469458,48304.117
Oman,2010,2757450.0,64393.0,6775.0,746,23.352372663148923,2.4569801809642966,11.585110182783843,2.4758859,48191.613
Oman,2011,3076762.0,66403.0,6715.0,764,21.582104823187496,2.182489253312411,11.50550426938542,2.236114,44440.31
Oman,2012,3547104.0,73376.0,7808.0,829,20.686171028534826,2.201232329246619,11.29797208896642,2.2770283,41964.082
Oman,2013,3833915.0,80308.0,8402.0,882,20.946734604183977,2.191493551630644,10.982716541315932,2.505401,40854.484
Oman,2014,4002444.0,84715.0,8454.0,922,21.165817685394224,2.1122094400321405,10.883550728914596,3.1374013,39639.99
Oman,2015,4184898.0,87851.0,8604.0,952,20.99238738913111,2.0559640880136145,10.836530033807243,4.0782623,39813.79
Oman,2016,4390880.0,90204.0,8861.0,971,20.54349014320592,2.018046496374303,10.7644893796284,4.1758084,39860.99
Oman,2017,4537397.0,91449.0,9042.0,977,20.154507088535563,1.9927725081142338,10.683550394208794,3.9541867,38691.11
Oman,2018,4597878.0,88598.0,9156.0,954,19.269323805459823,1.9913534025913695,10.76773742070927,3.2146947,38673.605
Oman,2019,4591248.0,86580.0,9195.0,932,18.857617798036614,2.0027234425149762,10.764610764610765,3.80649,38292.387
Oman,2020,4522502.0,85276.0,11053.0,916,18.855934170952274,2.444001130347759,10.74159200712979,5.1192293,37560.6
Oman,2021,4500429.0,82526.0,12539.0,876,18.337362949176622,2.786178828729439,10.614836536364297,4.3446865,38719.457
Oman,2022,4730229.0,77354.0,10073.0,831,16.35311947899351,2.1294952104855813,10.742818729477467,3.0661404,39780.21
Pakistan,2000,154879124.0,5659445.0,1378248.0,608092,36.541044744028895,8.898862315362784,107.44728502529841,2.4807932,3531.713
Pakistan,2001,159270910.0,5687528.0,1383302.0,597870,35.70977273878827,8.685214393513544,105.11948248870159,2.3395972,3559.7278
Pakistan,2002,163222552.0,5693696.0,1386147.0,585736,34.883022782292976,8.492374264556286,102.87447731666742,2.422199,3563.6785
Pakistan,2003,167110250.0,5731005.0,1390290.0,575686,34.294754510869325,8.319597391542409,100.45114251339861,2.103992,3668.7793
Pakistan,2004,171285999.0,5688373.0,1393797.0,562394,33.20979550698712,8.137250027073142,98.86728595329456,2.0366628,3859.646
Pakistan,2005,175453212.0,5770093.0,1475667.0,571468,32.88679035411447,8.4106012262688,99.03965152728041,2.373239,4042.1545
Pakistan,2006,179682690.0,5958562.0,1420199.0,556272,33.16158056182262,7.903927751749487,93.35675285412823,2.731325,4185.8667
Pakistan,2007,184493231.0,6136679.0,1446378.0,560285,33.26235313207778,7.839734781380678,91.30101150801597,2.6237073,4257.926
Pakistan,2008,189499112.0,6363985.0,1478128.0,566756,33.583191672159394,7.800184309043095,89.05677810365675,2.5680673,4233.348
Pakistan,2009,194376535.0,6532790.0,1504762.0,571810,33.60894358982168,7.741479700726222,87.52921799108803,2.4999588,4270.439
Pakistan,2010,199239048.0,6679478.0,1532273.0,573563,33.524944367331045,7.690625986126976,85.86943470732292,2.4296765,4228.7817
Pakistan,2011,203746069.0,6732852.0,1543476.0,566239,33.045309944114805,7.5754884870932155,84.10091295635193,2.2312133,4246.067
Pakistan,2012,207667129.0,6745039.0,1553679.0,555129,32.48005128438021,7.481583664596239,82.30182212437911,2.2218528,4292.021
Pakistan,2013,211073979.0,6733732.0,1557087.0,541060,31.902236513957032,7.376972791136894,80.35068814737504,2.4164784,4407.147
Pakistan,2014,214264649.0,6707146.0,1558204.0,524998,31.303091906682187,7.2723335709942525,78.27442551571114,2.4889908,4520.235
Pakistan,2015,217290884.0,6670207.0,1556593.0,507804,30.69713223680382,7.163636924593671,76.13017107265186,2.4949327,4645.286
Pakistan,2016,220138863.0,6594506.0,1549589.0,487897,29.95611910651142,7.039143288388838,73.9853750986048,2.5702636,4886.6123
Pakistan,2017,223273974.0,6639809.0,1549528.0,473606,29.7383921692548,6.940029651642247,71.32825658087454,2.786301,5031.5605
Pakistan,2018,226928893.0,6658753.0,1554977.0,460389,29.342905224501315,6.852265392225749,69.14042313928749,2.8284495,5255.0635
Pakistan,2019,230800908.0,6689991.0,1562916.0,447895,28.98598215220193,6.771706461397457,66.95001532886965,2.8473694,5295.953
Pakistan,2020,235001745.0,6726852.0,1715720.0,436047,28.62468957411359,7.300881957280786,64.82185129091587,2.9527302,5135.0146
Pakistan,2021,239477805.0,6797293.0,1731350.0,426030,28.383812019656688,7.229688780553171,62.67642133419878,2.9901583,5367.2734
Pakistan,2022,243700667.0,6855375.0,1587285.0,417327,28.1303087282892,6.513256691250665,60.875882063344456,2.9035478,5526.2793
Palau,2000,19206.0,276.0,188.0,7,14.37050921587004,9.788607726752057,25.36231884057971,8.637289,15410.174
Palau,2001,19379.0,280.0,191.0,7,14.448629960266267,9.856029722895919,25.0,7.7965946,16393.451
Palau,2002,19527.0,282.0,196.0,7,14.44154247964357,10.037384134787729,24.822695035460995,7.2869115,17033.49
Palau,2003,19683.0,281.0,197.0,6,14.276279022506731,10.0086368947823,21.352313167259787,8.095788,16538.77
Palau,2004,19841.0,278.0,199.0,6,14.011390554911548,10.0297364044151,21.58273381294964,9.134798,16974.068
Palau,2005,19837.0,276.0,202.0,6,13.913394162423755,10.182991379744921,21.73913043478261,8.6317425,17464.621
Palau,2006,19616.0,271.0,195.0,6,13.815252854812398,9.940864600326265,22.14022140221402,8.739992,17706.367
Palau,2007,19324.0,265.0,187.0,6,13.713516870213205,9.677085489546677,22.641509433962263,8.837099,18096.799
Palau,2008,19031.0,260.0,181.0,5,13.661920025222006,9.51079817140455,19.230769230769234,8.413782,17355.242
Palau,2009,18736.0,255.0,178.0,5,13.610162254483347,9.500426985482493,19.607843137254903,9.630574,16541.121
Palau,2010,18420.0,251.0,169.0,4,13.626492942453854,9.174809989142236,15.936254980079681,10.931,16313.429
Palau,2011,18099.0,249.0,159.0,4,13.757666169401624,8.785015746726339,16.064257028112447,9.943211,17354.934
Palau,2012,17791.0,249.0,148.0,4,13.995840593558542,8.318812882918328,16.064257028112447,10.246091,18024.754
Palau,2013,17670.0,247.0,153.0,4,13.978494623655914,8.65874363327674,16.194331983805668,10.926917,17891.379
Palau,2014,17740.0,237.0,158.0,4,13.359639233370913,8.90642615558061,16.877637130801688,10.711115,18574.79
Palau,2015,17791.0,224.0,165.0,5,12.5906357146872,9.27435220055084,22.321428571428573,9.763253,20104.232
Palau,2016,17824.0,227.0,169.0,5,12.735637342908438,9.481597845601435,22.026431718061676,10.01227,20408.262
Palau,2017,17838.0,222.0,171.0,4,12.445341405987218,9.58627648839556,18.01801801801802,10.90419,19693.408
Palau,2018,17843.0,214.0,178.0,4,11.993498851090063,9.975900913523512,18.69158878504673,11.191098,19608.96
Palau,2019,17821.0,212.0,186.0,4,11.89607766118624,10.43712474047472,18.867924528301884,12.174058,19685.604
Palau,2020,17817.0,207.0,195.0,4,11.618117528203403,10.944603468597407,19.32367149758454,13.315411,18509.25
Palau,2021,17809.0,202.0,201.0,4,11.342579594587006,11.286428210455387,19.801980198019802,14.55276,16312.19
Palau,2022,17784.0,197.0,200.0,4,11.077372919478183,11.246063877642825,20.30456852791878,14.878421,16258.627
Palestine,2000,3151800.0,121414.0,12795.0,3644,38.52211434735706,4.0595849990481625,30.01301332630504,9.465412,4520.89
Palestine,2001,3242286.0,123288.0,13770.0,3584,38.02502308556371,4.247003503083935,29.07014470183635,10.315458,3996.5088
Palestine,2002,3322369.0,124385.0,13045.0,3567,37.4386469413843,3.9264151573771606,28.677091289142584,11.046741,3409.1729
Palestine,2003,3398071.0,124384.0,13289.0,3395,36.604296967308805,3.910748186250376,27.294507332132753,9.558971,3788.9265
Palestine,2004,3475178.0,125515.0,13564.0,3300,36.11757440913818,3.903109423459748,26.291678285463888,11.379288,4503.0806
Palestine,2005,3557406.0,126494.0,12996.0,3213,35.557931818859025,3.653223725377424,25.40041424889718,10.995571,4885.0728
Palestine,2006,3645096.0,127114.0,13620.0,3125,34.87260692173814,3.7365271038129033,24.584231477256637,10.502402,4714.3735
Palestine,2007,3736694.0,127280.0,13806.0,3031,34.06219508474603,3.694709815681991,23.813639220615965,9.58784,4769.5234
Palestine,2008,3829039.0,129753.0,14208.0,3199,33.886570494581015,3.710591613195896,24.654535925951617,10.5261,4984.8057
Palestine,2009,3921245.0,133397.0,14648.0,3233,34.01904242147583,3.7355482761214867,24.23592734469291,10.764684,5270.663
Palestine,2010,4016918.0,138755.0,13910.0,2979,34.54265185398358,3.462853859600818,21.469496594717306,9.104994,5432.2437
Palestine,2011,4115912.0,140283.0,14118.0,2923,34.08309021184127,3.430102490043519,20.83645202911258,11.346225,5805.3213
Palestine,2012,4215318.0,140669.0,14432.0,2859,33.370910569499145,3.423703739551797,20.324307416701618,10.301105,6009.1094
Palestine,2013,4315263.0,141971.0,14418.0,2768,32.899732878390026,3.341163678783889,19.49693951581661,10.448744,6142.202
Palestine,2014,4415887.0,144762.0,17023.0,3174,32.782088853270025,3.8549446577777013,21.9256434699714,9.920156,5990.427
Palestine,2015,4521564.0,148625.0,15005.0,2723,32.870263475204595,3.3185419912225065,18.321278385197644,9.284733,6072.6504
Palestine,2016,4632743.0,149516.0,15116.0,2631,32.27375228887076,3.262861764617636,17.59677894004655,9.003985,6464.1333
Palestine,2017,4742747.0,149076.0,15269.0,2528,31.43241669859261,3.219442234637437,16.95779334030964,9.122353,6426.7954
Palestine,2018,4850593.0,148084.0,15607.0,2477,30.529050777915195,3.2175447414367686,16.72699278787715,9.656177,6342.9375
Palestine,2019,4957773.0,147286.0,15540.0,2339,29.708096760380112,3.1344718687200888,15.880667544776829,9.185769,6269.891
Palestine,2020,5069692.0,146398.0,17189.0,2231,28.87709943720447,3.390541279430782,15.239279225126026,10.276102,5423.6826
Palestine,2021,5185341.0,146355.0,19537.0,2209,28.22475898884953,3.7677367795097756,15.093437190393221,10.434735,5663.1216
Palestine,2022,5305274.0,146294.0,15876.0,2117,27.575201582425336,2.9924938843874984,14.470860048942539,9.706139,5753.084
Panama,2000,3010376.0,70773.0,14537.0,1786,23.50968782637119,4.828964886778262,25.235612451075976,6.984866,14572.98
Panama,2001,3069545.0,71276.0,14615.0,1750,23.220379567655794,4.761291983013769,24.552444020427636,6.9184985,14427.836
Panama,2002,3129343.0,71715.0,14711.0,1711,22.916950938264037,4.700986756645085,23.858328104301748,7.0564384,14507.149
Panama,2003,3189813.0,72250.0,14792.0,1667,22.65023059345485,4.637262435133345,23.07266435986159,6.7117667,14957.559
Panama,2004,3251158.0,73308.0,15025.0,1638,22.548273568986804,4.621430271921574,22.344082501227696,7.0819283,15875.119
Panama,2005,3313024.0,73219.0,15201.0,1581,22.100353030946952,4.588255322026041,21.592755978639424,6.206666,16867.967
Panama,2006,3375024.0,73521.0,15449.0,1539,21.783845092657117,4.57744893073353,20.932794711715022,6.5460486,18190.281
Panama,2007,3437490.0,74220.0,15765.0,1498,21.59133553843066,4.586195159840465,20.18323901913231,7.3522763,20208.83
Panama,2008,3500646.0,75006.0,16045.0,1478,21.426331025759247,4.583439742264713,19.70509025944591,6.8045254,21867.828
Panama,2009,3564383.0,75482.0,16315.0,1434,21.176736618932367,4.5772297758125315,18.99790678572375,6.9857955,21822.996
Panama,2010,3628537.0,76140.0,16727.0,1417,20.983663663895392,4.609846888704731,18.610454426057263,7.2233257,22739.12
Panama,2011,3693509.0,77488.0,17079.0,1400,20.97950756313305,4.624058043448656,18.06731364856494,6.8319626,24999.47
Panama,2012,3759261.0,77938.0,17466.0,1387,20.732266261906265,4.646125927409669,17.796196977084346,6.5045066,26926.896
Panama,2013,3825333.0,78114.0,17821.0,1368,20.420183027203123,4.6586793881735264,17.51286581150626,6.5221043,28135.338
Panama,2014,3892100.0,78413.0,18187.0,1361,20.146707433005318,4.672798746178155,17.356815834109142,6.915321,28931.816
Panama,2015,3960034.0,78563.0,18665.0,1345,19.838971079541235,4.7133433702841945,17.120018329238956,6.936985,29933.168
Panama,2016,4029085.0,78547.0,19090.0,1328,19.494997003041632,4.738048465098156,16.907074745057102,7.093781,30765.25
Panama,2017,4098704.0,78206.0,19596.0,1314,19.080665498167228,4.781023464978198,16.80177991458456,7.1649265,31979.824
Panama,2018,4167860.0,77189.0,19686.0,1341,18.52005585600284,4.723287250531448,17.372941740403427,7.6013293,32681.473
Panama,2019,4234698.0,74406.0,19986.0,1340,17.570556389145107,4.719580947685053,18.009300325242588,8.135418,33163.72
Panama,2020,4293258.0,71775.0,25184.0,935,16.718072848172646,5.865941436550051,13.026819923371647,10.2163,26881.828
Panama,2021,4345410.0,71269.0,24520.0,987,16.400984026823707,5.6427356682108245,13.848938528673054,9.135711,30932.764
Panama,2022,4400775.0,71463.0,20912.0,1188,16.238730678119197,4.751890292050832,16.62398723815121,9.045789,33915.168
Papua New Guinea,2000,5537068.0,190600.0,43109.0,13349,34.42254998493788,7.785528369888179,70.03672612801678,2.0184176,3327.2249
Papua New Guinea,2001,5728444.0,195992.0,44561.0,13520,34.213828397379814,7.778901216455988,68.98240744520184,2.3006382,3212.171
Papua New Guinea,2002,5924010.0,201313.0,46228.0,13676,33.982555735051086,7.80349796843692,67.9340132033202,2.7756295,3101.1924
Papua New Guinea,2003,6124005.0,206224.0,47614.0,13722,33.674694909622055,7.774977322846731,66.53929707502522,2.4531486,3064.8367
Papua New Guinea,2004,6328042.0,210128.0,49107.0,13750,33.20584787521954,7.76022030195122,65.43630548998705,2.593729,3046.7231
Papua New Guinea,2005,6535905.0,214461.0,50578.0,13771,32.81274743130446,7.738484570996671,64.21214113521806,2.4487405,3136.9875
Papua New Guinea,2006,6747724.0,218370.0,51832.0,13753,32.36202310586503,7.681404870738637,62.98026285661949,2.4260032,3202.8977
Papua New Guinea,2007,6963353.0,222279.0,52966.0,13758,31.921259772411364,7.606393069545663,61.8951857800332,2.4210212,3346.279
Papua New Guinea,2008,7183002.0,226613.0,53800.0,13656,31.548508548375736,7.4899046387568875,60.26132657879292,2.1352606,3234.3325
Papua New Guinea,2009,7406442.0,230148.0,54724.0,13584,31.07402987831404,7.388702969658036,59.02288961885396,2.3293753,3350.0728
Papua New Guinea,2010,7633524.0,234608.0,55611.0,13521,30.733904812508612,7.285101874311262,57.63230580372366,2.1075602,3579.6301
Papua New Guinea,2011,7859349.0,238169.0,56326.0,13393,30.303909395040225,7.166751342891122,56.23317896115783,2.293978,3515.2832
Papua New Guinea,2012,8081396.0,240841.0,57183.0,13271,29.80190551236445,7.075881444245524,55.10274413409677,2.6669354,3577.9102
Papua New Guinea,2013,8302700.0,243715.0,57929.0,13081,29.353704216700592,6.977127922242162,53.673347967913344,2.997279,3615.7466
Papua New Guinea,2014,8523440.0,246323.0,58731.0,12896,28.899481899327032,6.890527768131177,52.35402296984041,3.2711906,3999.1304
Papua New Guinea,2015,8743247.0,248091.0,59489.0,12673,28.37515627775356,6.803993985300884,51.08206263024455,1.8188171,4155.0557
Papua New Guinea,2016,8961717.0,249721.0,60440.0,12401,27.865307507478757,6.744243318551567,49.65941991262249,2.3306305,4276.2964
Papua New Guinea,2017,9178717.0,251143.0,61423.0,12120,27.361449318025603,6.691893867084039,48.25935821424447,2.2297099,4322.777
Papua New Guinea,2018,9394518.0,253242.0,62574.0,11878,26.956359017035254,6.660692970091707,46.903752142219695,2.300519,4211.685
Papua New Guinea,2019,9609014.0,254314.0,63650.0,11543,26.466191016060545,6.623988683958625,45.388771361387896,2.3253386,4302.1626
Papua New Guinea,2020,9815743.0,256111.0,66981.0,11253,26.091860799533972,6.823833916597041,43.93798001647723,2.3019397,4078.1538
Papua New Guinea,2021,10012898.0,256149.0,72381.0,10890,25.58190445962797,7.228776324296922,42.51431783844559,2.3399472,3977.4429
Papua New Guinea,2022,10203177.0,256716.0,69852.0,10532,25.16039856997482,6.846102934409547,41.02588073980586,2.6146314,4126.0303
Paraguay,2000,5100875.0,137136.0,27156.0,4668,26.884799176611853,5.3237924865831845,34.039201960098005,6.0186524,9997.33
Paraguay,2001,5187690.0,134531.0,27302.0,4472,25.932736921442878,5.262843385013368,33.24140904326884,5.608158,9748.027
Paraguay,2002,5261334.0,132104.0,27443.0,4284,25.10846108610478,5.215977544858395,32.42899533700721,4.7577057,9609.533
Paraguay,2003,5326437.0,130026.0,27605.0,4105,24.411440518305202,5.182638976111048,31.570608955132048,4.907039,9902.199
Paraguay,2004,5388181.0,129795.0,27905.0,3974,24.088834432250884,5.178927730898424,30.617512230825533,4.9322433,10185.907
Paraguay,2005,5448100.0,129227.0,28194.0,3846,23.719645380958497,5.1750151428938524,29.76158233186563,4.829347,10288.801
Paraguay,2006,5505145.0,128277.0,28475.0,3714,23.301293608070267,5.172434150235825,28.952968965597886,5.0192757,10671.645
Paraguay,2007,5559385.0,127972.0,28830.0,3600,23.019092939236984,5.185825410544512,28.13115368986966,5.020427,11140.463
Paraguay,2008,5613577.0,129050.0,29233.0,3517,22.988907072976822,5.2075530450548735,27.25300271212708,5.0377603,11749.654
Paraguay,2009,5671243.0,129913.0,29616.0,3432,22.90732384417314,5.222135605898036,26.417679523989133,5.5249686,11599.82
Paraguay,2010,5737973.0,129358.0,29900.0,3325,22.54419809922424,5.210899389035117,25.70386060390544,5.4659395,12736.968
Paraguay,2011,5814632.0,130732.0,30289.0,3262,22.483280111277896,5.209100077184592,24.95180980938102,5.8222585,13107.811
Paraguay,2012,5897011.0,133029.0,30526.0,3204,22.55871661083895,5.176520783156077,24.084973953047832,6.531446,12833.18
Paraguay,2013,5982447.0,134448.0,31074.0,3140,22.47374694669255,5.1941956192842165,23.35475425443294,6.064285,13698.973
Paraguay,2014,6069819.0,137388.0,31814.0,3102,22.634612333580293,5.241342451891893,22.57839112586252,6.6271906,14217.558
Paraguay,2015,6159106.0,139576.0,32762.0,3056,22.661730452439038,5.3192784797014365,21.89488164154296,6.691658,14425.777
Paraguay,2016,6249129.0,140526.0,33728.0,2983,22.487293829268044,5.397232158273576,21.227388525966724,6.6755657,14824.791
Paraguay,2017,6338658.0,140500.0,34873.0,2895,22.165575110693776,5.501637728364584,20.604982206405694,6.6090255,15318.401
Paraguay,2018,6427382.0,140351.0,35438.0,2801,21.83641800036158,5.513597915916621,19.957107537530902,6.7449765,15591.015
Paraguay,2019,6515059.0,139557.0,36380.0,2717,21.42068091785508,5.583986269349211,19.468747536848745,7.160819,15319.389
Paraguay,2020,6603741.0,138917.0,40253.0,2596,21.03610665530341,6.095484362575697,18.687417666664267,7.6753306,14989.767
Paraguay,2021,6684184.0,138291.0,59623.0,2500,20.68928682992569,8.920011777054611,18.07782140558677,8.03277,15400.944
Paraguay,2022,6760460.0,137617.0,42991.0,2401,20.356159196267708,6.359182659168163,17.446972394398948,7.7353783,15222.892
Peru,2000,26598328.0,633999.0,149770.0,24254,23.836047138000556,5.630805064137866,38.255580844764744,4.4148264,7668.0605
Peru,2001,26964610.0,620939.0,150792.0,22098,23.02792437939952,5.592218837950929,35.588036828094225,4.72161,7610.6396
Peru,2002,27288211.0,616690.0,152962.0,20299,22.59913630834942,5.60542426178103,32.91605182506608,4.939026,7930.51
Peru,2003,27580485.0,615873.0,156632.0,18799,22.3300279164779,5.679087949323589,30.524150271240988,4.587038,8173.277
Peru,2004,27852190.0,623654.0,164046.0,17670,22.3915605918242,5.8898779593274355,28.333017987537964,4.429723,8494.84
Peru,2005,28101175.0,620739.0,166530.0,16516,22.089432203457683,5.926086720573072,26.606995854940642,4.665985,8948.747
Peru,2006,28324488.0,618081.0,172169.0,15490,21.82143592498477,6.0784505619307225,25.061440167227275,4.409585,9546.625
Peru,2007,28530704.0,611857.0,176758.0,14615,21.44556264717478,6.195360619212201,23.886300230282565,4.426113,10284.967
Peru,2008,28719038.0,600453.0,186814.0,13583,20.907838208229677,6.504883624583805,22.621254286347142,4.5309834,11150.026
Peru,2009,28896819.0,590770.0,194252.0,12764,20.444118779994433,6.722262405422549,21.605701034243445,4.959769,11202.865
Peru,2010,29086021.0,578360.0,195846.0,12000,19.884466149563735,6.733337640098658,20.748322843903452,4.7058296,12057.392
Peru,2011,29304083.0,578746.0,195489.0,11408,19.749671061196487,6.671049901134937,19.711583319798322,4.5221686,12724.883
Peru,2012,29550367.0,567669.0,191165.0,10825,19.210218269031987,6.469124393615822,19.069211107176894,4.729396,13393.593
Peru,2013,29817908.0,561167.0,188485.0,10335,18.81979782082633,6.321201339812304,18.416977477292857,4.7127266,14050.242
Peru,2014,30115825.0,553109.0,184386.0,9888,18.366058376285554,6.122561809281334,17.87712729317368,4.909673,14242.645
Peru,2015,30457598.0,546658.0,183871.0,9511,17.948165183610342,6.036950123250034,17.398446560738158,4.9045362,14540.831
Peru,2016,30866497.0,542161.0,186318.0,9207,17.5647077800892,6.036253482214065,16.982040390216188,4.893533,14915.437
Peru,2017,31324639.0,540470.0,191149.0,9042,17.253830123948116,6.1021932287870895,16.729883249764097,4.809155,15067.489
Peru,2018,31897590.0,540020.0,196902.0,8778,16.929805668704127,6.172942846152327,16.254953520239994,5.0835557,15384.185
Peru,2019,32449302.0,546866.0,199893.0,8721,16.852935696428847,6.160163321848957,15.947233874477478,5.1252527,15461.457
Peru,2020,32838577.0,545443.0,243508.0,8587,16.609824475646434,7.4153030443432435,15.743166563692267,6.347394,13607.764
Peru,2021,33155883.0,543689.0,308253.0,8448,16.397964729215627,9.297083114933178,15.538294870780907,6.6730943,15285.7705
Peru,2022,33475436.0,541718.0,213890.0,8263,16.182552484155842,6.389461215680656,15.253323685016928,6.0974617,15566.524
Philippines,2000,79625401.0,2331835.0,429509.0,86760,29.285064448215465,5.39412040135283,37.2067491910877,3.0551236,4740.439
Philippines,2001,81401488.0,2372487.0,441272.0,85788,29.145499158442902,5.42093284584675,36.159523740277606,2.8477597,4778.401
Philippines,2002,83068889.0,2370297.0,450695.0,84009,28.534112211371937,5.42555709394404,35.44239392784955,2.6376739,4856.4995
Philippines,2003,84731836.0,2381067.0,458191.0,82721,28.10120861773844,5.407542449569959,34.7411475611564,3.076635,5003.3833
Philippines,2004,86394510.0,2386999.0,462722.0,80662,27.62905883718769,5.355919027725257,33.7922219489828,3.0468533,5229.4507
Philippines,2005,88015959.0,2389958.0,471510.0,78765,27.153689253104655,5.357096660163641,32.95664610005699,3.7425303,5386.8164
Philippines,2006,89508992.0,2454272.0,493965.0,79108,27.41927872453306,5.51860756067949,32.23277615521018,3.7776294,5578.5723
Philippines,2007,91075180.0,2459027.0,494315.0,77832,26.999968597371975,5.427548976570785,31.651543476342468,3.7531807,5840.068
Philippines,2008,92699091.0,2514010.0,506454.0,77578,27.120114910296156,5.463419269127462,30.858270253499388,3.8631592,5987.0376
Philippines,2009,94384256.0,2547176.0,521530.0,77121,26.987297542505395,5.525603761712123,30.277059771291814,4.1645193,5965.307
Philippines,2010,96337127.0,2559111.0,528137.0,76382,26.564119978375523,5.482175111989794,29.84708361614639,4.1310787,6273.039
Philippines,2011,98248614.0,2555164.0,536713.0,75369,26.007125148859608,5.462804798447335,29.496736804369505,4.0251856,6388.313
Philippines,2012,100175511.0,2526446.0,546811.0,73886,25.22019578218074,5.458529679973382,29.245034328855635,4.177092,6697.556
Philippines,2013,102076334.0,2506971.0,562222.0,72648,24.559767203238316,5.507858462079957,28.978396638812335,4.274087,7016.5386
Philippines,2014,103767127.0,2428538.0,576725.0,70433,23.403731703972106,5.557877688952495,29.00222273647767,3.7031367,7340.362
Philippines,2015,105312988.0,2415119.0,587984.0,69271,22.932774445636277,5.583204988923114,28.682230565036342,3.898275,7691.763
Philippines,2016,106735721.0,2322601.0,604337.0,66795,21.760297098662967,5.661993888625158,28.758706295226773,3.9548433,8131.825
Philippines,2017,108119691.0,2224168.0,601633.0,63894,20.571349949566542,5.564509058761553,28.727146510515393,3.9604278,8584.136
Philippines,2018,109465284.0,2125551.0,629703.0,62445,19.4175808286397,5.752536119122479,29.378264741706975,3.9538188,9016.286
Philippines,2019,110804685.0,2006034.0,653286.0,59933,18.104234491528945,5.895833736633068,29.87636301279041,4.16646,9452.294
Philippines,2020,112081270.0,1907237.0,653596.0,57271,17.0165541486102,5.8314471276066016,30.028255534052665,5.1621404,8455.185
Philippines,2021,113100947.0,1821790.0,903858.0,53883,16.10764585375222,7.991604172863381,29.576954533727818,5.9750056,8857.79
Philippines,2022,113964343.0,1829885.0,714114.0,52759,16.05664501571338,6.266117815464439,28.83186648341289,5.155884,9457.104
Poland,2000,38258077.0,377996.0,371398.0,3597,9.880162037417616,9.707701722697667,9.515973714007554,5.2654824,18566.355
Poland,2001,38247359.0,368399.0,363871.0,3301,9.632011454699395,9.513624195594785,8.960393486410116,5.6401014,18800.602
Poland,2002,38229407.0,355115.0,362438.0,3023,9.289053319608124,9.480607428726268,8.512735311096407,6.048284,19166.914
Poland,2003,38203527.0,351971.0,360913.0,2865,9.213049884111484,9.447112042822644,8.139875160169446,5.933758,19855.63
Poland,2004,38167568.0,356549.0,362259.0,2748,9.341674586130297,9.491278040036503,7.707215558029892,5.8418565,20878.654
Poland,2005,38124377.0,364523.0,365074.0,2677,9.56141525932345,9.575867954511098,7.343843872677445,5.7907386,21568.947
Poland,2006,38071169.0,374507.0,369635.0,2628,9.83702391696982,9.709053063224825,7.017225312210453,5.7814837,22921.197
Poland,2007,38020420.0,388199.0,374527.0,2611,10.21027647774538,9.850680239723811,6.725931803018555,5.863901,24484.066
Poland,2008,37995902.0,411707.0,381006.0,2635,10.835563266796507,10.027555076860658,6.400182654169106,6.351968,25553.906
Poland,2009,38002153.0,416458.0,384166.0,2525,10.958800150086233,10.109058820956802,6.063036368613402,6.5703773,26204.41
Poland,2010,38095356.0,422071.0,379306.0,2390,11.079329459475323,9.956751683853538,5.66255440435377,6.4353347,27112.133
Poland,2011,38208644.0,397843.0,379591.0,2199,10.412382077730893,9.934689124272507,5.5273059975920145,6.245336,28521.662
Poland,2012,38247867.0,392217.0,382605.0,2123,10.254611061056032,10.003302929284919,5.412819944061578,6.2285404,28952.916
Poland,2013,38259267.0,378663.0,382521.0,2018,9.89728841381096,9.998126728355773,5.329276956026863,6.449937,29168.625
Poland,2014,38265113.0,382547.0,384903.0,1937,9.997278722265893,10.058849166341153,5.063430114469594,6.390595,30334.879
Poland,2015,38266314.0,379618.0,384261.0,1851,9.920422437342673,10.041756308172246,4.87595424874479,6.3649035,31700.37
Poland,2016,38263260.0,392402.0,392076.0,1853,10.255320639171885,10.246800716927936,4.722198153933976,6.547044,32675.305
Poland,2017,38254964.0,409081.0,398801.0,1911,10.693540320675769,10.42481702505327,4.67144648614822,6.5371323,34354.598
Poland,2018,38241070.0,392611.0,408897.0,1741,10.266736783254235,10.69261398805002,4.4344147260265245,6.2509413,36500.41
Poland,2019,38225884.0,382207.0,403767.0,1673,9.998643850852474,10.56265958427541,4.377209208622553,6.3890696,38181.62
Poland,2020,38171005.0,359575.0,459375.0,1484,9.420108273282299,12.034658243868611,4.127094486546618,6.427391,37852.8
Poland,2021,38040303.0,334752.0,502538.0,1567,8.799929905921097,13.21067290131732,4.681077334862824,6.365481,41059.586
Poland,2022,38385734.0,310232.0,421549.0,1267,8.081960865982138,10.981918438761651,4.084040331107042,6.466198,43405.023
Portugal,2000,10283196.0,118781.0,102805.0,871,11.550980842920819,9.997378246996362,7.332822589471379,8.601042,35069.83
Portugal,2001,10354329.0,112747.0,102641.0,717,10.888875561130035,9.91285867003067,6.359370981046059,8.627516,35500.227
Portugal,2002,10413045.0,113502.0,103908.0,748,10.899981705639416,9.97863737264172,6.590192243308488,8.786429,35578.52
Portugal,2003,10454246.0,112019.0,106122.0,584,10.715167789240851,10.15109076254758,5.213401297994091,9.124157,35115.38
Portugal,2004,10481386.0,109261.0,99540.0,558,10.424289306776794,9.496835628417845,5.107037277711168,9.532508,35658.13
Portugal,2005,10502993.0,108826.0,104799.0,480,10.36142745215578,9.978012934027472,4.410710675757631,9.653068,35870.31
Portugal,2006,10524123.0,105207.0,99276.0,459,9.996747472449723,9.433185073948678,4.362827568507798,9.354226,36387.535
Portugal,2007,10546822.0,102562.0,100895.0,437,9.724445904178529,9.566388813616083,4.260837347165617,9.251866,37226.47
Portugal,2008,10564086.0,103785.0,101491.0,421,9.82432365658515,9.607172830664195,4.056462879992292,9.583078,37291.504
Portugal,2009,10576265.0,99740.0,101665.0,446,9.430550388062326,9.612561712476003,4.471626228193302,10.130704,36092.812
Portugal,2010,10578659.0,100745.0,102923.0,331,9.523418800057739,9.729305009264408,3.285522854732245,10.018584,36703.113
Portugal,2011,10557050.0,96535.0,100424.0,362,9.144126436836046,9.51250586101231,3.7499352566426682,9.718474,36127.297
Portugal,2012,10513155.0,89706.0,105029.0,358,8.532738269339697,9.990245554260353,3.990814438276147,9.640002,34804.633
Portugal,2013,10458287.0,83046.0,103996.0,309,7.940688565919064,9.943884691632578,3.720829419839607,9.394761,34651.773
Portugal,2014,10406203.0,82184.0,102636.0,292,7.897597231189897,9.862963465156312,3.5530030176190013,9.335708,35097.41
Portugal,2015,10370264.0,84792.0,106551.0,309,8.176455295641462,10.274666103003742,3.644211718086612,9.333099,35803.36
Portugal,2016,10346377.0,86453.0,108493.0,332,8.355871818705232,10.48608609564488,3.8402368917215135,9.399893,36636.297
Portugal,2017,10330838.0,85621.0,107842.0,277,8.287904621096565,10.43884339295612,3.235187629203116,9.32669,37943.113
Portugal,2018,10325355.0,86023.0,111263.0,348,8.331238974350034,10.775706985377258,4.0454297106587775,9.42121,39123.613
Portugal,2019,10343218.0,85246.0,109808.0,306,8.241729024758058,10.616425178314913,3.5896112427562583,9.508686,40188.285
Portugal,2020,10370519.0,83378.0,121308.0,251,8.03990619948722,11.697389494199857,3.010386432871981,10.5207405,36852.23
Portugal,2021,10390957.0,77859.0,122741.0,240,7.492957578402066,11.812290244296074,3.0824952799291028,11.220315,38657.668
Portugal,2022,10417074.0,84319.0,125515.0,345,8.094307480200294,12.048968837122594,4.091604501950925,10.549224,41070.86
Qatar,2000,644993.0,11170.0,1193.0,139,17.318017404840052,1.8496324766315293,12.444046553267682,1.972585,98028.52
Qatar,2001,677934.0,11925.0,1244.0,142,17.59020789634389,1.8349868866290817,11.907756813417192,2.3197093,96901.59
Qatar,2002,711215.0,12341.0,1280.0,142,17.35199623180051,1.799737069662479,11.506360910785187,2.4604406,99001.49
Qatar,2003,744690.0,12601.0,1309.0,140,16.92113496891324,1.7577784044367455,11.110229346877233,3.5025718,98068.125
Qatar,2004,773341.0,12573.0,1336.0,135,16.25802847644183,1.7275690801341195,10.73729420186113,3.1831174,112583.93
Qatar,2005,825419.0,12741.0,1350.0,135,15.435796849842323,1.6355329838542607,10.595714622086179,2.5630004,113384.266
Qatar,2006,972841.0,11647.0,1421.0,126,11.972151667127516,1.4606703459249764,10.818236455739676,2.288064,121378.44
Qatar,2007,1208601.0,13032.0,1678.0,131,10.782714891018625,1.3883821045986229,10.052179251074278,2.0700805,115272.51
Qatar,2008,1426942.0,16019.0,1959.0,153,11.226104494786753,1.3728658908350866,9.55115799987515,1.6377535,114879.22
Qatar,2009,1586052.0,17414.0,2039.0,163,10.979463472824346,1.2855820616221916,9.36028482829907,2.383563,114069.65
Qatar,2010,1709238.0,19183.0,2034.0,173,11.223129839144695,1.190003966679889,9.01840170984726,1.8701776,132502.28
Qatar,2011,1810960.0,20518.0,2081.0,181,11.329902372222467,1.1491142819278173,8.821522565552199,1.599962,149025.11
Qatar,2012,1907122.0,21736.0,2157.0,186,11.397278202443262,1.1310236052019746,8.557232241442769,1.7482215,147077.4
Qatar,2013,2032650.0,23105.0,2248.0,191,11.366934789560426,1.1059454406808844,8.266608959099761,2.0762017,138046.6
Qatar,2014,2218378.0,24693.0,2324.0,195,11.131105699749998,1.0476122644562829,7.896974851172398,2.4229357,128013.984
Qatar,2015,2427340.0,25720.0,2354.0,196,10.595961010818426,0.9697858561223397,7.620528771384137,3.6358135,123070.89
Qatar,2016,2599382.0,25913.0,2389.0,191,9.968907994284796,0.9190646084338508,7.37081773627137,3.5497143,120054.41
Qatar,2017,2706716.0,27151.0,2439.0,190,10.030974804892718,0.901091950540803,6.997900629811057,3.2123709,115064.945
Qatar,2018,2761144.0,27393.0,2423.0,181,9.920887863870917,0.8775348189011511,6.607527470521666,2.9617622,114909.945
Qatar,2019,2797927.0,27920.0,2351.0,174,9.9788164594716,0.8402649533029275,6.232091690544413,3.1846871,113160.98
Qatar,2020,2803375.0,28163.0,2952.0,168,10.046105141124537,1.0530164533820843,5.965273585910592,3.818722,103061.914
Qatar,2021,2814988.0,26896.0,2965.0,156,9.554570037243499,1.0532904580765532,5.800118976799524,2.8927927,116832.57
Qatar,2022,2892466.0,29212.0,2694.0,155,10.099340839270022,0.9313851917360482,5.306038614268109,2.1861331,114740.125
Romania,2000,22046264.0,228113.0,256414.0,5086,10.347013897683524,11.630723464075365,22.295967349515372,4.2087617,14853.606
Romania,2001,21919916.0,220102.0,260886.0,4740,10.041188114042043,11.901779185650163,21.535469918492335,4.3759813,15848.304
Romania,2002,21770020.0,217678.0,278960.0,4433,9.998980248984614,12.813952398757559,20.364942713549368,4.5769463,17061.629
Romania,2003,21593448.0,220146.0,298262.0,4293,10.195036938982604,13.812615752704247,19.500694993322615,5.371368,17587.463
Romania,2004,21403215.0,223352.0,301142.0,4406,10.435441591368399,14.069942296052252,19.726709409362797,5.477336,19532.48
Romania,2005,21213395.0,229483.0,282750.0,4094,10.817834674742068,13.328842460153124,17.840101445422974,5.527782,20570.926
Romania,2006,21035732.0,229474.0,267555.0,3832,10.908771798385718,12.719072481052715,16.69905958845011,5.0710607,22354.564
Romania,2007,20870714.0,228535.0,254623.0,3288,10.950032662993705,12.200013856737245,14.38729297481786,5.0222335,24328.393
Romania,2008,20718745.0,242417.0,242833.0,3311,11.700370847751637,11.72044928396966,13.658283041205857,5.022772,27039.6
Romania,2009,20576922.0,242503.0,243401.0,3105,11.78519314015964,11.82883426393899,12.803965311769339,5.2781625,25761.63
Romania,2010,20432575.0,225478.0,252962.0,2773,11.035221943391862,12.380328960006265,12.298317352468978,5.638827,24902.904
Romania,2011,20282009.0,204154.0,252672.0,2387,10.065768139635479,12.45793747552326,11.692153962205001,4.47504,26150.748
Romania,2012,20158451.0,202782.0,261029.0,2315,10.059403869870755,12.948861993414077,11.416200648972788,4.509391,26767.455
Romania,2013,20062913.0,192935.0,253244.0,2107,9.616499857224122,12.622494051586626,10.920776427294166,5.2240696,26941.932
Romania,2014,19968179.0,200990.0,259813.0,2056,10.065514737222657,13.011351711140009,10.229364645007214,5.0276823,28156.13
Romania,2015,19871018.0,204558.0,268851.0,1876,10.294288898535545,13.529805065850175,9.170993067980719,4.94292,29181.879
Romania,2016,19777049.0,208708.0,263525.0,1712,10.553040547151397,13.324788748816873,8.20284799816011,5.0801277,30189.148
Romania,2017,19689405.0,213626.0,267945.0,1687,10.8497945976529,13.60858796901176,7.896978832164624,5.1887856,32852.637
Romania,2018,19597874.0,206794.0,269433.0,1530,10.551858839382271,13.748072877700917,7.3986672727448575,5.514549,34828.895
Romania,2019,19501542.0,196640.0,265726.0,1396,10.083305207352321,13.625896864976113,7.0992676973148905,5.6992464,36399.473
Romania,2020,19392467.0,193180.0,301133.0,1304,9.96160003778787,15.528349229626123,6.7501811781757945,6.209597,35283.605
Romania,2021,19248159.0,187162.0,336900.0,1245,9.723631231433613,17.50297262195309,6.651991323024974,6.45247,37534.0
Romania,2022,19166776.0,183845.0,268227.0,1245,9.591858328182058,13.994372345145578,6.772009029345372,5.7982326,39256.824
Russia,2000,146717784.0,1268072.0,2286159.0,24935,8.642933156624013,15.582016969394795,19.66370994706925,5.019898,20104.75
Russia,2001,146117290.0,1315495.0,2308425.0,24605,9.003007104771791,15.798438364138836,18.70398595205607,5.242848,21219.904
Russia,2002,145939502.0,1403587.0,2384782.0,23786,9.617594830493529,16.340894461870917,16.946580439972728,5.5216656,22319.678
Russia,2003,145794230.0,1486835.0,2411911.0,22701,10.198174509375303,16.543254146614718,15.268002165674066,5.163689,24057.928
Russia,2004,145180091.0,1513809.0,2335314.0,21751,10.427111524540924,16.085635323096746,14.368391256756963,4.7603755,25894.146
Russia,2005,144597886.0,1472805.0,2340784.0,20307,10.185522352657355,16.18823113361422,13.787976004970108,4.771775,27656.658
Russia,2006,144102948.0,1499536.0,2193337.0,19526,10.406005018023643,15.22062546562198,13.021361274420887,4.766544,30022.672
Russia,2007,143859767.0,1632575.0,2099223.0,19418,11.348377896371819,14.592147921385136,11.89409368635438,4.7479253,32630.37
Russia,2008,143811837.0,1739291.0,2095041.0,18469,12.094213079275248,14.567931567413327,10.618694629018375,4.903641,34342.227
Russia,2009,143869128.0,1788518.0,2029235.0,18067,12.431562106917058,14.104728569703987,10.101659586316716,5.6439247,31654.004
Russia,2010,143934468.0,1815200.0,2101577.0,20840,12.611294745606035,14.600929361825967,11.48082855883649,4.971118,33063.586
Russia,2011,144043751.0,1824538.0,1936517.0,17204,12.66655434431168,13.44395009541233,9.429236332704498,4.7949147,34444.645
Russia,2012,144291025.0,1928586.0,1917404.0,20249,13.365945664326661,13.28844950682137,10.499402152665217,4.9363728,35740.7
Russia,2013,144604105.0,1922462.0,1883361.0,18793,13.294657160666357,13.024256814839385,9.775485809342396,5.0810485,36260.066
Russia,2014,144925639.0,1939723.0,1890305.0,17523,13.384263912060447,13.043275248211948,9.033764099306964,5.182094,35853.246
Russia,2015,145307612.0,1934705.0,1869623.0,15533,13.314546797452016,12.86665560232316,8.028614181490202,5.2960463,35037.152
Russia,2016,145778668.0,1886740.0,1842111.0,13999,12.942497183469943,12.636354998112617,7.419676267000223,5.2897034,35005.445
Russia,2017,146186798.0,1695524.0,1768167.0,11723,11.598338722762094,12.095257740032038,6.91408673660768,5.3589005,35570.703
Russia,2018,146430146.0,1612827.0,1790070.0,10430,11.014309853928575,12.224736838000558,6.466905625959883,5.355208,36536.695
Russia,2019,146533063.0,1496027.0,1789415.0,9251,10.209484258170459,12.211680854579557,6.183711924985311,5.648491,37319.32
Russia,2020,146371295.0,1458020.0,2158768.0,8660,9.961106103488392,14.748574848640917,5.939561871579265,8.04076,36376.336
Russia,2021,145836172.0,1421809.0,2439514.0,8445,9.74935765593189,16.727770391559645,5.93961636197267,7.029914,38638.43
Russia,2022,145579889.0,1334912.0,1909498.0,6816,9.16961820186578,13.116495781913942,5.105954549813021,6.878866,38214.69
Rwanda,2000,8213936.0,345904.0,124624.0,60076,42.11184503994187,15.1722633339242,173.67824598732597,3.5758343,1055.3505
Rwanda,2001,8287091.0,348997.0,118152.0,55051,42.11333023856019,14.257355204618845,157.74061095081046,3.3159997,1134.7845
Rwanda,2002,8400185.0,350995.0,111958.0,50461,41.78419880038356,13.328039799123472,143.7655807062779,3.127873,1267.194
Rwanda,2003,8586878.0,355510.0,104273.0,46083,41.40154314525023,12.143295852112956,129.62504570898145,6.9288874,1266.9445
Rwanda,2004,8816849.0,362771.0,97502.0,41879,41.145198244860495,11.058599279629265,115.44197303533082,7.5085697,1325.7955
Rwanda,2005,9054532.0,367960.0,92836.0,37876,40.6382129965414,10.252987122912591,102.93510164148277,7.71997,1412.061
Rwanda,2006,9299251.0,370673.0,88526.0,34254,39.86052210011322,9.519691424610434,92.41029155077386,7.6051197,1501.7646
Rwanda,2007,9549940.0,370848.0,85067.0,31010,38.832495282692875,8.907595230964802,83.61916472517042,7.8626223,1573.9681
Rwanda,2008,9804268.0,369065.0,81731.0,28028,37.64329983635698,8.336267429654105,75.94326202701421,7.559719,1704.2545
Rwanda,2009,10060438.0,365340.0,78309.0,25432,36.314522290182595,7.783855931521073,69.61186839656212,7.799514,1764.6349
Rwanda,2010,10317560.0,362647.0,75804.0,23252,35.14852348811153,7.347085938923544,64.11744754540916,8.081855,1846.8633
Rwanda,2011,10573742.0,357390.0,74472.0,21304,33.79976549456191,7.0431073502644574,59.60994991465906,7.9323378,1945.5371
Rwanda,2012,10829904.0,355787.0,73191.0,19810,32.85227643753814,6.758231651914921,55.679381202798304,8.102147,2063.6648
Rwanda,2013,11093340.0,359521.0,73196.0,18717,32.40872451398767,6.598193150124309,52.06093663513397,6.7738876,2109.7466
Rwanda,2014,11364758.0,366405.0,73619.0,18024,32.240457737859444,6.477832612009864,49.19146845703524,6.98449,2176.095
Rwanda,2015,11640026.0,373619.0,74505.0,17509,32.097780537603605,6.400758898648508,46.86324838940203,6.650613,2313.0972
Rwanda,2016,11919183.0,381065.0,75520.0,17171,31.970731550979625,6.336004741264564,45.060553973731515,5.968925,2386.7483
Rwanda,2017,12202062.0,386390.0,76062.0,16829,31.665959409155597,6.233536594060905,43.554439814695,5.3762383,2441.0854
Rwanda,2018,12488000.0,390011.0,77508.0,16576,31.230861627162074,6.206598334401025,42.50136534610562,5.457228,2577.6973
Rwanda,2019,12776102.0,391867.0,78347.0,16180,30.671874723605058,6.132308586766136,41.289519148078305,4.914715,2753.5396
Rwanda,2020,13065838.0,392254.0,79560.0,15825,30.021342680048534,6.089161674896015,40.343756851427905,5.7986226,2617.707
Rwanda,2021,13355260.0,392497.0,82606.0,15316,29.388944880144603,6.185278309819501,39.02195430793102,6.231472,2776.3928
Rwanda,2022,13651025.0,393949.0,81816.0,14902,28.858565565589398,5.993396100292835,37.827231443664026,5.928426,2983.1077
Saint Kitts and Nevis,2000,45272.0,802.0,419.0,19,17.715144018377806,9.255168757731047,23.69077306733167,4.799338,19840.58
Saint Kitts and Nevis,2001,45785.0,791.0,416.0,18,17.276400567871573,9.085945178551928,22.756005056890015,4.3969374,20648.79
Saint Kitts and Nevis,2002,46048.0,780.0,407.0,17,16.93884642112578,8.83860319666435,21.794871794871792,4.4521055,20813.404
Saint Kitts and Nevis,2003,46200.0,774.0,399.0,16,16.753246753246753,8.636363636363637,20.671834625322997,4.751597,19927.182
Saint Kitts and Nevis,2004,46337.0,765.0,390.0,15,16.509484860910288,8.41660012516995,19.607843137254903,4.490674,20661.346
Saint Kitts and Nevis,2005,46459.0,758.0,392.0,14,16.315460944058202,8.437547084526141,18.469656992084435,4.7280383,22612.713
Saint Kitts and Nevis,2006,46592.0,751.0,394.0,14,16.118646978021978,8.456387362637361,18.64181091877497,4.982034,23258.984
Saint Kitts and Nevis,2007,46734.0,742.0,398.0,14,15.877091624941157,8.516283647879487,18.867924528301884,4.7973347,23330.045
Saint Kitts and Nevis,2008,46857.0,730.0,400.0,13,15.579315790596922,8.536611392107902,17.80821917808219,5.3056602,25898.783
Saint Kitts and Nevis,2009,46941.0,717.0,413.0,13,15.274493513133509,8.798278690270765,18.13110181311018,5.2867374,24973.805
Saint Kitts and Nevis,2010,46871.0,700.0,423.0,13,14.934607753194939,9.024770113716372,18.571428571428573,5.217275,24997.566
Saint Kitts and Nevis,2011,46917.0,689.0,433.0,12,14.685508451094487,9.229064091906984,17.41654571843251,5.1724777,25380.008
Saint Kitts and Nevis,2012,47056.0,679.0,428.0,11,14.429615776946616,9.095545732743965,16.200294550810018,5.018665,25114.057
Saint Kitts and Nevis,2013,47092.0,666.0,437.0,11,14.142529516690733,9.279707805996773,16.516516516516514,5.051678,26532.102
Saint Kitts and Nevis,2014,47112.0,657.0,439.0,12,13.945491594498217,9.318220410935643,18.2648401826484,4.752966,28530.307
Saint Kitts and Nevis,2015,47108.0,647.0,448.0,12,13.734397554555489,9.51006198522544,18.54714064914992,5.12752,28729.566
Saint Kitts and Nevis,2016,47099.0,641.0,456.0,11,13.609630777723519,9.681734219410178,17.160686427457097,5.429233,29867.027
Saint Kitts and Nevis,2017,47075.0,629.0,454.0,10,13.361656930430165,9.644184811471057,15.898251192368837,5.273594,29948.92
Saint Kitts and Nevis,2018,47032.0,616.0,462.0,10,13.09746555536656,9.82309916652492,16.233766233766232,4.896709,30576.248
Saint Kitts and Nevis,2019,46976.0,604.0,467.0,10,12.857629427792917,9.94124659400545,16.55629139072848,5.1920147,31512.193
Saint Kitts and Nevis,2020,46896.0,589.0,486.0,9,12.559706584783351,10.363357215967246,15.280135823429541,5.6613045,26736.928
Saint Kitts and Nevis,2021,46786.0,574.0,594.0,9,12.268627367161116,12.696105672637113,15.679442508710801,6.1691213,26896.617
Saint Kitts and Nevis,2022,46732.0,559.0,544.0,8,11.961824873748181,11.640845673200376,14.311270125223613,5.526343,29749.87
Saint Lucia,2000,158624.0,2987.0,1014.0,56,18.830693968125885,6.392475287472261,18.747907599598257,4.865499,18638.117
Saint Lucia,2001,160247.0,2890.0,1030.0,54,18.034658995176198,6.427577427346534,18.685121107266433,5.1213946,17820.797
Saint Lucia,2002,161655.0,2801.0,1029.0,53,17.327023599641212,6.365407812934953,18.921813637986432,5.3888702,17739.576
Saint Lucia,2003,162985.0,2709.0,1011.0,50,16.62116145657576,6.203024818234807,18.45699520118125,5.2406964,18344.592
Saint Lucia,2004,164250.0,2632.0,1018.0,49,16.024353120243532,6.197869101978691,18.617021276595743,4.767608,19526.445
Saint Lucia,2005,165460.0,2586.0,1033.0,48,15.629155082799468,6.24320077360087,18.561484918793504,4.8603983,19303.992
Saint Lucia,2006,166657.0,2550.0,1039.0,47,15.300887451472185,6.234361592972393,18.43137254901961,5.1270175,20353.654
Saint Lucia,2007,167766.0,2478.0,1051.0,45,14.770573298522942,6.264678182706866,18.159806295399516,5.541666,20559.898
Saint Lucia,2008,168816.0,2456.0,1089.0,44,14.548384039427543,6.450810349729884,17.915309446254074,5.0906196,21443.26
Saint Lucia,2009,169880.0,2480.0,1129.0,44,14.598540145985401,6.6458676712973865,17.741935483870968,5.2441077,20706.506
Saint Lucia,2010,170921.0,2357.0,1180.0,46,13.789996548112871,6.903774258283066,19.51633432329232,5.0505605,20648.785
Saint Lucia,2011,171814.0,2129.0,1196.0,39,12.391306878368468,6.961015982399571,18.318459370596525,5.061343,21430.023
Saint Lucia,2012,172595.0,2148.0,1232.0,39,12.445319968712882,7.138097859150034,18.156424581005588,4.9251027,21309.225
Saint Lucia,2013,173380.0,2166.0,1274.0,40,12.49279040258392,7.3480216864690275,18.467220683287167,5.071076,20827.29
Saint Lucia,2014,174145.0,2158.0,1303.0,38,12.391972207068822,7.482270521691693,17.608897126969417,4.683634,21010.697
Saint Lucia,2015,174919.0,2153.0,1308.0,38,12.308554245107736,7.477746842824393,17.649790989317232,4.57866,20939.88
Saint Lucia,2016,175651.0,2144.0,1381.0,38,12.206022168960041,7.862181257151966,17.723880597014926,4.510955,21566.307
Saint Lucia,2017,176352.0,2134.0,1410.0,37,12.100798403193613,7.9953728905824715,17.338331771321464,4.4556193,22207.213
Saint Lucia,2018,177032.0,2121.0,1432.0,37,11.98088481178544,8.088933074246464,17.444601603017446,4.272624,22761.162
Saint Lucia,2019,177675.0,2106.0,1499.0,37,11.853102574926128,8.436752497537638,17.568850902184234,4.290905,22445.209
Saint Lucia,2020,178261.0,2088.0,1525.0,37,11.713162161100858,8.554871789118204,17.720306513409962,7.010334,17247.957
Saint Lucia,2021,178540.0,2066.0,2083.0,36,11.571636608043015,11.666853366192449,17.424975798644727,6.261933,19141.328
Saint Lucia,2022,178794.0,2041.0,1514.0,36,11.415371880488161,8.467845677148002,17.638412542871144,4.747506,22811.252
Saint Vincent and the Grenadines,2000,113561.0,2178.0,900.0,51,19.179119592113487,7.9252560297989625,23.415977961432507,3.9828413,9999.059
Saint Vincent and the Grenadines,2001,113506.0,2146.0,914.0,50,18.90648952478283,8.052437756594365,23.29916123019571,4.010575,10177.81
Saint Vincent and the Grenadines,2002,113365.0,2067.0,893.0,39,18.23314074008733,7.877210779341066,18.867924528301884,4.080795,10736.088
Saint Vincent and the Grenadines,2003,113149.0,1994.0,929.0,48,17.622780581357326,8.210412818495966,24.072216649949848,3.9634104,11475.331
Saint Vincent and the Grenadines,2004,112856.0,1931.0,933.0,47,17.110299851137732,8.267172325795704,24.339720352149147,3.8710556,11979.907
Saint Vincent and the Grenadines,2005,112465.0,1899.0,948.0,46,16.885253189881297,8.429289112168231,24.223275408109533,3.834108,12320.071
Saint Vincent and the Grenadines,2006,112027.0,1846.0,966.0,46,16.478170441054388,8.62292126005338,24.918743228602384,3.6556716,13233.407
Saint Vincent and the Grenadines,2007,111544.0,1850.0,985.0,47,16.585383346482107,8.830595997991825,25.405405405405407,3.822133,13732.362
Saint Vincent and the Grenadines,2008,111047.0,1902.0,998.0,46,17.12788278836889,8.987185606094716,24.185068349106203,3.8878386,13850.394
Saint Vincent and the Grenadines,2009,110521.0,1899.0,1022.0,45,17.1822549560717,9.247111408691561,23.696682464454973,4.0929956,13723.784
Saint Vincent and the Grenadines,2010,109974.0,1845.0,1053.0,42,16.776692672813574,9.574990452288722,22.764227642276424,4.303252,13175.723
Saint Vincent and the Grenadines,2011,109367.0,1760.0,1085.0,38,16.092605630583265,9.920725630217524,21.59090909090909,4.2332773,13168.896
Saint Vincent and the Grenadines,2012,108753.0,1762.0,1124.0,36,16.20185190293601,10.335347070885401,20.43132803632236,4.4685597,13397.963
Saint Vincent and the Grenadines,2013,108156.0,1732.0,1153.0,32,16.013905839713004,10.66052738636784,18.475750577367204,4.2378063,13804.184
Saint Vincent and the Grenadines,2014,107555.0,1733.0,1156.0,32,16.11268653247176,10.747989400771699,18.465089440276977,4.174313,14040.246
Saint Vincent and the Grenadines,2015,106975.0,1699.0,1161.0,31,15.882215470904418,10.853003038093012,18.246027074749854,4.116058,14508.861
Saint Vincent and the Grenadines,2016,106365.0,1610.0,1163.0,25,15.136558078315236,10.934047854087341,15.527950310559007,4.0976014,15197.748
Saint Vincent and the Grenadines,2017,105674.0,1493.0,1153.0,25,14.128357022541023,10.910914699926188,16.744809109176156,4.2317133,15533.222
Saint Vincent and the Grenadines,2018,104939.0,1435.0,1164.0,23,13.67461096446507,11.092158301489437,16.027874564459932,4.2534623,16139.066
Saint Vincent and the Grenadines,2019,104183.0,1381.0,1173.0,21,13.255521534223433,11.259034583377327,15.206372194062274,4.2606325,16365.325
Saint Vincent and the Grenadines,2020,103540.0,1329.0,1338.0,25,12.835619084411821,12.922542012748696,18.811136192626037,4.8707128,15763.705
Saint Vincent and the Grenadines,2021,102848.0,1300.0,1306.0,25,12.640012445550715,12.69835096453018,19.230769230769234,5.2660713,16200.899
Saint Vincent and the Grenadines,2022,102063.0,1265.0,1172.0,21,12.394305477989086,11.483103573283168,16.600790513833992,4.6054697,16835.023
Samoa,2000,181695.0,5824.0,968.0,123,32.05371639285616,5.327609455406037,21.119505494505496,4.2823253,4639.189
Samoa,2001,183174.0,5725.0,961.0,118,31.25443567318506,5.246377761035955,20.611353711790393,3.81805,4941.7485
Samoa,2002,184482.0,5637.0,967.0,113,30.55582658470745,5.241703797660477,20.046123824729463,4.492055,5184.1187
Samoa,2003,185447.0,5595.0,976.0,111,30.170345166004303,5.262959228243109,19.839142091152816,4.1723714,5426.139
Samoa,2004,186265.0,5545.0,1000.0,109,29.769414543795133,5.368695138646553,19.657348963029758,4.5257854,5569.061
Samoa,2005,186993.0,5520.0,1022.0,109,29.519821597599908,5.465445230570128,19.746376811594203,4.6336546,5915.6475
Samoa,2006,187724.0,5505.0,1038.0,105,29.324966440092904,5.52939421704204,19.07356948228883,4.884514,6018.248
Samoa,2007,188766.0,5536.0,1060.0,105,29.327315300424864,5.615418030789443,18.966763005780347,4.744633,6014.047
Samoa,2008,190117.0,5659.0,1083.0,108,29.765881010114825,5.696492160090891,19.084643930022974,4.532581,6183.5557
Samoa,2009,191530.0,5771.0,1248.0,146,30.131049966062758,6.515950503837519,25.298908334777337,5.1273203,6104.9097
Samoa,2010,193035.0,5894.0,1116.0,112,30.533322972517936,5.781334991063797,19.002375296912113,5.1526833,6428.1353
Samoa,2011,194726.0,5994.0,1136.0,114,30.781713792713866,5.833838316403562,19.01901901901902,5.3835716,6617.6187
Samoa,2012,196518.0,6031.0,1167.0,118,30.689300725633274,5.938387323298629,19.565577847786436,4.988346,6312.7695
Samoa,2013,198284.0,6054.0,1176.0,113,30.531964253293257,5.930887010550523,18.66534522629666,6.218239,6263.126
Samoa,2014,200051.0,6051.0,1201.0,113,30.247286941829834,6.003469115375579,18.674599239795075,6.3614717,6248.7056
Samoa,2015,201794.0,6016.0,1222.0,111,29.812581147110418,6.055680545506804,18.450797872340427,6.0132194,6433.184
Samoa,2016,203509.0,5958.0,1239.0,109,29.276346500646163,6.0881828322088944,18.294729775092314,5.639599,6888.1875
Samoa,2017,205423.0,5915.0,1252.0,107,28.794244071988043,6.094741095203556,18.08960270498732,5.16343,6919.9023
Samoa,2018,207595.0,5914.0,1278.0,105,28.488162046292057,6.156217635299502,17.754480892796753,4.775258,6805.917
Samoa,2019,209794.0,5865.0,1372.0,118,27.955994928358294,6.539748515210158,20.11935208866155,5.647616,7034.4224
Samoa,2020,211957.0,5819.0,1375.0,103,27.453681642974754,6.487164849474185,17.700635848083863,6.0910583,6746.1567
Samoa,2021,213792.0,5749.0,1368.0,96,26.89062266127825,6.398742703188145,16.698556270655764,7.1965146,6350.9277
Samoa,2022,215270.0,5619.0,1327.0,91,26.102104334092072,6.164351744321085,16.19505250044492,6.9341235,6450.1914
San Marino,2000,26823.0,322.0,208.0,1,12.004622898258956,7.754539015024419,3.105590062111801,5.787679,77149.42
San Marino,2001,27173.0,348.0,209.0,1,12.8068303094984,7.6914584330033495,2.8735632183908044,5.6412754,80420.77
San Marino,2002,27515.0,328.0,213.0,1,11.920770488824276,7.741232055242595,3.048780487804878,5.3915577,79649.53
San Marino,2003,27871.0,297.0,214.0,1,10.65623766639159,7.678231853898318,3.3670033670033668,4.7720013,81688.38
San Marino,2004,28230.0,297.0,214.0,1,10.520722635494156,7.580588026921714,3.3670033670033668,4.864793,80724.81
San Marino,2005,28600.0,273.0,220.0,1,9.545454545454547,7.6923076923076925,3.663003663003663,4.8868365,81632.18
San Marino,2006,28966.0,282.0,218.0,1,9.735552026513844,7.526065041773113,3.5460992907801416,4.913619,83781.55
San Marino,2007,29334.0,283.0,218.0,1,9.647508011181564,7.431649280698166,3.5335689045936394,5.095873,86785.02
San Marino,2008,29721.0,338.0,217.0,1,11.372430268160558,7.301234817132667,2.9585798816568047,5.411109,85120.29
San Marino,2009,30115.0,298.0,221.0,1,9.89540096297526,7.338535613481653,3.3557046979865772,6.184096,73093.836
San Marino,2010,30648.0,316.0,220.0,1,10.310623858000522,7.178282432785173,3.1645569620253164,6.208535,68669.26
San Marino,2011,32194.0,313.0,223.0,1,9.722308504690314,6.9267565384854315,3.1948881789137378,8.070728,64214.12
San Marino,2012,33494.0,293.0,255.0,1,8.747835433211918,7.613303875320953,3.4129692832764507,8.988837,58176.38
San Marino,2013,33641.0,329.0,256.0,1,9.779733063820933,7.609761897684374,3.0395136778115504,8.238003,58467.98
San Marino,2014,33753.0,270.0,259.0,0,7.999288952093147,7.673391994785649,0.0,8.300918,58743.586
San Marino,2015,33927.0,250.0,250.0,0,7.368762342676924,7.368762342676924,0.0,8.433153,59647.66
San Marino,2016,34188.0,230.0,253.0,0,6.727506727506728,7.4002574002574,0.0,8.421953,60669.824
San Marino,2017,34405.0,211.0,260.0,0,6.132829530591485,7.5570411277430605,0.0,8.259723,59524.562
San Marino,2018,34557.0,213.0,261.0,0,6.163729490407153,7.552738953034118,0.0,8.277849,59194.043
San Marino,2019,34674.0,212.0,264.0,0,6.1140912499279,7.613774009344177,0.0,8.148016,60171.05
San Marino,2020,34796.0,212.0,350.0,0,6.092654328083688,10.058627428440051,0.0,8.481474,55998.074
San Marino,2021,34599.0,212.0,339.0,0,6.1273447209456915,9.797971039625423,0.0,7.5127225,64745.133
San Marino,2022,34113.0,205.0,259.0,0,6.0094392167208985,7.59241344941811,0.0,7.223363,70887.58
Sao Tome and Principe,2000,144029.0,5724.0,1393.0,427,39.74199640350207,9.671663345576238,74.59818308874914,9.318928,3852.8904
Sao Tome and Principe,2001,146386.0,5850.0,1381.0,405,39.96283797630921,9.433962264150942,69.23076923076924,9.640019,3907.0193
Sao Tome and Principe,2002,149932.0,5973.0,1380.0,398,39.838059920497294,9.204172558226396,66.6331826552821,9.498605,3942.7605
Sao Tome and Principe,2003,153824.0,6084.0,1385.0,379,39.55169544414395,9.003796546702725,62.29454306377384,11.465274,4161.638
Sao Tome and Principe,2004,157721.0,6183.0,1369.0,359,39.202135416336446,8.679884099137084,58.06242924146854,10.721177,4202.562
Sao Tome and Principe,2005,161650.0,6300.0,1399.0,347,38.97309000927931,8.654500463965357,55.07936507936508,10.351997,4371.497
Sao Tome and Principe,2006,165651.0,6435.0,1383.0,320,38.84673198471485,8.348878062915405,49.728049728049726,7.1055965,4644.1807
Sao Tome and Principe,2007,169709.0,6604.0,1378.0,298,38.91366987018956,8.119781508346641,45.124167171411266,7.006086,4698.084
Sao Tome and Principe,2008,173808.0,6685.0,1386.0,279,38.46198103654607,7.974316487158243,41.735228122662676,5.9700904,4873.181
Sao Tome and Principe,2009,177866.0,6739.0,1391.0,256,37.88807304375204,7.820494079812893,37.987832022555274,5.75177,4919.1953
Sao Tome and Principe,2010,181810.0,6785.0,1397.0,237,37.319179363071335,7.6838457730597876,34.92999263080324,5.808279,4882.048
Sao Tome and Principe,2011,185665.0,6841.0,1397.0,218,36.8459321896965,7.524304526970619,31.86668615699459,5.6516004,4876.473
Sao Tome and Principe,2012,189452.0,6889.0,1389.0,200,36.36277262842303,7.331672402508287,29.031789809841776,7.0729966,4919.5527
Sao Tome and Principe,2013,193158.0,6830.0,1381.0,184,35.35965375495708,7.149587384421045,26.939970717423133,8.940609,5072.112
Sao Tome and Principe,2014,196780.0,6743.0,1365.0,168,34.26669376969204,6.936680556967172,24.914726382915617,7.914521,5223.0957
Sao Tome and Principe,2015,200308.0,6615.0,1341.0,153,33.024142820057115,6.694690177127224,23.12925170068027,6.5322685,5210.2036
Sao Tome and Principe,2016,203702.0,6455.0,1328.0,138,31.68844684882819,6.519327252555203,21.378776142525176,7.602116,5388.5093
Sao Tome and Principe,2017,206986.0,6326.0,1316.0,126,30.562453499270482,6.357917926816306,19.91779955738223,7.466314,5521.2026
Sao Tome and Principe,2018,210198.0,6264.0,1309.0,116,29.800473838951845,6.2274617265625745,18.51851851851852,5.919603,5674.7236
Sao Tome and Principe,2019,213405.0,6237.0,1308.0,107,29.226119350530684,6.129190974906868,17.155683822350486,5.480788,5702.0835
Sao Tome and Principe,2020,217450.0,6228.0,1356.0,101,28.641066911933777,6.235916302598298,16.217084136159283,7.320444,5742.9473
Sao Tome and Principe,2021,221975.0,6330.0,1373.0,101,28.516724856402746,6.185381236625746,15.955766192733016,7.858897,5732.6943
Sao Tome and Principe,2022,226313.0,6399.0,1298.0,92,28.274999668600564,5.73541952958955,14.377246444756993,5.7744813,5632.1387
Saudi Arabia,2000,16177733.0,444729.0,52327.0,9880,27.490192847168387,3.234507579028533,22.215776349192428,4.211594,55962.266
Saudi Arabia,2001,17041405.0,435041.0,52877.0,9128,25.52847021709771,3.10285448881709,20.981930438740257,4.4617357,53309.113
Saudi Arabia,2002,17910909.0,425680.0,53590.0,8484,23.766521285993914,2.992031281047768,19.930464198458935,4.2493763,50371.977
Saudi Arabia,2003,18786771.0,418984.0,54469.0,7934,22.302076285488337,2.8993274043740676,18.936283963110764,3.9790974,52234.65
Saudi Arabia,2004,19669486.0,418448.0,55618.0,7512,21.27396719975296,2.8276285409796675,17.95205138989791,3.5840096,54196.55
Saudi Arabia,2005,20559886.0,433035.0,57089.0,7310,21.06213040286313,2.776717730827885,16.88085258697334,3.4186728,54931.793
Saudi Arabia,2006,21459141.0,458153.0,58816.0,7187,21.350015827753776,2.7408366439271727,15.686899354582419,3.61922,54373.74
Saudi Arabia,2007,22368313.0,486064.0,60850.0,7110,21.730024968802965,2.7203660821448628,14.627703347707298,3.5622916,53318.418
Saudi Arabia,2008,23287884.0,496355.0,62918.0,6846,21.31387291348583,2.7017482567329862,13.792547672532764,2.971007,54407.707
Saudi Arabia,2009,24217656.0,503768.0,65217.0,6628,20.801682871372854,2.6929526127549255,13.15684997856156,4.2904277,51760.766
Saudi Arabia,2010,25157134.0,506348.0,67127.0,6252,20.127411969900862,2.6683087191092594,12.34723944796859,3.6478615,54911.547
Saudi Arabia,2011,26105636.0,530576.0,68975.0,6117,20.324193595589858,2.642149764135224,11.528979825698864,3.6821826,58645.445
Saudi Arabia,2012,27062447.0,551709.0,70166.0,5960,20.38651567613232,2.5927441077298,10.802796401726273,3.9877985,59471.7
Saudi Arabia,2013,28026825.0,552465.0,70239.0,5651,19.712008049431216,2.5061347476926126,10.228702270732082,4.422936,57998.465
Saudi Arabia,2014,28998127.0,574801.0,69367.0,5508,19.822004366006123,2.3921200151996023,9.582446794629794,5.158009,58872.266
Saudi Arabia,2015,29974944.0,581656.0,67910.0,5266,19.40474017232526,2.2655588614277313,9.053461152296203,5.8620224,58498.54
Saudi Arabia,2016,30717804.0,600614.0,66913.0,5113,19.55263468703687,2.178313267445811,8.512955075972256,6.2414284,57308.45
Saudi Arabia,2017,30782400.0,610217.0,66921.0,4917,19.823568012890483,2.1740020271323877,8.057789278240364,6.0312605,57942.547
Saudi Arabia,2018,30365119.0,599367.0,67664.0,4614,19.7386679103744,2.2283462811392245,7.698121518201702,5.340631,61359.465
Saudi Arabia,2019,30472809.0,550793.0,69947.0,4119,18.074900807470687,2.295390621849138,7.478308547857362,5.46743,62647.73
Saudi Arabia,2020,30991206.0,515334.0,76244.0,3727,16.628394519400118,2.460181768983111,7.23220280439482,6.6463013,57420.734
Saudi Arabia,2021,31328374.0,498172.0,81910.0,3439,15.901623237771611,2.614562760263268,6.903238239001791,5.9303365,62690.496
Saudi Arabia,2022,32175351.0,489608.0,82698.0,3201,15.216865854858895,2.5702283714014493,6.537883367918825,5.314006,67178.59
Senegal,2000,9968262.0,391751.0,107811.0,48094,39.29982979981867,10.815425999035739,122.7667574556287,3.5501537,3093.2878
Senegal,2001,10212941.0,396851.0,107162.0,46648,38.85766107921313,10.49276599169622,117.54537597234227,3.6814876,3149.331
Senegal,2002,10466216.0,404242.0,105412.0,44789,38.62351015878136,10.071643849123696,110.79749259107169,3.952944,3075.2317
Senegal,2003,10721176.0,414645.0,105783.0,42731,38.67532815429949,9.866734768648513,103.0544200460635,4.2970357,3170.035
Senegal,2004,10975711.0,421257.0,103982.0,40554,38.38083929141356,9.473828164753973,96.26902342275619,4.568562,3240.302
Senegal,2005,11235473.0,426768.0,102860.0,38531,37.98398162676373,9.154932774080805,90.2855884227496,3.6746652,3301.8208
Senegal,2006,11500094.0,432207.0,100838.0,36290,37.58291019186452,8.768450066582066,83.96439668954922,3.7633762,3301.0315
Senegal,2007,11770348.0,438708.0,98738.0,34469,37.27230494799304,8.388706943923832,78.56934452984673,3.4149659,3316.4204
Senegal,2008,12048963.0,449958.0,98290.0,32952,37.34412662732884,8.157548496082192,73.23350179350074,3.5068758,3359.7056
Senegal,2009,12337390.0,460066.0,97816.0,31648,37.290383136141436,7.928419219948465,68.79013011176657,3.841573,3371.4617
Senegal,2010,12635418.0,470714.0,97790.0,30523,37.25353605238861,7.739356149515592,64.84404542885913,4.0276437,3403.5671
Senegal,2011,12958902.0,484541.0,97257.0,29636,37.39059065343653,7.505033991305744,61.16303883469098,4.214167,3362.8794
Senegal,2012,13310499.0,499620.0,97384.0,28916,37.53578284330287,7.316329763444632,57.875985749169374,4.26688,3405.1086
Senegal,2013,13710857.0,503840.0,97269.0,27894,36.74752059626908,7.09430490012404,55.36281359161639,4.385736,3385.426
Senegal,2014,14152103.0,502121.0,97099.0,26634,35.48030988751283,6.861100431504774,53.04299162950763,4.3896227,3484.0122
Senegal,2015,14593335.0,503549.0,96522.0,25456,34.505409490017186,6.614115279338137,50.55317357397195,4.3778963,3593.7947
Senegal,2016,15034517.0,508586.0,97110.0,24399,33.82789084611099,6.4591366653148885,47.97418725643254,4.2560687,3710.0554
Senegal,2017,15475001.0,507600.0,97223.0,23228,32.80129028747721,6.2825844082336415,45.760441292356184,4.163594,3871.4514
Senegal,2018,15914495.0,502828.0,97378.0,22041,31.59559885500608,6.118824379912778,43.834074474770695,4.431821,3998.2864
Senegal,2019,16352926.0,497216.0,97770.0,20934,30.40532318191864,5.97874655581515,42.10242630969237,4.4953103,4070.6123
Senegal,2020,16789217.0,502517.0,101605.0,20177,29.930937220002576,6.051800986311631,40.15187545893969,5.1511917,4018.0413
Senegal,2021,17220866.0,511625.0,108605.0,19561,29.709597647412156,6.306593408252523,38.233080869777666,4.4425626,4173.6772
Senegal,2022,17651099.0,520006.0,104498.0,18987,29.460261936098146,5.920197943482159,36.51304023415115,4.044481,4228.734
Serbia,2000,7694608.0,71629.0,99780.0,949,9.308986240754566,12.967522192163655,13.248823800416032,5.807706,11105.949
Serbia,2001,7651927.0,71775.0,102599.0,906,9.379990164569003,13.408256508458589,12.622779519331244,6.1915584,11879.177
Serbia,2002,7616741.0,72229.0,101333.0,843,9.482927146925437,13.303983947990355,11.671212393913802,7.249509,12661.939
Serbia,2003,7590946.0,72380.0,103314.0,764,9.535043458351568,13.610161368556698,10.555402044763747,7.306026,13273.69
Serbia,2004,7565843.0,71530.0,104935.0,686,9.454333112648518,13.869571441014571,9.590381658045574,7.6364493,14194.365
Serbia,2005,7539139.0,69786.0,105035.0,628,9.25649467399394,13.931962257228578,8.998939615395638,8.093469,15077.559
Serbia,2006,7511395.0,68401.0,104595.0,586,9.106297831494683,13.924843521076978,8.567126211605094,8.285757,15727.403
Serbia,2007,7482996.0,67658.0,103335.0,557,9.041565704431754,13.809308464149922,8.232581512903131,9.017826,17028.086
Serbia,2008,7454285.0,67806.0,103664.0,544,9.096244643181741,13.906632225625932,8.02288882989706,9.128072,17983.281
Serbia,2009,7425346.0,68772.0,103895.0,545,9.261790629015806,13.99194057758386,7.92473681149305,8.989335,17488.123
Serbia,2010,7395872.0,69979.0,103484.0,535,9.461899827363156,13.99212966368266,7.645150688063562,9.15153,17841.432
Serbia,2011,7364858.0,69521.0,102266.0,509,9.439557422559947,13.885671658571015,7.321528746709627,8.759404,17986.584
Serbia,2012,7324624.0,70637.0,100473.0,495,9.64377147550509,13.717154628005478,7.0076588756600655,8.957167,17993.814
Serbia,2013,7276183.0,68926.0,99605.0,477,9.472823869328192,13.689182913623805,6.920465426689494,8.931883,18163.205
Serbia,2014,7227203.0,69191.0,99746.0,465,9.573689849309616,13.801466487104346,6.7205272362012405,8.859668,17922.436
Serbia,2015,7177257.0,68037.0,99747.0,427,9.479526788576749,13.897649199408631,6.275996884048386,8.462899,18247.809
Serbia,2016,7126083.0,66824.0,100354.0,400,9.37738165553222,14.082631369856344,5.985873338920148,8.151843,18889.38
Serbia,2017,7073507.0,66466.0,101112.0,382,9.39647052021013,14.294465248991767,5.747299371107032,7.8996515,19438.992
Serbia,2018,7020014.0,65331.0,100118.0,384,9.306391696654737,14.26179491949731,5.877760940441751,8.184699,20454.227
Serbia,2019,6966155.0,65097.0,100266.0,371,9.344753310829288,14.393305919836697,5.699187366545309,8.287625,21541.127
Serbia,2020,6907814.0,62501.0,114913.0,355,9.04786955757639,16.635219188009405,5.679909121454056,8.306436,21479.078
Serbia,2021,6835429.0,62470.0,135637.0,345,9.139148398732544,19.84323149285875,5.522650872418761,9.23441,23406.307
Serbia,2022,6791215.0,61240.0,107640.0,303,9.017532208890456,15.849888422027576,4.947746570868714,8.583972,24651.848
Seychelles,2000,83339.0,1469.0,637.0,21,17.62680137750633,7.643480243343452,14.295439074200136,4.610718,20633.674
Seychelles,2001,84621.0,1422.0,649.0,20,16.804339348388698,7.669491024686543,14.064697609001406,4.5476832,20147.418
Seychelles,2002,85878.0,1463.0,665.0,21,17.03579496495028,7.74354316588649,14.354066985645934,4.1956286,19777.752
Seychelles,2003,87056.0,1482.0,670.0,21,17.02352508730013,7.696195552288183,14.17004048582996,4.8607597,18825.22
Seychelles,2004,88175.0,1477.0,685.0,21,16.750779699461297,7.768641905301957,14.218009478672984,4.6662893,18356.47
Seychelles,2005,89288.0,1583.0,682.0,22,17.729146133858972,7.638204461965774,13.897662665824383,4.4460654,19917.12
Seychelles,2006,90391.0,1524.0,690.0,21,16.86008562799394,7.633503335509067,13.779527559055119,4.3319125,21341.86
Seychelles,2007,91483.0,1610.0,693.0,22,17.598898155941544,7.575177901905271,13.664596273291925,3.7931502,23117.855
Seychelles,2008,92563.0,1675.0,702.0,23,18.095783412378598,7.584023854023746,13.73134328358209,3.5151868,21990.37
Seychelles,2009,93644.0,1709.0,712.0,23,18.249967963777713,7.603263423177139,13.458162668227034,3.435805,21361.13
Seychelles,2010,94993.0,1583.0,724.0,22,16.664385796848187,7.621614224205993,13.897662665824383,4.4014845,21708.756
Seychelles,2011,97041.0,1709.0,751.0,25,17.611112828598223,7.738996918828124,14.628437682855472,4.3553967,24406.412
Seychelles,2012,99565.0,1766.0,767.0,26,17.73715663134636,7.703510269673077,14.722536806342015,5.2896843,24919.955
Seychelles,2013,102108.0,1626.0,781.0,24,15.924315430720412,7.648764053747013,14.760147601476014,4.191295,24770.652
Seychelles,2014,104663.0,1632.0,809.0,24,15.592902936090118,7.729570144177025,14.705882352941176,4.4360914,25379.418
Seychelles,2015,107247.0,1697.0,835.0,24,15.823286432254516,7.785765569200071,14.142604596346494,4.2442865,27032.209
Seychelles,2016,109836.0,1776.0,860.0,25,16.169561892275755,7.829855420809207,14.076576576576576,4.713497,29905.135
Seychelles,2017,112443.0,1809.0,886.0,26,16.088151330007204,7.879547859804523,14.372581536760642,4.47661,31595.668
Seychelles,2018,115053.0,1807.0,922.0,26,15.705805150669692,8.013698034818736,14.388489208633095,4.4170604,32841.426
Seychelles,2019,117662.0,1797.0,961.0,26,15.272560384831126,8.167462732233007,14.468558708959376,4.252698,34346.07
Seychelles,2020,120299.0,1779.0,826.0,25,14.788152852475914,6.866224989401408,14.05283867341203,5.837092,30056.2
Seychelles,2021,123000.0,1764.0,1129.0,27,14.341463414634147,9.178861788617887,15.306122448979592,5.208815,29979.828
Seychelles,2022,125533.0,1744.0,1185.0,27,13.892761265961939,9.43974891064501,15.48165137614679,4.399097,27275.688
Sierra Leone,2000,4423615.0,199261.0,88508.0,43998,45.04483324159087,20.00807032257554,220.80587771816863,5.290865,1981.5061
Sierra Leone,2001,4692715.0,206540.0,89893.0,44381,44.01290084737727,19.155861798553715,214.87847390336012,5.221835,1749.3508
Sierra Leone,2002,4971435.0,220140.0,93716.0,46161,44.28097722287428,18.850895164072345,209.68928863450532,5.5538883,2089.2615
Sierra Leone,2003,5177686.0,225091.0,94781.0,46210,43.473281307518455,18.305667821494,205.29474745769488,5.062198,2196.2812
Sierra Leone,2004,5355715.0,227428.0,94773.0,45576,42.46454488336291,17.69567648763984,200.3974884359006,5.2379894,2260.8381
Sierra Leone,2005,5501707.0,230908.0,93667.0,44608,41.97024668889129,17.02507967072765,193.1851646543212,5.23005,2296.6577
Sierra Leone,2006,5624464.0,235141.0,91016.0,43640,41.80682817064879,16.18216420266891,185.59077319565705,5.2991314,2342.7546
Sierra Leone,2007,5749353.0,236058.0,90317.0,42375,41.058185155790575,15.709071959923142,179.51096764354523,5.31663,2377.8054
Sierra Leone,2008,5894728.0,239259.0,89412.0,41215,40.588641240104714,15.168129895051985,172.26102257386347,5.603326,2404.652
Sierra Leone,2009,6055655.0,241335.0,88668.0,40053,39.85283177459746,14.642181564174313,165.9643234508049,6.270755,2376.5825
Sierra Leone,2010,6222715.0,243404.0,88064.0,38798,39.115402199843636,14.152022067538045,159.39754482259946,5.6420474,2459.768
Sierra Leone,2011,6387258.0,246024.0,87171.0,37584,38.51793680480732,13.647640348957253,152.76558384547852,6.6063676,2590.5283
Sierra Leone,2012,6551078.0,247465.0,86545.0,36398,37.774699064795136,13.210802863284487,147.08342593902168,5.927642,2792.9263
Sierra Leone,2013,6714057.0,245736.0,84472.0,34845,36.60022546725475,12.58136473967975,141.79851548002733,8.45845,3124.7283
Sierra Leone,2014,6876385.0,244938.0,84802.0,33999,35.620169609467766,12.332351955278826,138.80655512823654,15.11887,2812.5283
Sierra Leone,2015,7037660.0,243911.0,81635.0,32451,34.65796869982352,11.599736275978096,133.04443014050207,12.383123,2628.1707
Sierra Leone,2016,7205339.0,246383.0,77599.0,30826,34.19450493585382,10.769652892112363,125.1141515445465,10.054385,2732.261
Sierra Leone,2017,7379300.0,249479.0,76228.0,30164,33.807949263480275,10.329977098098736,120.90797221409417,6.0053205,2753.4272
Sierra Leone,2018,7554568.0,251868.0,73099.0,29089,33.33982829991073,9.676132374478595,115.49303603474837,5.2992744,2767.3801
Sierra Leone,2019,7731994.0,253675.0,72604.0,28260,32.80848381413643,9.39007453963363,111.40238494136199,5.7052846,2852.6626
Sierra Leone,2020,7912557.0,254755.0,73734.0,27432,32.19629255119426,9.318605856488617,107.6799277737434,5.6648974,2752.6262
Sierra Leone,2021,8094603.0,256143.0,72817.0,26617,31.643676657150447,8.995746919274485,103.91461019820959,5.0724463,2849.3887
Sierra Leone,2022,8276809.0,257167.0,70547.0,25804,31.070790687570536,8.523453905967868,100.33946812771467,4.8037744,2934.7332
Singapore,2000,4035251.0,51230.0,17865.0,195,12.69561670389277,4.427233894496278,3.8063634589107944,3.343364,68904.125
Singapore,2001,4116169.0,45971.0,17736.0,170,11.168394689333697,4.308860982141404,3.697983511344108,3.1630266,66352.15
Singapore,2002,4146898.0,45956.0,17743.0,161,11.08201841472831,4.278619826192976,3.5033510314213596,3.358464,68328.93
Singapore,2003,4138241.0,41964.0,17434.0,144,10.140540389020359,4.2129010852678705,3.4315127251930226,3.6069927,72497.87
Singapore,2004,4172767.0,41159.0,17114.0,131,9.863718726686633,4.1013552877503106,3.1827789790811245,3.150198,78712.53
Singapore,2005,4268363.0,41601.0,16965.0,126,9.746359435689982,3.9745916642984676,3.0287733467945483,3.0336792,82547.484
Singapore,2006,4407064.0,42364.0,17254.0,125,9.612748986626926,3.9150781563417274,2.950618449627042,2.9347465,87210.05
Singapore,2007,4596516.0,43655.0,17768.0,126,9.497410647542615,3.865536419322809,2.886267323330661,2.8374906,91198.15
Singapore,2008,4806742.0,44452.0,18366.0,127,9.247843965829661,3.8208832510669386,2.8570143075677135,3.1948845,88083.29
Singapore,2009,4968574.0,44518.0,18974.0,126,8.959914856858326,3.8188019339150427,2.830315827305809,3.3937051,85575.76
Singapore,2010,5077020.0,42643.0,19713.0,122,8.399218439163132,3.8827895103820746,2.8609619398259976,3.1982615,96280.016
Singapore,2011,5182242.0,44984.0,19888.0,125,8.680412840619947,3.837721202521997,2.7787657833896495,3.1539185,100153.73
Singapore,2012,5293345.0,48924.0,20182.0,132,9.242548898664266,3.812711999690177,2.698062300711307,3.3239279,102061.12
Singapore,2013,5385589.0,45704.0,20642.0,126,8.486351260744183,3.832821256876453,2.7568702958165585,3.6822534,105259.695
Singapore,2014,5457899.0,48538.0,21312.0,130,8.89316566686192,3.904799264332301,2.6783138983888914,3.871326,107990.89
Singapore,2015,5525343.0,47632.0,21989.0,127,8.620641288694657,3.9796624390558195,2.666274773261673,4.180614,109894.04
Singapore,2016,5577936.0,46597.0,22656.0,124,8.353806856156112,4.061717452477046,2.6611155224585272,4.379895,112719.945
Singapore,2017,5604087.0,46704.0,23204.0,121,8.333917728257966,4.140549566771536,2.590784515244947,4.359784,117492.97
Singapore,2018,5634366.0,47730.0,23586.0,120,8.471228173675618,4.186096536859694,2.51414204902577,4.0727572,120668.89
Singapore,2019,5669562.0,47479.0,23927.0,116,8.374368249258055,4.220255462414909,2.4431854082857685,4.4074674,120678.34
Singapore,2020,5620151.0,47113.0,24806.0,127,8.38287085169064,4.413760413198863,2.695646636809373,5.700153,116684.21
Singapore,2021,5546291.0,45626.0,26076.0,107,8.226398506677706,4.701520349365008,2.3451540788147107,5.145997,133990.19
Singapore,2022,5649888.0,45168.0,28340.0,107,7.994494758126179,5.016028636319871,2.3689337584130357,4.331216,134828.0
Slovakia,2000,5380001.0,54799.0,53144.0,559,10.185685839091851,9.878065078426566,10.20091607511086,5.3074393,18335.684
Slovakia,2001,5379439.0,51253.0,52339.0,411,9.527573414253792,9.729453201346832,8.019042787739254,5.3405495,18906.602
Slovakia,2002,5377685.0,50745.0,51734.0,464,9.436216513239433,9.620124644712362,9.143758005714849,5.517939,19748.932
Slovakia,2003,5376197.0,51696.0,52472.0,502,9.615719066842232,9.760059015694551,9.710615908387496,5.484009,20721.713
Slovakia,2004,5376038.0,53652.0,52021.0,463,9.979840172260687,9.676456900044233,8.629687616491465,6.3966246,21842.957
Slovakia,2005,5376697.0,54374.0,53616.0,465,10.112900169007107,9.971921423133942,8.55188141391106,6.6161904,23257.176
Slovakia,2006,5376847.0,53950.0,53306.0,427,10.033761421889075,9.913988625675977,7.914735866543095,6.8522706,25331.873
Slovakia,2007,5376993.0,54554.0,53769.0,409,10.145819419887658,9.999827040875822,7.497158778458042,7.1753836,28064.246
Slovakia,2008,5379127.0,57438.0,52913.0,409,10.677940862894667,9.836726294062215,7.120721473588913,6.9597836,29544.09
Slovakia,2009,5385074.0,61070.0,52653.0,436,11.340605532997317,9.77758151512867,7.139348288848861,7.952804,27880.41
Slovakia,2010,5391857.0,60529.0,53027.0,408,11.226002470020997,9.834645095372522,6.7405706355631185,7.6706524,29745.92
Slovakia,2011,5398105.0,60669.0,51464.0,363,11.23894403684256,9.533715998484654,5.983286357118133,7.3145223,30468.826
Slovakia,2012,5404877.0,57845.0,52009.0,394,10.702371210297663,9.62260565781608,6.811306076583974,7.527806,30894.312
Slovakia,2013,5410422.0,57249.0,51662.0,368,10.581244864078995,9.548608223166326,6.428059878775175,7.4801316,31078.186
Slovakia,2014,5415238.0,57348.0,50969.0,389,10.590116260818084,9.412144027649385,6.783148496896143,6.8654337,31888.805
Slovakia,2015,5420278.0,55555.0,53236.0,359,10.249474288957135,9.821636454809145,6.462064620646206,6.7410975,33507.793
Slovakia,2016,5427262.0,57430.0,51834.0,356,10.581762958928461,9.550672143707084,6.198850774856347,7.0608134,34116.45
Slovakia,2017,5435702.0,57903.0,53390.0,317,10.652349963261415,9.822098415255288,5.474673160285304,6.7338877,35042.785
Slovakia,2018,5443229.0,57597.0,53771.0,340,10.581403060573054,9.878511449729563,5.903085230133514,6.636775,36415.793
Slovakia,2019,5450627.0,57083.0,52697.0,352,10.472740108615028,9.668062041302772,6.166459366186079,6.91103,37194.21
Slovakia,2020,5455028.0,56663.0,59739.0,343,10.387297737060194,10.951181185504456,6.053332862714646,7.060278,36201.49
Slovakia,2021,5442766.0,56781.0,74407.0,319,10.432379418846962,13.670806351035484,5.618076469241472,7.628579,38330.305
Slovakia,2022,5473195.0,52754.0,58388.0,324,9.638611450898425,10.667991913315715,6.141714372369868,7.702452,38648.984
Slovenia,2000,1986817.0,18095.0,18765.0,95,9.107532299149847,9.444755103263159,5.250069079856313,7.8545637,30061.207
Slovenia,2001,1989684.0,17420.0,18656.0,88,8.755159110692954,9.376363281807564,5.051664753157291,7.955057,30862.896
Slovenia,2002,1991571.0,17468.0,18951.0,84,8.77096523297437,9.515603510997098,4.808793221891459,8.116325,31836.521
Slovenia,2003,1992499.0,17331.0,19221.0,96,8.698122307715085,9.646679872863174,5.539207200969361,8.174474,32833.906
Slovenia,2004,1993548.0,17967.0,18948.0,87,9.012574565548459,9.504662039740202,4.842210719652696,7.999595,34304.555
Slovenia,2005,1996915.0,18151.0,18501.0,84,9.08952058550314,9.264790940024989,4.627844195912071,8.053467,35565.043
Slovenia,2006,2003116.0,18939.0,18577.0,81,9.454769469167038,9.2740510284976,4.276888959290353,7.8672,37546.496
Slovenia,2007,2014159.0,19867.0,18400.0,72,9.863670147192947,9.135326456352253,3.6241002667740476,7.5407605,40002.703
Slovenia,2008,2025090.0,21843.0,18614.0,69,10.786187280565308,9.191690245865617,3.1589067435791787,7.8928757,41286.348
Slovenia,2009,2035610.0,21849.0,18596.0,68,10.733391956219512,9.135345179086366,3.112270584466108,8.642013,37809.17
Slovenia,2010,2044611.0,22373.0,18804.0,75,10.942423766672487,9.196859451504467,3.3522549501631427,8.63942,38063.316
Slovenia,2011,2048805.0,22017.0,18991.0,69,10.74626428576658,9.26930576604411,3.1339419539446793,8.600543,38233.29
Slovenia,2012,2053322.0,21989.0,19288.0,69,10.70898767947745,9.393558341068765,3.1379326026649688,8.792637,37040.707
Slovenia,2013,2056452.0,21191.0,19403.0,57,10.304641197557736,9.43518253769113,2.689821150488415,8.840439,36685.75
Slovenia,2014,2058395.0,21205.0,19647.0,55,10.301715657101772,9.54481525654697,2.5937278943645365,8.584872,37662.258
Slovenia,2015,2059946.0,20695.0,19800.0,48,10.046379856559348,9.611902447928246,2.3194008214544577,8.577429,38534.645
Slovenia,2016,2061379.0,20392.0,20336.0,49,9.892406976106772,9.865240695670229,2.4029030992546097,8.5691185,39674.895
Slovenia,2017,2062410.0,20288.0,20821.0,49,9.837035313056086,10.095470832666637,2.4152208201892744,8.258889,41700.652
Slovenia,2018,2069484.0,19535.0,20860.0,45,9.439551115157208,10.079807333615529,2.303557716918352,8.352286,43369.223
Slovenia,2019,2083438.0,19241.0,20994.0,49,9.235216022747018,10.076613750925153,2.546645184761707,8.565645,44577.94
Slovenia,2020,2102421.0,18658.0,23811.0,44,8.87453083849524,11.325514728020696,2.3582377532425767,9.489844,42471.523
Slovenia,2021,2113495.0,19399.0,23087.0,44,9.178635388302315,10.92361231041474,2.2681581524820866,9.527244,45922.664
Slovenia,2022,2115231.0,18164.0,22493.0,56,8.587241771702475,10.633826754619236,3.0830213609337154,9.626833,47058.887
Solomon Islands,2000,440481.0,15612.0,2673.0,476,35.44307245942504,6.068366172434225,30.48936715347169,4.8277893,2277.1135
Solomon Islands,2001,449137.0,15772.0,2713.0,477,35.116234022135785,6.040473174109459,30.24346943951306,6.607128,2055.5376
Solomon Islands,2002,457676.0,15946.0,2752.0,477,34.84124140221466,6.012987353498982,29.913457920481626,10.106276,1960.675
Solomon Islands,2003,466164.0,16134.0,2789.0,476,34.610137204932165,5.9828729803245215,29.50291310276435,7.077247,2050.5713
Solomon Islands,2004,474618.0,16273.0,2831.0,475,34.28652094947937,5.964796952496535,29.189454925336445,7.7255664,2168.7837
Solomon Islands,2005,483090.0,16438.0,2865.0,474,34.02678589910783,5.930571943116189,28.83562477187006,9.017945,2287.5667
Solomon Islands,2006,491602.0,16711.0,2914.0,475,33.99294551283355,5.927559285763687,28.424391119621806,8.008022,2340.9514
Solomon Islands,2007,500168.0,16977.0,3018.0,488,33.94259528798324,6.0339725852113695,28.744772339046946,7.1858306,2384.6233
Solomon Islands,2008,508802.0,17221.0,3002.0,470,33.84617198831766,5.900134040353615,27.292259450670695,5.5065627,2490.102
Solomon Islands,2009,518150.0,17450.0,3070.0,478,33.67750651355785,5.924925214706167,27.392550143266476,6.6096673,2515.2131
Solomon Islands,2010,532976.0,17696.0,3092.0,461,33.202245504488005,5.801386929242592,26.051084990958408,4.66862,2682.629
Solomon Islands,2011,552958.0,18226.0,3139.0,463,32.96091204033579,5.6767421757167815,25.40327005376934,5.0300865,2777.8345
Solomon Islands,2012,573623.0,18776.0,3192.0,463,32.73229978574778,5.5646304279988765,24.65913932680017,4.880457,2743.81
Solomon Islands,2013,594952.0,19327.0,3287.0,469,32.48497357770039,5.5248154472965885,24.26657008330315,4.580309,2783.9485
Solomon Islands,2014,616915.0,20083.0,3431.0,497,32.55391747647569,5.561544134929448,24.747298710352037,4.8896236,2716.77
Solomon Islands,2015,639423.0,20394.0,3484.0,465,31.89437977676749,5.448662309613511,22.80082377169756,4.453102,2665.0662
Solomon Islands,2016,662387.0,20624.0,3599.0,453,31.13587676086638,5.433379580215191,21.964701318851823,4.529529,2715.5815
Solomon Islands,2017,685677.0,20627.0,3731.0,442,30.08267741225096,5.441337539395371,21.428225141804432,4.165564,2704.0098
Solomon Islands,2018,709109.0,20668.0,3877.0,430,29.146435879392307,5.46742461314128,20.805109347784015,3.8644083,2686.4631
Solomon Islands,2019,728156.0,20689.0,4038.0,418,28.4128675723334,5.545514972066425,20.20397312581565,4.4372807,2661.9578
Solomon Islands,2020,744505.0,20820.0,4330.0,422,27.964889423173787,5.815944822398775,20.26897214217099,4.8947845,2515.4636
Solomon Islands,2021,762594.0,21123.0,4498.0,400,27.69888040031786,5.898289260078101,18.9367040666572,4.947959,2450.184
Solomon Islands,2022,781075.0,21310.0,4060.0,390,27.28291137214736,5.197964344013059,18.301267010793055,4.824184,2330.4016
Somalia,2013,12869599.0,614448.0,165934.0,82088,47.7441449418898,12.893486424868405,133.59633361976927,3.3695374,1197.7217
Somalia,2014,13339497.0,633049.0,168569.0,82701,47.45673693693248,12.636833307882599,130.63917643026053,3.0205376,1259.2743
Somalia,2015,13806969.0,651292.0,169719.0,83080,47.1712509820222,12.292270664184151,127.56183094525959,2.940745,1343.9252
Somalia,2016,14348741.0,668096.0,172953.0,83601,46.56129760792253,12.053531386481922,125.13321438835138,2.2842648,1384.1552
Somalia,2017,14916630.0,688481.0,209919.0,106117,46.15526429226976,14.072816715303658,154.13206755161,2.443481,1527.6603
Somalia,2018,15452489.0,705717.0,191470.0,93395,45.670118257324106,12.390884083463837,132.3405841151623,2.5087326,1504.9791
Somalia,2019,16030969.0,723617.0,174869.0,82381,45.13869373710347,10.908198999074854,113.84613683758121,2.4061725,1491.2949
Somalia,2020,16651200.0,741705.0,180399.0,81722,44.54363649466705,10.833993946382243,110.1812715297861,2.4701052,1396.0554
Somalia,2021,17271435.0,761567.0,195162.0,81319,44.09401998154756,11.299698027407683,106.77852375431183,2.7350917,1392.3179
Somalia,2022,17801895.0,779534.0,228085.0,110772,43.78938309657483,12.812400028199244,142.1002804239456,2.8469162,1387.5475
South Africa,2000,47159715.0,1017081.0,490138.0,72033,21.566733386747565,10.393150170648825,70.82326776333448,7.336619,11183.825
South Africa,2001,47566805.0,1011545.0,526754.0,74632,21.265775576055614,11.073983211611543,73.78020750436214,7.123279,11387.492
South Africa,2002,48019414.0,1004942.0,574030.0,78704,20.927827232543905,11.954123388511155,78.31695759556273,6.677745,11697.565
South Africa,2003,48500351.0,1037337.0,622283.0,82519,21.388236963480946,12.830484463916559,79.548883342636,7.040982,11923.121
South Africa,2004,48991420.0,1084498.0,641921.0,84228,22.136488389191413,13.102722884945976,77.66542676888292,6.938416,12341.21
South Africa,2005,49490041.0,1124291.0,659846.0,85178,22.71752007641295,13.332904694906192,75.76152437402772,6.8621616,12861.563
South Africa,2006,49998271.0,1157144.0,669557.0,82786,23.143680308465065,13.391603081634562,71.543386129989,6.8765087,13444.233
South Africa,2007,50528575.0,1166581.0,663057.0,80802,23.0875499655393,13.122416375288637,69.26394309525014,6.9051085,14016.244
South Africa,2008,51114595.0,1243597.0,648296.0,80558,24.329587273458785,12.683187649241866,64.7782199538918,7.1483226,14297.688
South Africa,2009,51728518.0,1178323.0,624186.0,68430,22.778982378733527,12.06657418640913,58.074059489630606,7.6494145,13910.702
South Africa,2010,52344047.0,1160896.0,594055.0,62553,22.17818580210277,11.349046052935112,53.883379734274214,7.7935824,14164.996
South Africa,2011,52995212.0,1169887.0,568156.0,48923,22.075333899975718,10.72089304973438,41.818568801944124,7.944344,14434.261
South Africa,2012,53782570.0,1189588.0,545852.0,49672,22.118467005202614,10.149236081503728,41.755633042700495,8.004289,14563.763
South Africa,2013,54678789.0,1197126.0,544728.0,50724,21.893791393221967,9.9623274392562,42.37147969386681,8.103223,14681.097
South Africa,2014,55594840.0,1211091.0,536322.0,50162,21.78423393250165,9.646974431440041,41.41885291856681,7.8713655,14643.339
South Africa,2015,56723536.0,1191603.0,522822.0,46542,21.007205897742338,9.217020603228967,39.05831052791912,8.053042,14541.675
South Africa,2016,57259550.0,1160623.0,519287.0,42551,20.269509627651633,9.069002463344543,36.6622064184494,8.079594,14501.281
South Africa,2017,57635158.0,1154876.0,508901.0,38178,20.037699905325148,8.8296973177379,33.058094548678824,7.9771137,14573.598
South Africa,2018,58613001.0,1163460.0,515170.0,40686,19.849862319794887,8.789346923219306,34.96983136506627,8.081966,14553.562
South Africa,2019,59587880.0,1173511.0,521415.0,42762,19.693786723071874,8.750353259756851,36.439368697864786,8.246529,14352.67
South Africa,2020,60562374.0,1182285.0,586416.0,34375,19.52177436109093,9.682843674523063,29.075053815281425,9.021741,13250.566
South Africa,2021,61502602.0,1190312.0,733898.0,43310,19.353847825820445,11.932795949023426,36.38541827688875,8.664503,13681.955
South Africa,2022,62378417.0,1190146.0,586473.0,49001,19.07945179179523,9.401857697030048,41.17225953790543,8.745123,13767.497
South Korea,2000,46766660.0,599446.0,239372.0,4657,12.817806531405065,5.118432661216346,7.768839895503515,3.717948,26404.158
South Korea,2001,47043467.0,541042.0,234535.0,4089,11.500895544114552,4.985495648099235,7.557638778505181,4.16984,27440.656
South Korea,2002,47299118.0,489165.0,238255.0,3560,10.341947602490178,5.037197522372404,7.277707930861775,3.9085476,29395.277
South Korea,2003,47514158.0,472791.0,243514.0,3188,9.950528850790116,5.125082927913823,6.742937154049041,4.4664035,30142.46
South Korea,2004,47697076.0,455459.0,244369.0,2848,9.548992059806768,5.123353892804666,6.253032654970041,4.43288,31579.527
South Korea,2005,47851646.0,432815.0,244402.0,2527,9.04493442085566,5.10749410793518,5.838522232362557,4.6522355,32886.047
South Korea,2006,48006518.0,440301.0,242709.0,2339,9.171692060648931,5.055750971149376,5.312275011866881,4.958518,34429.62
South Korea,2007,48178122.0,462242.0,245911.0,2244,9.594437906898904,5.104204767466859,4.8545999714435295,4.958342,36257.34
South Korea,2008,48356485.0,447507.0,245168.0,2063,9.254332691881967,5.070012843158472,4.609983754444064,5.2464232,37064.152
South Korea,2009,48546690.0,437242.0,244866.0,1926,9.00662846426811,5.043927814646065,4.404883336916399,5.6852508,37176.195
South Korea,2010,48769329.0,449665.0,254107.0,1887,9.220241680995857,5.210385404318358,4.196457362703345,5.793907,39574.05
South Korea,2011,49127640.0,455314.0,256248.0,1852,9.267980305994753,5.215963966516608,4.067522632732576,5.902929,40719.227
South Korea,2012,49599580.0,460037.0,267037.0,1776,9.275018054588367,5.383856072974812,3.8605590419901006,5.9576025,41537.67
South Korea,2013,50071168.0,433882.0,267513.0,1651,8.665306149838566,5.342655477898977,3.8051820541068766,6.0685863,42709.977
South Korea,2014,50539055.0,427701.0,268254.0,1584,8.46278190203596,5.307855479292202,3.7035218528832057,6.2448735,43806.926
South Korea,2015,50983909.0,424787.0,278963.0,1522,8.331785622793262,5.471589085097418,3.582972171935582,6.462026,44849.105
South Korea,2016,51297836.0,397938.0,283900.0,1406,7.75740325576307,5.534346517073352,3.5332137167096382,6.6356945,46088.242
South Korea,2017,51486268.0,356023.0,288801.0,1245,6.914911758607168,5.6092820710951505,3.4969650837165016,6.798275,47536.79
South Korea,2018,51640894.0,322572.0,302790.0,1106,6.246444920182831,5.8633764163726525,3.4286918889426237,7.14222,48834.445
South Korea,2019,51767844.0,295280.0,307997.0,988,5.703926939665481,5.949581365606031,3.3459767000812786,7.693971,49790.867
South Korea,2020,51858481.0,270034.0,317300.0,886,5.207132850651757,6.1185748961679,3.2810683099165288,8.027228,49374.094
South Korea,2021,51848401.0,259300.0,328056.0,800,5.001118549441863,6.3272153754558405,3.0852294639413804,8.344128,51718.25
South Korea,2022,51782515.0,256588.0,390618.0,780,4.9551088818300935,7.5434343040310035,3.0398927463482313,8.859531,53228.605
Spain,2000,41019772.0,399049.0,356198.0,2122,9.72821106855494,8.68356849960063,5.317642695508572,6.8021784,39945.9
Spain,2001,41245602.0,406377.0,355154.0,1987,9.852614104165578,8.610711997851311,4.889548375031067,6.7692957,41224.293
Spain,2002,41755703.0,413223.0,363436.0,2074,9.896205076465842,8.70386495468655,5.01908170648778,6.798786,41766.04
Spain,2003,42506540.0,434713.0,379132.0,2130,10.226967426659522,8.919380405932829,4.899784455491324,7.5922318,42223.13
Spain,2004,43234562.0,447528.0,366647.0,2145,10.351163034796096,8.480414349982313,4.792996192417011,7.6844788,42793.39
Spain,2005,43958883.0,458937.0,382153.0,2074,10.440142439470083,8.693419257263658,4.519138792470426,7.7780747,43570.766
Spain,2006,44695446.0,473449.0,366646.0,2007,10.59277940754859,8.203207100786063,4.239104951114059,7.8707247,44572.68
Spain,2007,45516501.0,483893.0,380618.0,2032,10.631155501166488,8.362198139966866,4.199275459657404,7.962412,45301.285
Spain,2008,46235055.0,509388.0,382016.0,2041,11.017354688990855,8.2624753014785,4.006768907002128,8.429064,44926.348
Spain,2009,46635182.0,490774.0,381576.0,1908,10.523685744380712,8.182148833470832,3.887736514159267,9.15303,42852.223
Spain,2010,46840469.0,481432.0,379018.0,1866,10.2781208275263,8.091678159755403,3.8759367885807343,9.169926,42695.527
Spain,2011,46998040.0,466867.0,384310.0,1748,9.933754684237897,8.177149515171271,3.7441069940689746,9.217497,42271.836
Spain,2012,47018323.0,451253.0,400520.0,1649,9.597386108390126,8.518381227675858,3.6542693344974992,9.2189045,41034.047
Spain,2013,46860394.0,426037.0,388410.0,1406,9.091622234332899,8.288662703092081,3.3001828479686037,9.13715,40594.914
Spain,2014,46720187.0,424669.0,394088.0,1450,9.08962543322012,8.435068977784699,3.4144239395858893,9.151229,41339.41
Spain,2015,46683683.0,417031.0,420770.0,1305,8.933121236385741,9.013213460471832,3.1292637717579748,9.175533,43053.76
Spain,2016,46732768.0,406867.0,409459.0,1318,8.70624654632056,8.761710840667515,3.239387809775676,8.88085,44274.668
Spain,2017,46868594.0,389984.0,423362.0,1257,8.320795797714776,9.032957122630988,3.2232091572987613,9.0217495,45446.25
Spain,2018,47092817.0,370110.0,426882.0,1199,7.8591603471077125,9.0646945159386,3.2395774229283187,9.071225,46325.21
Spain,2019,47435121.0,357540.0,418411.0,1154,7.537453103576989,8.820700594397135,3.2276108966828887,9.215395,46896.418
Spain,2020,47679482.0,343355.0,495379.0,1043,7.201315651877259,10.389773110370621,3.0376723798983556,10.794792,41553.45
Spain,2021,47735670.0,340310.0,457182.0,1068,7.129050456398748,9.577366359370258,3.1383150656754135,10.344199,44251.664
Spain,2022,47828386.0,339675.0,481525.0,1350,7.101954057157605,10.067766033334262,3.974387281960698,9.679959,46733.48
Sri Lanka,2000,19293056.0,355040.0,127967.0,5970,18.402475999655007,6.632800941437168,16.81500675980171,4.1081867,6428.6133
Sri Lanka,2001,19600361.0,371424.0,127046.0,5966,18.949855056241056,6.4818193909795845,16.06250538468166,4.056628,6230.031
Sri Lanka,2002,19805750.0,379721.0,126875.0,5850,19.172260580891916,6.405967963848882,15.406048124807425,4.0371575,6409.863
Sri Lanka,2003,19951521.0,380930.0,128929.0,5752,19.092779943945125,6.462113840844515,15.099887118368203,3.646467,6741.0127
Sri Lanka,2004,20087608.0,378170.0,165637.0,11002,18.82603443874452,8.245730402544693,29.092736071079145,4.039126,7059.911
Sri Lanka,2005,20216531.0,378376.0,129685.0,5206,18.716168466291276,6.4147998486980775,13.758800769604838,3.8790874,7452.742
Sri Lanka,2006,20352416.0,383691.0,134966.0,5040,18.852356398375502,6.631448571019774,13.135570029007717,3.8501956,7970.665
Sri Lanka,2007,20492546.0,385456.0,137176.0,4843,18.809571050859176,6.693946179259522,12.564339379851397,3.8225818,8454.207
Sri Lanka,2008,20629377.0,375547.0,143310.0,4558,18.204476073126205,6.946889380130092,12.136962883473972,3.8548295,8897.827
Sri Lanka,2009,20756438.0,365886.0,165718.0,7986,17.627591015375568,7.983932503255135,21.826470540004266,4.0567684,9156.319
Sri Lanka,2010,20879092.0,358011.0,133676.0,4048,17.146866348402508,6.402385697615586,11.306915150651795,3.7414515,9832.187
Sri Lanka,2011,21009054.0,359070.0,134596.0,3921,17.09120267861656,6.406571185927744,10.919876347230346,3.581952,10618.492
Sri Lanka,2012,21169461.0,363017.0,133879.0,3742,17.14814562354705,6.324157237635856,10.308057198423214,3.306593,11447.693
Sri Lanka,2013,21358829.0,363696.0,134377.0,3589,17.02789979731567,6.291402960340195,9.86813162641327,3.6936536,12249.723
Sri Lanka,2014,21547454.0,356005.0,136637.0,3375,16.52190555784456,6.341213212475126,9.480203929720089,3.4678614,12909.966
Sri Lanka,2015,21729975.0,348168.0,139041.0,3107,16.022475865710845,6.398580762288037,8.92385285264585,3.6826396,13329.779
Sri Lanka,2016,21910763.0,342918.0,142273.0,2966,15.650664470242319,6.49329281686813,8.649298082923615,3.6178842,13845.614
Sri Lanka,2017,22087525.0,339514.0,145951.0,2873,15.371301220938063,6.607847642504083,8.4620958193182,3.3309343,14572.485
Sri Lanka,2018,22253116.0,337145.0,148576.0,2595,15.150462523989898,6.676638004313642,7.696984976790402,3.641888,14759.825
Sri Lanka,2019,22410552.0,334362.0,151041.0,2493,14.91984668650732,6.7397268929386485,7.455990812353078,3.7011957,14637.444
Sri Lanka,2020,22561808.0,331170.0,153685.0,2338,14.678344926966847,6.81173246399402,7.059818220249419,4.2743163,13886.651
Sri Lanka,2021,22700377.0,328525.0,169409.0,2237,14.47222660663301,7.4628275997354585,6.8092230423864235,5.1942773,14316.135
Sri Lanka,2022,22834965.0,326112.0,159013.0,2136,14.281256835734148,6.963575376620898,6.549896967912864,3.9830046,13249.065
Sudan,2000,27816748.0,1135928.0,277388.0,114423,40.83611786683332,9.971978032802397,100.73085618102556,3.6066449,3575.852
Sudan,2001,28516774.0,1159198.0,278922.0,112861,40.64968919696176,9.780980134709486,97.36127909123377,3.3645687,3701.5488
Sudan,2002,29228728.0,1181995.0,283999.0,112287,40.43949500641971,9.716433777070284,94.99786378114966,3.300109,3814.3132
Sudan,2003,29896038.0,1201996.0,303764.0,116515,40.20586273003801,10.160677478400316,96.93459878402258,3.8918793,3946.9226
Sudan,2004,30556641.0,1221251.0,331882.0,122842,39.96679477957018,10.861206897708422,100.58702101369825,4.155935,4041.0571
Sudan,2005,31262447.0,1238372.0,331369.0,121891,39.612126331633604,10.59958614244112,98.42842053922408,4.0941815,4152.3228
Sudan,2006,31992438.0,1253700.0,289964.0,108618,39.18738546902865,9.063516822319075,86.63795166307729,4.885443,4299.974
Sudan,2007,32764139.0,1273576.0,280746.0,104364,38.87103518880811,8.568697623947939,81.94563967913967,5.6626916,4415.785
Sudan,2008,33623980.0,1290879.0,289056.0,104807,38.391618124921564,8.59672174442169,81.1904136638678,5.4231358,4446.4097
Sudan,2009,34569114.0,1316518.0,274727.0,99189,38.08364888958393,7.94718082737093,75.34192468314144,6.3949633,4188.0547
Sudan,2010,35414403.0,1345298.0,276891.0,98294,37.98731267614479,7.818598551555422,73.06485254568133,5.0581017,4219.837
Sudan,2011,36140808.0,1348667.0,277772.0,96356,37.31701294558771,7.685827057325337,71.44536049299047,5.6157956,4467.626
Sudan,2012,36923175.0,1351018.0,277952.0,94373,36.58997364121585,7.527846670823947,69.85325140005537,5.68827,4145.9316
Sudan,2013,37785852.0,1360851.0,282408.0,92686,36.0148290423622,7.473908488288156,68.10885247539957,6.9648747,4130.486
Sudan,2014,38823324.0,1377885.0,279915.0,90963,35.4911650532551,7.209969965477454,66.0163946918647,5.676197,4207.5005
Sudan,2015,40024433.0,1428209.0,282932.0,90607,35.68342866968284,7.068982089015477,63.44099498042653,5.8111258,4159.1943
Sudan,2016,41259892.0,1461090.0,286651.0,89986,35.41187165492338,6.9474491111125545,61.58826629434189,5.684385,4174.561
Sudan,2017,42714311.0,1495973.0,287934.0,89214,35.02275853167806,6.740925775438588,59.63610305800974,5.917674,4061.0183
Sudan,2018,44230597.0,1551365.0,293944.0,89135,35.07447570739323,6.6457163126240415,57.455853393624324,4.4617286,3816.66
Sudan,2019,45548179.0,1590030.0,298306.0,88701,34.90875013905605,6.54924096965545,55.78573989170016,4.5996757,3625.5232
Sudan,2020,46789237.0,1613314.0,317506.0,87476,34.48045113452053,6.7858768459934495,54.22131091653578,3.0432343,3401.2498
Sudan,2021,48066930.0,1630110.0,336278.0,85800,33.913337090594304,6.9960365681769145,52.63448478937004,2.9669323,3248.9756
Sudan,2022,49383344.0,1656075.0,322066.0,84340,33.535092317766086,6.521753569381612,50.92764518515164,3.7941644,3132.0771
Suriname,2000,476647.0,12163.0,3837.0,374,25.51783605057831,8.049982481794704,30.748992847159418,5.8709216,16220.179
Suriname,2001,486566.0,12338.0,3985.0,366,25.357299934644015,8.190050270672426,29.66445128870157,3.8247497,16556.943
Suriname,2002,496566.0,12044.0,4123.0,349,24.254580458589594,8.303025176915053,28.977084025240785,5.3299155,16678.072
Suriname,2003,506421.0,11658.0,4264.0,330,23.02037237792272,8.419872003728123,28.306742151312402,4.888784,17383.502
Suriname,2004,513928.0,11334.0,4387.0,312,22.05367288803101,8.536215189676374,27.527792482795128,5.460808,18585.518
Suriname,2005,519321.0,11269.0,4237.0,301,21.69948837039134,8.158730342119807,26.710444582482918,5.243964,19220.283
Suriname,2006,525003.0,11378.0,4104.0,295,21.672257110911747,7.817098188010354,25.92722798382844,5.8559875,20113.67
Suriname,2007,531026.0,11453.0,3987.0,287,21.567682185053084,7.508106947682411,25.0589365231817,5.221486,20902.139
Suriname,2008,537252.0,11464.0,3909.0,280,21.338217447305922,7.2759152129726825,24.424284717376135,4.746996,21515.812
Suriname,2009,543580.0,11444.0,3884.0,271,21.053018874866623,7.1452224143640315,23.68053128276826,4.978103,21906.41
Suriname,2010,549931.0,11393.0,3905.0,264,20.717144514493636,7.100890839032533,23.17212323356447,4.697857,22772.475
Suriname,2011,556279.0,11360.0,3963.0,257,20.421407243487533,7.124122967072278,22.62323943661972,4.409322,23829.533
Suriname,2012,562640.0,11439.0,4036.0,253,20.330939854969433,7.173325750035547,22.11731794737302,4.284357,24193.842
Suriname,2013,569024.0,11450.0,4099.0,245,20.122174108649197,7.2035625913845465,21.397379912663755,4.487381,24624.021
Suriname,2014,575380.0,11426.0,4145.0,239,19.858180680593694,7.2039347909207825,20.917206371433572,4.5212784,24414.355
Suriname,2015,581634.0,11329.0,4177.0,230,19.477884717881004,7.1814921411059185,20.301880130638185,5.8080816,23327.525
Suriname,2016,587765.0,11133.0,4158.0,223,18.941243524197596,7.074255867566119,20.030539836522053,5.9928374,21950.412
Suriname,2017,593720.0,10953.0,4188.0,212,18.44809000875834,7.05383008825709,19.35542773669314,5.3228593,22070.514
Suriname,2018,599519.0,10846.0,4233.0,204,18.091169754419795,7.060660296003963,18.808777429467085,6.605671,22938.535
Suriname,2019,605779.0,10824.0,4259.0,198,17.867902320813368,7.030616776085008,18.29268292682927,8.383536,22966.74
Suriname,2020,612320.0,10833.0,4187.0,191,17.69172981447609,6.837927880846616,17.631311732668696,6.034256,19091.361
Suriname,2021,617905.0,10861.0,5568.0,186,17.577135643828743,9.011093938388587,17.125494889973297,5.0170417,18458.234
Suriname,2022,623172.0,10887.0,4165.0,180,17.47029712503129,6.683548041311227,16.533480297602647,5.9329777,18742.588
Sweden,2000,8872099.0,90029.0,93406.0,356,10.147429599241397,10.52806105973344,3.9542813982161307,7.3249555,47868.508
Sweden,2001,8896018.0,91280.0,93822.0,399,10.26077060545516,10.5465164301601,4.371165644171779,7.8924894,48389.82
Sweden,2002,8925045.0,95429.0,95054.0,386,10.692271019361806,10.650254424487494,4.044892013958021,8.185974,49331.203
Sweden,2003,8958434.0,98751.0,92879.0,383,11.023243571365263,10.367771867270552,3.878441737298863,8.316543,50072.473
Sweden,2004,8993805.0,100487.0,90608.0,360,11.172912910609025,10.074490162951054,3.5825529670504643,8.142819,51960.53
Sweden,2005,9029771.0,101129.0,91952.0,328,11.199508824753142,10.183203981584915,3.243382214794965,8.159873,53198.67
Sweden,2006,9080628.0,105017.0,91198.0,367,11.56494903215945,10.043137985610688,3.494672291152861,8.042177,55373.934
Sweden,2007,9148280.0,106653.0,91756.0,335,11.658257071274601,10.029863537189504,3.1410274441412804,7.9882226,56737.367
Sweden,2008,9219903.0,108445.0,91455.0,327,11.762054329638826,9.919301754042316,3.015353404951819,8.226036,55777.4
Sweden,2009,9298738.0,110778.0,90186.0,363,11.913229515661158,9.698735462812266,3.276823918106483,8.77743,52950.71
Sweden,2010,9378234.0,114261.0,90681.0,357,12.183637132534761,9.669304476727708,3.124425657048337,8.323847,55520.434
Sweden,2011,9449263.0,111188.0,89937.0,290,11.76684361521105,9.51788515146631,2.608195128970752,10.50179,56846.137
Sweden,2012,9519477.0,112158.0,91896.0,350,11.781949785686756,9.653471508991512,3.120597728204854,10.834198,56193.33
Sweden,2013,9600620.0,112690.0,90335.0,354,11.737783601475737,9.409288150140304,3.141361256544503,10.987218,56353.086
Sweden,2014,9696438.0,113810.0,88945.0,299,11.7372998208208,9.17295608964859,2.627185660311045,11.072126,57077.668
Sweden,2015,9799483.0,114014.0,90975.0,337,11.634695422197272,9.283653025368787,2.955777360675005,10.930692,58955.64
Sweden,2016,9923281.0,115765.0,90983.0,345,11.66600038837961,9.168640896090718,2.9801753552455406,10.956924,59460.29
Sweden,2017,10057864.0,114397.0,91930.0,320,11.37388614520936,9.140111657902713,2.7972761523466523,10.9473095,59769.01
Sweden,2018,10175400.0,114683.0,92259.0,300,11.270613440257877,9.066867150185741,2.6159064551851623,11.091327,60124.57
Sweden,2019,10279120.0,113665.0,88780.0,289,11.057853201441368,8.636926118189105,2.5425592750626844,10.934443,61070.523
Sweden,2020,10353682.0,112697.0,98382.0,316,10.884726805401208,9.502126876216595,2.80397881043861,11.424587,59458.28
Sweden,2021,10416134.0,113236.0,91914.0,267,10.871211910292244,8.824195234047489,2.3579073792786747,11.230136,62190.85
Sweden,2022,10487335.0,104855.0,94673.0,279,9.998250270445256,9.02736491205821,2.660817319155024,10.855057,62544.5
Switzerland,2000,7184003.0,77396.0,62717.0,453,10.773380801761915,8.730091009149078,5.853015659724016,9.134424,68834.82
Switzerland,2001,7226391.0,71686.0,61482.0,443,9.920027853461015,8.50798136995355,6.179728259353291,9.460401,69489.7
Switzerland,2002,7278744.0,71363.0,61919.0,399,9.80430140145058,8.506824803839782,5.591132659781679,9.880001,69228.37
Switzerland,2003,7333451.0,71095.0,63368.0,362,9.694617172733548,8.640952261084173,5.091778606090442,10.136968,68521.34
Switzerland,2004,7384196.0,72160.0,60443.0,387,9.77222164742106,8.185454448933912,5.363082039911308,10.225765,69812.375
Switzerland,2005,7431824.0,72245.0,61388.0,362,9.721032145002356,8.260152554742955,5.010727385978268,10.058234,71414.35
Switzerland,2006,7478514.0,72600.0,60599.0,375,9.707810936771663,8.103080371314409,5.1652892561983474,9.5802,73901.62
Switzerland,2007,7545386.0,73400.0,61445.0,340,9.72779921398322,8.143387230288814,4.632152588555858,9.416938,76161.56
Switzerland,2008,7641730.0,75325.0,61488.0,344,9.857061162851867,8.0463455264711,4.566876866910056,9.531677,77103.72
Switzerland,2009,7737644.0,77128.0,62882.0,382,9.967892035353396,8.126763133584332,4.952805725547143,10.141506,74672.95
Switzerland,2010,7825750.0,79172.0,62923.0,347,10.116857809155672,8.040507299619845,4.382862628201889,9.990786,76308.805
Switzerland,2011,7914379.0,79714.0,62321.0,347,10.072047345723526,7.8744017692354635,4.353062197355547,10.103931,76527.336
Switzerland,2012,7998927.0,81027.0,64352.0,347,10.129733650525877,8.045079046227075,4.282523109580756,10.335111,76570.234
Switzerland,2013,8091199.0,81688.0,65482.0,366,10.095907911794038,8.09299091519069,4.480462246596807,10.594445,77084.664
Switzerland,2014,8190238.0,84045.0,64136.0,376,10.261606561372208,7.830785869714653,4.473793800939973,10.675119,78086.68
Switzerland,2015,8283940.0,85476.0,67994.0,390,10.31827850032714,8.207930042950576,4.562684262249053,10.979831,78325.75
Switzerland,2016,8374903.0,86752.0,65191.0,340,10.358567735053171,7.7840901560292695,3.919218000737735,11.202488,78956.07
Switzerland,2017,8453630.0,86532.0,67303.0,359,10.236076099852962,7.961431952900706,4.148754218092729,11.374716,79333.74
Switzerland,2018,8516341.0,86891.0,67603.0,343,10.202855897855663,7.938033481749967,3.9474744219769597,11.198911,81371.89
Switzerland,2019,8577525.0,85393.0,68099.0,324,9.955435862909173,7.939236551336196,3.7942220088297636,11.42589,81694.63
Switzerland,2020,8640582.0,85214.0,76428.0,363,9.862067161679619,8.845237508306733,4.259863402727252,11.989609,79270.875
Switzerland,2021,8707019.0,89352.0,71449.0,327,10.262065581802451,8.205908359680851,3.659683051302713,11.958556,83524.984
Switzerland,2022,8792180.0,81859.0,76536.0,325,9.310432679949683,8.705008314206488,3.970241512845259,11.599118,85762.28
Syria,2000,16637884.0,519171.0,72961.0,12057,31.204148315975758,4.385233122192702,23.223562178935264,4.572029,7973.9814
Syria,2001,17051337.0,524230.0,72718.0,11739,30.744216714501626,4.264650918576063,22.3928428361597,4.7145824,8075.784
Syria,2002,17468335.0,526366.0,72405.0,11423,30.132579893847925,4.144928523525567,21.701629664530003,4.9641676,8502.493
Syria,2003,17889297.0,529103.0,72122.0,11134,29.57651158678846,4.031572621327713,21.043161728434725,5.1350102,8351.465
Syria,2004,18336879.0,533907.0,72695.0,10953,29.116568855583328,3.96441510030142,20.514808758828785,4.4975314,8710.009
Syria,2005,18814092.0,542371.0,73420.0,10866,28.827912609335595,3.9023940140188533,20.034256993828947,4.127133,9016.721
Syria,2006,19637016.0,555206.0,74589.0,10896,28.27344032311223,3.7983876980086992,19.625148143211707,3.7962031,9074.772
Syria,2007,20884136.0,607186.0,78021.0,11574,29.07403016337377,3.7358979083453585,19.06170432124588,3.7392018,9017.087
Syria,2008,21636566.0,659145.0,82545.0,12385,30.464399942208942,3.815069359897499,18.789492448550774,3.4137812,9093.13
Syria,2009,21976971.0,642799.0,83496.0,12249,29.24875316075177,3.799249678219988,19.055723484324027,3.5743122,9481.57
Syria,2010,22482417.0,644639.0,85977.0,12363,28.67302923880471,3.824188475820905,19.178175692131568,3.352863,9749.574
Syria,2011,22878104.0,643104.0,99154.0,14247,28.110021704595802,4.334012993384417,22.15349305866547,2.661626,9854.034
Syria,2012,22759763.0,630948.0,155420.0,22394,27.722081288807797,6.8287178561569375,35.492623797840714,3.2206078,7296.329
Syria,2013,21666921.0,582156.0,162811.0,22927,26.868423067587685,7.514265640235639,39.382914545242166,3.7751853,5648.602
Syria,2014,20273661.0,482189.0,149078.0,19371,23.784012172246545,7.353284638625456,40.173044179771836,4.231714,5414.375
Syria,2015,19424615.0,413713.0,159728.0,17913,21.298388668192395,8.222968640562502,43.29813179668031,3.6746433,5414.839
Syria,2016,19193835.0,376564.0,140552.0,13787,19.619007874142923,7.3227679616918655,36.61263424012917,3.8907351,5128.9185
Syria,2017,19224671.0,376524.0,139305.0,13398,19.585458705639226,7.246157814612276,35.583389106670495,3.912993,5083.652
Syria,2018,19577849.0,370649.0,128113.0,12598,18.93205939018122,6.543773016126542,33.98903005269136,3.9385257,5061.494
Syria,2019,20353536.0,401308.0,107550.0,9839,19.716868852665208,5.2840941249717,24.517328336340167,3.9697857,4928.029
Syria,2020,21049431.0,434463.0,106456.0,9378,20.64013036741943,5.05742886826727,21.585267330014293,3.6700912,4810.611
Syria,2021,21628837.0,457916.0,107360.0,9342,21.171549815646582,4.963743542937607,20.401121603088775,3.504033,4765.5293
Syria,2022,22462170.0,476966.0,107218.0,9942,21.234190641420664,4.773269902240077,20.844253049483612,3.384097,4579.44
Tajikistan,2000,6284737.0,182945.0,46396.0,15644,29.109412215658345,7.3823296026548135,85.51203913744568,4.264924,1365.2333
Tajikistan,2001,6407376.0,187525.0,45248.0,14496,29.267050973752752,7.061861204961282,77.30169310758565,4.5780253,1467.3988
Tajikistan,2002,6531674.0,190613.0,44126.0,13535,29.182871037348157,6.755695400597152,71.00774868450735,4.4364724,1594.939
Tajikistan,2003,6658575.0,192775.0,42381.0,12637,28.951389749308223,6.364875367477276,65.55310595253535,4.7021866,1736.6404
Tajikistan,2004,6790555.0,202960.0,41761.0,12135,29.88857317259046,6.149865511729159,59.79010642491131,4.799112,1878.287
Tajikistan,2005,6924722.0,202686.0,42495.0,11432,29.269911485255292,6.136708448368036,56.40251423383953,5.210247,1965.3002
Tajikistan,2006,7057566.0,206269.0,42224.0,10874,29.226648394078072,5.982799169005292,52.71756783617509,5.032548,2063.2886
Tajikistan,2007,7194479.0,215307.0,42116.0,10585,29.926697958253822,5.853933273000033,49.16235886431932,5.540501,2181.898
Tajikistan,2008,7338402.0,224338.0,41996.0,10436,30.57041573901239,5.722771796911644,46.519091727660935,5.912067,2308.0942
Tajikistan,2009,7490232.0,235272.0,42427.0,10418,31.41050904698279,5.664310531369389,44.280662382263934,5.855798,2349.5002
Tajikistan,2010,7652144.0,244745.0,43358.0,10493,31.983846618673144,5.666124422122741,42.873194549429,5.7354345,2449.2737
Tajikistan,2011,7824788.0,251995.0,43571.0,10426,32.2047063767095,5.568329774557471,41.37383678247585,5.859718,2572.4807
Tajikistan,2012,8014087.0,256550.0,43466.0,10353,32.01238020001529,5.423699543067102,40.35470668485675,5.9818587,2700.0955
Tajikistan,2013,8216733.0,264122.0,43433.0,10328,32.144405811896284,5.285920815487128,39.103141729958125,6.532264,2828.3855
Tajikistan,2014,8425559.0,271579.0,44277.0,10332,32.23275749419119,5.2550815916190246,38.04417867360878,6.6654973,2943.0886
Tajikistan,2015,8643839.0,276548.0,45649.0,10271,31.993654671263542,5.2811025286334,37.140026324544024,6.907359,3041.4448
Tajikistan,2016,8865623.0,274310.0,45759.0,10035,30.940859993708283,5.161397005038451,36.58269840691189,6.963497,3169.9668
Tajikistan,2017,9085942.0,269396.0,45002.0,9659,29.64976003588841,4.952926179806122,35.85428142956837,6.85399,3312.712
Tajikistan,2018,9307345.0,274185.0,45588.0,9511,29.458991796264137,4.898067064237976,34.68825792804128,7.013816,3479.6924
Tajikistan,2019,9529970.0,277968.0,46143.0,9321,29.167772826147406,4.841883027963362,33.53263685028492,6.9476676,3649.8838
Tajikistan,2020,9749312.0,276503.0,57031.0,9011,28.36128333978849,5.849746115418196,32.58915816464921,8.890353,3724.749
Tajikistan,2021,9966912.0,276523.0,53672.0,8756,27.744099677011295,5.385017947384306,31.66463549144194,8.375045,3985.9126
Tajikistan,2022,10182228.0,275357.0,47022.0,8478,27.042902594599138,4.6180462664949165,30.789121031969405,7.629174,4213.7563
Tanzania,2000,34260142.0,1422747.0,437581.0,177289,41.52776132685031,12.772305497157602,124.61034885330983,3.4152994,1839.9366
Tanzania,2001,35198303.0,1457122.0,430894.0,171175,41.397507146864434,12.241897002818574,117.47472071659065,4.235517,1899.7454
Tanzania,2002,36121301.0,1487161.0,423951.0,164388,41.17130221859949,11.736869610538113,110.53813272402921,4.6890764,1982.6443
Tanzania,2003,37089555.0,1533095.0,414659.0,158044,41.33495265715644,11.179940012761005,103.08819740459658,5.3423147,2059.8374
Tanzania,2004,38109666.0,1582585.0,407208.0,152556,41.5271285767763,10.685163181435387,96.39671802778366,5.7373414,2155.2415
Tanzania,2005,39182083.0,1624699.0,400515.0,147031,41.46535547893153,10.221891470139553,90.49737828360823,6.3228254,2253.0933
Tanzania,2006,40294900.0,1651022.0,393068.0,141136,40.97347306979295,9.754782863340026,85.48402141219196,7.598279,2334.1045
Tanzania,2007,41435508.0,1664390.0,386099.0,134659,40.1682054917729,9.318070868106648,80.90591748328215,6.8842797,2423.616
Tanzania,2008,42570728.0,1684906.0,381162.0,128706,39.57898018563366,8.953617142746538,76.38764417718258,5.5570474,2493.2593
Tanzania,2009,43633975.0,1708809.0,376760.0,123241,39.16234998072029,8.634555985330238,72.12099187211678,5.0630636,2560.811
Tanzania,2010,44758491.0,1734654.0,371189.0,118204,38.755864222500264,8.293152689173546,68.14269589209144,5.223922,2654.8035
Tanzania,2011,46029371.0,1754071.0,369210.0,113662,38.10764652856108,8.021182822593861,64.79897335968727,5.0559845,2779.7078
Tanzania,2012,47374261.0,1805063.0,365712.0,110643,38.10218802146591,7.719634930030888,61.29592152739267,5.0177937,2822.4854
Tanzania,2013,48824134.0,1875230.0,366215.0,108821,38.40784969171189,7.50069627451047,58.03074822821734,4.646434,2924.8633
Tanzania,2014,50351506.0,1931208.0,365628.0,107311,38.35452310006378,7.261510708339091,55.56677478552284,4.0149207,3027.569
Tanzania,2015,52020958.0,1957132.0,364226.0,104792,37.62199073688724,7.001524270275838,53.54365469472677,3.6496994,3111.4446
Tanzania,2016,53824012.0,2025496.0,365992.0,103184,37.63182870871833,6.799790398382045,50.942583939933726,3.9635034,3214.2468
Tanzania,2017,55652888.0,2093157.0,366243.0,101687,37.610932248475585,6.580844465789449,48.58068458314403,4.0232573,3318.2883
Tanzania,2018,57437134.0,2144432.0,366537.0,99645,37.33528904837069,6.381533591143318,46.46684996306715,4.3277583,3392.6887
Tanzania,2019,59174889.0,2182541.0,365896.0,97565,36.8828913223648,6.183298459588154,44.70248210686535,4.0234776,3484.6326
Tanzania,2020,60972803.0,2221661.0,360302.0,95932,36.436917620467604,5.9092248063452155,43.18030518607474,3.0502868,3449.8215
Tanzania,2021,62830410.0,2262827.0,382678.0,93756,36.01483740118837,6.090649416421125,41.43312767613255,3.4696333,3493.083
Tanzania,2022,64711822.0,2306107.0,378175.0,92400,35.636564212332026,5.843986281208401,40.06752505412801,3.134975,3546.981
Thailand,2000,63007815.0,946821.0,402906.0,20452,15.027040693285427,6.3945401058582965,21.60070382891803,3.1012535,11623.787
Thailand,2001,63651137.0,933472.0,409190.0,19112,14.665441090235355,6.4286361451799365,20.47410099070995,3.0262377,11902.611
Thailand,2002,64266433.0,921230.0,416953.0,17842,14.334543820099677,6.487881473054526,19.367584642271748,3.334723,12513.542
Thailand,2003,64868164.0,911609.0,423562.0,16646,14.053257311244387,6.529582061240395,18.260021566263607,3.2431278,13288.748
Thailand,2004,65452049.0,904574.0,437979.0,16618,13.820407669743082,6.691601052856267,18.37107854083801,3.1389315,13998.521
Thailand,2005,66017415.0,890476.0,434061.0,14603,13.48850148101073,6.574946928776294,16.399094416918594,3.1597223,14459.825
Thailand,2006,66567685.0,879215.0,437998.0,13757,13.207835002824568,6.579739103139909,15.646912302451618,3.0997083,15052.695
Thailand,2007,67102388.0,867371.0,442024.0,12782,12.926082451789943,6.587306550103701,14.736485310207511,3.1927752,15744.365
Thailand,2008,67619835.0,846908.0,445205.0,11889,12.524549934201998,6.583940939814479,14.03812456606857,3.4593394,15893.509
Thailand,2009,68121077.0,830227.0,447643.0,11122,12.187520170886318,6.5712848315654195,13.396336182754837,3.6193964,15667.6045
Thailand,2010,68579443.0,823589.0,453105.0,10557,12.009269308296949,6.607009042053607,12.818286791105757,3.390098,16732.188
Thailand,2011,69007212.0,824136.0,458493.0,10205,11.942751722819928,6.644131630763463,12.382664997039324,3.568255,16768.168
Thailand,2012,69436091.0,816412.0,464915.0,9559,11.757747134699734,6.695581408809433,11.708549114907669,3.5229404,17871.578
Thailand,2013,69845112.0,793955.0,468892.0,9000,11.36736669561071,6.7133115915112285,11.335655043421857,3.4531333,18244.406
Thailand,2014,70216362.0,768882.0,474245.0,8430,10.950182807819067,6.754052566836203,10.963971064480635,3.684481,18326.605
Thailand,2015,70540787.0,747300.0,480951.0,7908,10.59387103237167,6.818055488947125,10.58209554395825,3.852286,18814.041
Thailand,2016,70859835.0,716458.0,490202.0,7370,10.110918265615494,6.9179105483381385,10.28671603918164,3.939006,19372.713
Thailand,2017,71160183.0,694861.0,500216.0,6922,9.764744421750574,7.029436672471739,9.961704571130053,3.8527684,20096.861
Thailand,2018,71376081.0,670932.0,511577.0,6432,9.399955707851205,7.167345038178826,9.58666452039849,3.8704033,20882.17
Thailand,2019,71522264.0,647680.0,530847.0,6004,9.055641750937863,7.422122431694836,9.270009881422926,3.7891188,21280.15
Thailand,2020,71641484.0,629882.0,545795.0,5629,8.792140598315914,7.618421192950163,8.936594473250546,4.357247,19950.285
Thailand,2021,71727338.0,612870.0,555448.0,5278,8.544440893652014,7.743881419382942,8.611940542039912,5.154,20236.977
Thailand,2022,71735321.0,601151.0,662166.0,5246,8.380125600887741,9.230682887722773,8.726592819441372,5.3547115,20768.48
Togo,2000,4783721.0,180436.0,57726.0,20830,37.71875491902642,12.06717532230663,115.44259460418098,3.33427,2321.9504
Togo,2001,4904135.0,185465.0,59043.0,20770,37.81808616606191,12.039432030317272,111.98878494594668,3.4422195,2283.585
Togo,2002,5027128.0,190391.0,60110.0,20681,37.87271778239981,11.957125420319514,108.62383200886596,3.4450235,2312.9646
Togo,2003,5154113.0,195078.0,61225.0,20611,37.84899554976773,11.878862570533474,105.65517382790473,3.4451392,2407.5857
Togo,2004,5281320.0,199066.0,62263.0,20497,37.69247082168852,11.789287526603198,102.96585052193745,3.481319,2326.601
Togo,2005,5413151.0,206614.0,63337.0,20541,38.168896452362034,11.700578831072697,99.41727085289477,3.9824204,2164.016
Togo,2006,5569659.0,215775.0,64949.0,20782,38.74115093940222,11.661216602309047,96.31328930599004,4.309678,2158.9438
Togo,2007,5748437.0,225246.0,66936.0,21281,39.183868588974704,11.6442086779415,94.47892526393366,3.6773443,2067.2183
Togo,2008,5936140.0,233444.0,68815.0,21489,39.32589190955739,11.592550040935693,92.05205531090968,3.7407193,2082.642
Togo,2009,6130944.0,241541.0,70805.0,21628,39.39703249613762,11.54879248611633,89.54173411553317,3.9272676,2126.4414
Togo,2010,6325791.0,248550.0,72754.0,21605,39.291528917095114,11.50117036746867,86.92416012874673,4.332844,2181.5989
Togo,2011,6500577.0,250436.0,73953.0,21146,38.52519553264272,11.376374743349706,84.43674232139149,4.389271,2246.562
Togo,2012,6653719.0,249477.0,73429.0,20525,37.49436969009361,11.035783146237465,82.2721132609419,4.643665,2333.1929
Togo,2013,6798851.0,249669.0,72799.0,19835,36.722234389310785,10.70754455421953,79.44518542550337,4.7867026,2416.378
Togo,2014,6937647.0,252091.0,72418.0,19240,36.33667149683459,10.438409449197977,76.32164575490596,4.904734,2501.4326
Togo,2015,7071500.0,255269.0,72177.0,18706,36.098281835537016,10.206745386410239,73.2795599935754,6.247385,2588.2727
Togo,2016,7200883.0,259245.0,72239.0,18242,36.001834774985234,10.031964135509492,70.36587012285676,6.5855007,2648.901
Togo,2017,7324379.0,261762.0,72370.0,17722,35.73845646163313,9.880701148861904,67.70272232027567,6.5021048,2708.6113
Togo,2018,7458205.0,264249.0,72772.0,17206,35.43064316413936,9.757307555906548,65.11282918762228,6.1607366,2787.564
Togo,2019,7619916.0,265990.0,73005.0,16983,34.907208950859825,9.580814276692815,63.84826497236738,5.9126863,2862.6267
Togo,2020,7788058.0,266752.0,74279.0,16776,34.2514141522829,9.537550953010365,62.88987523992322,6.1892843,2861.2979
Togo,2021,7936185.0,267413.0,74756.0,16248,33.695409066194905,9.41963928512251,60.75994809526837,5.6165967,2952.0974
Togo,2022,8068616.0,267305.0,72260.0,15523,33.128977757771594,8.955687071983597,58.072239576513724,6.2409406,3086.4087
Tonga,2000,102695.0,3018.0,667.0,50,29.387993573202202,6.4949608062709965,16.56726308813784,2.903892,5809.0093
Tonga,2001,103305.0,3033.0,670.0,50,29.359663133439817,6.485649290934611,16.485328058028355,3.425016,5860.8315
Tonga,2002,103888.0,3069.0,670.0,49,29.541429231480056,6.449253041737255,15.96611274030629,3.5895774,6085.893
Tonga,2003,104481.0,3122.0,673.0,49,29.881031000851827,6.4413625443860605,15.695067264573991,3.4358308,6054.656
Tonga,2004,105088.0,3152.0,675.0,48,29.993909866017052,6.423188185140074,15.228426395939087,4.5074162,5901.2134
Tonga,2005,105684.0,3172.0,681.0,47,30.014004011960182,6.44373793573294,14.817150063051702,4.3856025,5829.117
Tonga,2006,106266.0,3137.0,678.0,45,29.520260478422074,6.3802156851674106,14.344915524386357,5.4722505,5671.6406
Tonga,2007,106744.0,3099.0,679.0,44,29.03207674436034,6.3610132653825975,14.198128428525331,4.7333,5507.3574
Tonga,2008,107036.0,3073.0,676.0,43,28.709966740162187,6.315632123771442,13.992840872111943,6.057597,5759.306
Tonga,2009,107219.0,3044.0,689.0,43,28.390490491424092,6.426099851705388,14.126149802890934,3.9738088,5454.5737
Tonga,2010,107415.0,3008.0,680.0,39,28.003537680957034,6.3305869757482665,12.965425531914894,4.8163233,5489.4536
Tonga,2011,107584.0,2975.0,684.0,39,27.652810826888754,6.357822724568709,13.109243697478991,4.739908,5848.1934
Tonga,2012,107476.0,2931.0,680.0,38,27.271204734080168,6.326993933529346,12.964858410098941,8.137861,5908.024
Tonga,2013,107093.0,2877.0,680.0,37,26.864500947774367,6.349621357138188,12.860618700034758,4.1676884,5952.457
Tonga,2014,106627.0,2814.0,681.0,36,26.39106417699082,6.386750072683279,12.793176972281449,5.195832,6097.6504
Tonga,2015,106110.0,2741.0,678.0,34,25.831684101404203,6.389595702572802,12.404232032105071,4.7813764,6195.433
Tonga,2016,105536.0,2662.0,675.0,32,25.223620375985448,6.395921770770164,12.021036814425244,5.2259107,6639.9873
Tonga,2017,105373.0,2583.0,669.0,30,24.51292076717945,6.348874948990728,11.614401858304298,5.629528,6863.548
Tonga,2018,105590.0,2549.0,673.0,29,24.14054361208448,6.3737096315939015,11.377010592389173,6.1224065,6885.985
Tonga,2019,105688.0,2520.0,680.0,29,23.843766558171218,6.434032245855726,11.507936507936508,5.745279,6859.7173
Tonga,2020,105721.0,2498.0,683.0,28,23.628229017886703,6.460400488077109,11.20896717373899,5.5591984,6981.304
Tonga,2021,105504.0,2480.0,708.0,27,23.5062177737337,6.710646041856233,10.887096774193548,7.062541,6930.065
Tonga,2022,105053.0,2453.0,684.0,27,23.350118511608425,6.510999209922611,11.0069302894415,7.9527674,6811.4824
Trinidad and Tobago,2000,1319781.0,19624.0,9035.0,543,14.869133591103372,6.845832755585965,27.67019975540155,4.234925,19637.555
Trinidad and Tobago,2001,1325573.0,19527.0,9089.0,534,14.73098803309965,6.8566574605849695,27.34675065294208,4.034649,20366.754
Trinidad and Tobago,2002,1332017.0,19352.0,9038.0,524,14.528343106732121,6.78519868740414,27.077304671351797,4.723025,21876.854
Trinidad and Tobago,2003,1338718.0,19287.0,9116.0,513,14.407067059679484,6.809499834916688,26.598226784881007,4.187671,24910.822
Trinidad and Tobago,2004,1345386.0,19220.0,9077.0,503,14.285862941936365,6.7467626391236415,26.170655567117585,4.308052,26757.908
Trinidad and Tobago,2005,1352040.0,19375.0,9115.0,495,14.330197331439898,6.741664447797402,25.548387096774196,4.4345117,29536.44
Trinidad and Tobago,2006,1358706.0,19552.0,9196.0,486,14.390162404523126,6.768204453354883,24.856792144026187,4.15432,33348.75
Trinidad and Tobago,2007,1365381.0,19623.0,9207.0,476,14.371812702828002,6.743172784739205,24.257249146409826,4.1536026,34793.645
Trinidad and Tobago,2008,1372090.0,19603.0,9255.0,465,14.286963683140318,6.745184353796033,23.72085905218589,3.6575706,35825.332
Trinidad and Tobago,2009,1379056.0,19612.0,9330.0,450,14.221322411852746,6.765497557749649,22.945135631246174,5.4867644,34212.27
Trinidad and Tobago,2010,1386657.0,19534.0,9328.0,435,14.087117434232114,6.726969971665668,22.268864543872226,5.080429,35145.125
Trinidad and Tobago,2011,1394990.0,19429.0,9345.0,420,13.92769840644019,6.69897275249285,21.617170209480673,4.721979,34769.76
Trinidad and Tobago,2012,1403814.0,19301.0,9446.0,406,13.748972442218129,6.7288116516860494,21.03517952437698,4.6285157,36903.69
Trinidad and Tobago,2013,1412658.0,19086.0,9577.0,390,13.510701103876523,6.7794186561786365,20.433825840930528,4.802247,37994.07
Trinidad and Tobago,2014,1421135.0,18886.0,9828.0,375,13.289377856431654,6.915599151382522,19.85597797310177,4.873817,39248.656
Trinidad and Tobago,2015,1429190.0,18624.0,10194.0,359,13.03115750879869,7.132711535904953,19.276202749140893,5.6525383,38963.965
Trinidad and Tobago,2016,1437031.0,18399.0,10510.0,344,12.803481622873827,7.313690518854499,18.696668297190065,6.4746585,35914.99
Trinidad and Tobago,2017,1445265.0,18053.0,10831.0,328,12.491134843782973,7.494127374564526,18.16872541959785,6.56563,34095.99
Trinidad and Tobago,2018,1470522.0,17735.0,11382.0,327,12.06034319785763,7.740108614491997,18.438116718353537,6.650894,33710.02
Trinidad and Tobago,2019,1484898.0,17949.0,11807.0,317,12.087698953059402,7.951387906778781,17.6611510390551,6.907048,33748.707
Trinidad and Tobago,2020,1481026.0,17249.0,12309.0,295,11.646655764314739,8.311130256997513,17.10244072120123,7.4767733,30720.887
Trinidad and Tobago,2021,1487715.0,16797.0,14525.0,282,11.29046894062371,9.763294717066104,16.788712270048226,7.205213,30482.121
Trinidad and Tobago,2022,1495923.0,16435.0,12304.0,271,10.986528049906312,8.22502227721614,16.489199878308487,6.6441603,30784.111
Tunisia,2000,9764940.0,161597.0,49101.0,4932,16.54869359156329,5.028295104731826,30.520368571198723,4.8127193,9134.415
Tunisia,2001,9869679.0,160157.0,50003.0,4546,16.22717415632261,5.066324852105119,28.384647564577257,4.8613276,9380.563
Tunisia,2002,9971521.0,159905.0,50799.0,4238,16.03616940685378,5.094408365584347,26.50323629655108,5.120364,9407.557
Tunisia,2003,10071638.0,163658.0,51731.0,4051,16.249392601282928,5.13630454152542,24.752838235833263,5.208885,9752.024
Tunisia,2004,10166170.0,166048.0,52714.0,3868,16.3333880901067,5.185236918131411,23.294469069184814,5.198908,10263.806
Tunisia,2005,10255474.0,169176.0,53791.0,3729,16.496165852499846,5.245101299072086,22.042133635976736,5.145558,10529.16
Tunisia,2006,10346408.0,171877.0,54933.0,3625,16.612238759577235,5.309378868492331,21.090663672277266,5.131099,10983.922
Tunisia,2007,10441705.0,175101.0,56174.0,3569,16.76938775803377,5.379772747841468,20.3825220872525,5.1754284,11613.925
Tunisia,2008,10542637.0,179305.0,57437.0,3543,17.007604454179727,5.448067689326684,19.75962745043362,5.1644063,11990.196
Tunisia,2009,10650682.0,184294.0,58820.0,3567,17.303492865527296,5.522651037745752,19.354943731212085,5.405953,12229.775
Tunisia,2010,10765984.0,193140.0,60333.0,3653,17.93983717605376,5.604039537862958,18.91374132753443,5.6095076,12458.271
Tunisia,2011,10886041.0,205664.0,62263.0,3828,18.89245135123044,5.719526501875199,18.61288314921425,6.122993,12068.714
Tunisia,2012,11009649.0,215574.0,63759.0,3911,19.580460739484064,5.791192798244522,18.142262053865494,6.2898474,12436.3955
Tunisia,2013,11141365.0,220100.0,65406.0,3939,19.755209527737403,5.8705553583425365,17.896410722398908,6.51395,12587.995
Tunisia,2014,11274295.0,221627.0,66864.0,3923,19.657725826759012,5.9306590789047124,17.700911892504074,6.450061,12824.003
Tunisia,2015,11402270.0,221370.0,68365.0,3828,19.414555171908752,5.995735936791534,17.292316031982654,6.2133994,12802.792
Tunisia,2016,11528676.0,218516.0,69647.0,3658,18.954127950165308,6.041196751474323,16.74019293781691,6.2477818,12803.88
Tunisia,2017,11650504.0,211670.0,70700.0,3414,18.1683127184884,6.0684069976715165,16.12887986015968,6.1855745,12955.401
Tunisia,2018,11765515.0,204065.0,71620.0,3139,17.344332143556827,6.087281347225344,15.382353661823439,5.9375186,13163.195
Tunisia,2019,11875084.0,199737.0,72421.0,2878,16.819838916507873,6.098567386975957,14.408947766312702,6.0246124,13243.902
Tunisia,2020,11974058.0,189037.0,79610.0,2570,15.787212655893265,6.648539701411167,13.59522209937737,7.056126,11955.599
Tunisia,2021,12048625.0,168668.0,100571.0,2182,13.998941787963357,8.347093548018965,12.936656627220337,7.34184,12444.326
Tunisia,2022,12119338.0,171170.0,74640.0,2007,14.123708737226407,6.1587522354768875,11.725185488111235,7.512707,12712.224
Turkey,2000,65425957.0,1401449.0,380910.0,52535,21.42038212753999,5.822001197475798,37.4862017811565,4.599572,14856.915
Turkey,2001,66245125.0,1364156.0,383597.0,47698,20.592549263058977,5.790569494736405,34.96520925759224,4.8878493,13872.129
Turkey,2002,67048792.0,1309563.0,386586.0,42840,19.531492826895377,5.7657414618297675,32.7132028012398,5.0622787,14587.895
Turkey,2003,67831735.0,1285362.0,391651.0,39080,18.949272047958086,5.773860863208054,30.40388622037994,5.014277,15255.718
Turkey,2004,68592621.0,1293430.0,397419.0,36273,18.85669305449051,5.793903108032568,28.044037945617468,4.9096446,16583.883
Turkey,2005,69329557.0,1302959.0,404340.0,33701,18.79370150886728,5.832144578682365,25.864973494944966,4.893897,17902.596
Turkey,2006,70045351.0,1308853.0,411510.0,31311,18.685794007942082,5.874908100610417,23.92247257713433,5.145917,18972.01
Turkey,2007,70750593.0,1307517.0,417793.0,28991,18.480650755817695,5.905151918656004,22.17256066269119,5.237608,19909.084
Turkey,2008,71562343.0,1299747.0,427468.0,26823,18.162443339788357,5.973365069950267,20.637093218911065,5.2176175,19839.584
Turkey,2009,72464846.0,1293077.0,432527.0,24908,17.844197171135917,5.968783815534501,19.262580650649575,5.494387,18612.193
Turkey,2010,73346766.0,1261173.0,437694.0,22791,17.19466404285637,5.967461469262325,18.07127174463773,5.0205345,19897.447
Turkey,2011,74215203.0,1249292.0,460289.0,21282,16.833370380998623,6.202085036404199,17.03524876490044,4.653051,21760.43
Turkey,2012,75197196.0,1292422.0,444914.0,20427,17.187103625512844,5.916630189242694,15.80520913447775,4.4444466,22517.715
Turkey,2013,76403032.0,1302576.0,435651.0,19419,17.048747489497536,5.702011930625999,14.908151232634411,4.3709993,24117.312
Turkey,2014,78036154.0,1369294.0,441958.0,19123,17.54691806056972,5.663503098832882,13.965591027200878,4.3251786,24888.852
Turkey,2015,80014222.0,1389210.0,456925.0,18513,17.36203846361213,5.710547307452417,13.326278964303453,4.1169043,25984.803
Turkey,2016,81652087.0,1400744.0,472503.0,17795,17.155029974922748,5.786784114899598,12.703963036786165,4.2846923,26489.645
Turkey,2017,83083667.0,1392487.0,469484.0,16903,16.760057063923284,5.650737587208326,12.13871296464527,4.17975,28194.688
Turkey,2018,84415966.0,1362283.0,468096.0,15881,16.137741052444984,5.5451121651560555,11.657636482287455,4.121016,28780.303
Turkey,2019,85357670.0,1288466.0,471136.0,14520,15.094905941082974,5.519550849970483,11.269214709584887,4.3595433,28741.053
Turkey,2020,86091691.0,1194951.0,566481.0,12953,13.879980589532154,6.579972973233851,10.839775020063584,4.616402,28976.719
Turkey,2021,86686254.0,1142982.0,640535.0,11777,13.185273872833402,7.389118463926241,10.303749315387293,4.5606556,32105.547
Turkey,2022,87058469.0,1079023.0,555768.0,10600,12.394233581112022,6.383847618547025,9.823701626378677,3.703389,33520.812
Turkmenistan,2000,4582675.0,108686.0,31815.0,7483,23.71671567370586,6.942451733976335,68.84971385459029,4.0308003,5064.2876
Turkmenistan,2001,4675416.0,108504.0,31822.0,7132,23.207346683161454,6.806239273681743,65.73029565730296,4.766053,5179.4644
Turkmenistan,2002,4769473.0,107705.0,32067.0,6752,22.582159496447513,6.723384323592984,62.68975442180029,4.106967,5090.381
Turkmenistan,2003,4863871.0,109170.0,32429.0,6458,22.44508540625358,6.6673232082018625,59.15544563524778,4.978492,5154.751
Turkmenistan,2004,4958091.0,112847.0,33000.0,6250,22.760171202989216,6.655787479495636,55.38472444991892,6.186523,5309.6455
Turkmenistan,2005,5052260.0,117536.0,33571.0,6099,23.264044209917937,6.644749082588782,51.890484617478904,5.588868,5889.8467
Turkmenistan,2006,5147103.0,121798.0,33962.0,5967,23.66340832891823,6.598274796521461,48.99095223238477,4.920757,6415.713
Turkmenistan,2007,5244047.0,126056.0,34024.0,5876,24.037923382456338,6.488118813580427,46.61420321127118,3.0932863,6993.5293
Turkmenistan,2008,5345033.0,130646.0,33831.0,5849,24.442505780600417,6.329427713542648,44.76983604549699,3.4538045,7870.0273
Turkmenistan,2009,5451597.0,136588.0,33658.0,5921,25.054676638790433,6.173970673180722,43.349342548393714,2.8147128,8186.8784
Turkmenistan,2010,5564356.0,143076.0,33758.0,6057,25.712948632330498,6.066829656477767,42.334144091252206,3.2087944,8758.896
Turkmenistan,2011,5683413.0,149461.0,34267.0,6231,26.297754535874834,6.0292996479404195,41.689805367286446,3.22296,9837.563
Turkmenistan,2012,5808548.0,156113.0,35158.0,6449,26.876424194135954,6.052803557791035,41.30982045057107,3.3420355,10689.354
Turkmenistan,2013,5939348.0,162445.0,36229.0,6688,27.350645222337537,6.099827792545579,41.17085782880359,3.9692926,11516.374
Turkmenistan,2014,6075286.0,166864.0,37184.0,6895,27.46603205182439,6.120534901566774,41.321075846198106,4.2574167,12423.925
Turkmenistan,2015,6215773.0,170720.0,38057.0,7097,27.465610471939694,6.122649588393913,41.570993439550136,5.016529,12926.664
Turkmenistan,2016,6360041.0,171349.0,38760.0,7200,26.941492987230742,6.094300335485259,42.019504053131335,5.587185,13420.385
Turkmenistan,2017,6507065.0,170953.0,39534.0,7250,26.271905997558036,6.075550190446845,42.40931718074559,5.823612,13963.404
Turkmenistan,2018,6655523.0,169731.0,40192.0,7233,25.50227833334811,6.038894313790216,42.61448998709723,5.5529804,14499.168
Turkmenistan,2019,6803943.0,169003.0,40726.0,7180,24.838979397681612,5.9856468521267745,42.48445293870523,5.5522337,15080.903
Turkmenistan,2020,6949915.0,167630.0,43617.0,7051,24.119719449806222,6.275904093791075,42.06287657340572,5.572261,15630.914
Turkmenistan,2021,7092042.0,165586.0,42862.0,6859,23.348141480267603,6.043675432266193,41.42258403488218,5.4919662,16259.87
Turkmenistan,2022,7230197.0,163656.0,41841.0,6642,22.635067896490234,5.786979248283276,40.58512978442587,5.3710375,16943.605
Tuvalu,2000,9566.0,254.0,87.0,11,26.552372987664647,9.094710432782772,43.30708661417323,22.281742,3893.2969
Tuvalu,2001,9608.0,245.0,86.0,10,25.499583680266444,8.950874271440467,40.816326530612244,17.965483,3903.2031
Tuvalu,2002,9645.0,235.0,86.0,10,24.36495593571799,8.916537065837222,42.5531914893617,11.836918,4211.59
Tuvalu,2003,9715.0,229.0,86.0,9,23.57179619145651,8.852290272774061,39.301310043668124,13.703371,3998.436
Tuvalu,2004,9839.0,227.0,84.0,9,23.071450350645392,8.537452993190364,39.647577092511014,9.331497,3874.5828
Tuvalu,2005,9964.0,226.0,82.0,8,22.681653954235244,8.22962665596146,35.39823008849557,10.066943,3682.8918
Tuvalu,2006,10078.0,226.0,84.0,8,22.425084342131377,8.334987100615201,35.39823008849557,12.175544,3687.7712
Tuvalu,2007,10204.0,223.0,84.0,7,21.854174833398666,8.232065856526852,31.390134529147982,10.45885,3893.6426
Tuvalu,2008,10344.0,224.0,87.0,7,21.65506573859242,8.410672853828306,31.25,10.339772,4093.9248
Tuvalu,2009,10479.0,229.0,91.0,7,21.85323027006394,8.684034736138946,30.567685589519648,13.011382,3812.1394
Tuvalu,2010,10635.0,235.0,96.0,7,22.096850023507287,9.026798307475318,29.787234042553195,16.213526,3664.4504
Tuvalu,2011,10804.0,243.0,107.0,7,22.491669751943725,9.903739355794151,28.80658436213992,14.743904,3879.349
Tuvalu,2012,10960.0,250.0,112.0,7,22.81021897810219,10.218978102189782,28.0,13.873743,3715.6006
Tuvalu,2013,11028.0,251.0,114.0,7,22.76024664490388,10.337323177366704,27.888446215139442,13.803921,3833.4895
Tuvalu,2014,11007.0,252.0,113.0,7,22.894521668029434,10.266194240029073,27.777777777777775,14.527622,3903.4346
Tuvalu,2015,10985.0,256.0,107.0,6,23.30450614474283,9.74055530268548,23.4375,13.441886,4277.715
Tuvalu,2016,10951.0,260.0,106.0,6,23.742124006940003,9.679481325906309,23.076923076923077,18.325392,4495.5723
Tuvalu,2017,10892.0,264.0,106.0,6,24.237972824091077,9.731913330885053,22.727272727272727,24.457632,4668.544
Tuvalu,2018,10775.0,268.0,107.0,6,24.872389791183295,9.930394431554525,22.388059701492537,18.421999,4785.233
Tuvalu,2019,10603.0,263.0,104.0,6,24.804300669621803,9.808544751485428,22.813688212927758,22.22294,5515.8994
Tuvalu,2020,10423.0,256.0,105.0,6,24.561066871342224,10.073875083948959,23.4375,17.887154,5442.3633
Tuvalu,2021,10214.0,248.0,101.0,5,24.280399451732915,9.888388486391227,20.161290322580644,18.574112,5551.8086
Tuvalu,2022,10012.0,241.0,90.0,4,24.071114662405115,8.98921294446664,16.597510373443985,21.28792,5044.54
Uganda,2000,24000158.0,1157941.0,354860.0,161229,48.24722403910841,14.785735993904707,139.2376640951482,5.0827775,1487.005
Uganda,2001,24745678.0,1185690.0,348931.0,157291,47.91503388995848,14.100684572069515,132.65777732796937,5.052084,1516.9642
Uganda,2002,25532872.0,1211424.0,342689.0,152054,47.445661420305555,13.421482706684936,125.51674723300843,4.771369,1598.5829
Uganda,2003,26352124.0,1237537.0,336185.0,147344,46.96156560283338,12.757415683077387,119.06229874339111,4.299158,1649.1483
Uganda,2004,27154513.0,1262893.0,324265.0,140677,46.50766522677096,11.941477278565076,111.39265163398642,4.700222,1709.3616
Uganda,2005,27963287.0,1281635.0,312558.0,133937,45.83277352193968,11.177441335848679,104.50479270619171,5.805163,1765.0378
Uganda,2006,28794005.0,1301032.0,301064.0,127141,45.184127737700955,10.455787584950409,97.72319205061828,6.463305,1898.9791
Uganda,2007,29653437.0,1320278.0,290384.0,120604,44.52360783675768,9.792591664838042,91.34742834463651,6.11309,1999.0625
Uganda,2008,30539547.0,1337132.0,281217.0,114260,43.78362259269923,9.20828982826759,85.45154853821462,5.4547496,2110.1006
Uganda,2009,31451147.0,1364387.0,273764.0,108819,43.38115236306008,8.704420223529528,79.75669659707987,5.7884555,2188.299
Uganda,2010,32390801.0,1389208.0,267647.0,103810,42.8889671484197,8.263055921340136,74.72603094712959,6.8089023,2244.606
Uganda,2011,33354541.0,1408226.0,260973.0,98668,42.219918421302815,7.824212001598224,70.06545824320811,6.6959095,2384.4653
Uganda,2012,34337436.0,1422236.0,254759.0,93687,41.419400097316526,7.41927848078115,65.87303372998574,6.1085396,2405.0945
Uganda,2013,35337050.0,1432962.0,248714.0,88939,40.55126276811448,7.03833511852291,62.06654468157564,5.782524,2420.8882
Uganda,2014,36395542.0,1445397.0,243805.0,84664,39.71357261282165,6.69875997450457,58.57491056090472,5.3365307,2470.504
Uganda,2015,37531444.0,1464001.0,239151.0,80742,39.007318769829375,6.37201702124757,55.15160167240323,4.9964314,2520.02
Uganda,2016,38799153.0,1485180.0,235624.0,77272,38.27867067098088,6.072916076286511,52.02871032467445,5.015533,2554.2278
Uganda,2017,40177384.0,1524479.0,233814.0,74567,37.943709824412664,5.819542656137095,48.91310408342785,3.9985204,2543.8477
Uganda,2018,41565839.0,1565908.0,233303.0,72654,37.67295542861531,5.612854344164687,46.397361786260745,4.021534,2613.88
Uganda,2019,42999636.0,1600115.0,233041.0,70929,37.21229175056273,5.419604017113075,44.32743896532437,3.7934136,2689.4102
Uganda,2020,44457148.0,1636139.0,238845.0,69911,36.802608210495194,5.37247688493198,42.72925466601554,5.238655,2678.009
Uganda,2021,45910931.0,1668475.0,245140.0,69001,36.341563188949486,5.339469156049133,41.35572903399811,5.473749,2684.9204
Uganda,2022,47312718.0,1693817.0,238199.0,69104,35.8004585574644,5.034565970190087,40.797795747710644,4.4507113,2724.906
Ukraine,2000,49556654.0,387659.0,751826.0,6309,7.822541852805478,15.171040401557377,16.2746124815882,5.306852,10364.0625
Ukraine,2001,49106854.0,381999.0,756747.0,5878,7.778934484379716,15.41021137293788,15.38747483632156,5.725344,11379.386
Ukraine,2002,48677280.0,394917.0,759475.0,5539,8.11296358383213,15.60224811246643,14.025731989253437,5.9922004,12092.789
Ukraine,2003,48315133.0,412908.0,764185.0,5348,8.546142261473232,15.816680045152728,12.952037742063608,6.545741,13342.88
Ukraine,2004,47979502.0,429844.0,774003.0,5387,8.958909160832892,16.131951515461747,12.53245363434176,6.1685696,15021.066
Ukraine,2005,47585558.0,433964.0,771847.0,5432,9.119657691100311,16.220194370737442,12.517167322635057,6.3461585,15610.573
Ukraine,2006,47278691.0,462724.0,763523.0,5897,9.787157601296533,16.149410735589107,12.744097993620386,6.4171896,16901.508
Ukraine,2007,47062802.0,480123.0,762790.0,6087,10.201751268443388,16.207917242156554,12.678001262176567,6.017768,18374.014
Ukraine,2008,46819168.0,515646.0,744766.0,6232,11.013566067641355,15.907288228616107,12.085810808190114,5.4975443,18883.986
Ukraine,2009,46623731.0,522252.0,720131.0,5921,11.201420152325431,15.44558928585102,11.337438631158905,6.609917,16092.796
Ukraine,2010,46455997.0,507052.0,687455.0,5550,10.914672652488763,14.797981840751367,10.945622934136933,6.813876,16811.795
Ukraine,2011,46307854.0,511877.0,670263.0,5429,11.053783662702228,14.474067401179939,10.606063566052,6.8166986,17783.957
Ukraine,2012,46210051.0,527665.0,658105.0,5281,11.418836131559345,14.241598651341025,10.008243866847337,7.1178923,17848.74
Ukraine,2013,46126760.0,515323.0,644999.0,4891,11.171888075381839,13.983184598267902,9.491134686400569,6.94358,17889.092
Ukraine,2014,45972379.0,488795.0,629003.0,4597,10.632362532293575,13.682193823382514,9.404760686995571,7.1950617,16978.812
Ukraine,2015,45784904.0,448778.0,595886.0,4135,9.801877055371788,13.014901156066637,9.213909772760697,7.7835283,15403.71
Ukraine,2016,45616831.0,438564.0,574250.0,3921,9.614083012474058,12.588555307579345,8.940542315374723,7.552054,15856.8125
Ukraine,2017,45436037.0,398895.0,557290.0,3576,8.779264793714294,12.265374288695117,8.9647651637649,7.4461036,16310.36
Ukraine,2018,45208903.0,367319.0,594815.0,3105,8.124926189870168,13.15703236594792,8.453142908480094,7.5205135,16978.984
Ukraine,2019,44957451.0,351719.0,587988.0,2793,7.823375039656941,13.078766409599156,7.940998353799483,7.0938935,17636.555
Ukraine,2020,44680008.0,337567.0,645107.0,2479,7.555213508466695,14.438381479251301,7.343727319317351,7.5621705,17092.54
Ukraine,2021,44298642.0,309089.0,759003.0,2290,6.977392218930774,17.13377579384939,7.408869290075026,8.202748,17846.408
United Arab Emirates,2000,3493583.0,56993.0,7003.0,632,16.313624150335055,2.004532309666036,11.089081115224676,2.3950446,95390.836
United Arab Emirates,2001,3723596.0,59497.0,6711.0,640,15.978371445237345,1.802290044354973,10.756844882935273,2.484364,90750.33
United Arab Emirates,2002,3956829.0,62434.0,6512.0,646,15.778796607081073,1.6457623010749263,10.346926354230067,2.7177086,87479.16
United Arab Emirates,2003,4192465.0,65598.0,6476.0,657,15.646642249845854,1.5446759841763735,10.015549254550443,2.646344,89828.49
United Arab Emirates,2004,4428964.0,66945.0,6602.0,652,15.115273007412116,1.4906420553429651,9.739338262753007,2.4622564,93166.16
United Arab Emirates,2005,4664797.0,66905.0,6865.0,638,14.342531947263728,1.4716610390548612,9.53590912487856,2.3202107,92750.92
United Arab Emirates,2006,5009106.0,61574.0,7234.0,589,12.29241305733997,1.444169877818517,9.565725793354337,2.3254137,94872.516
United Arab Emirates,2007,5624640.0,62588.0,7541.0,589,11.127467713489219,1.3407080275359844,9.410749664472423,2.566027,87180.6
United Arab Emirates,2008,6302669.0,63022.0,7597.0,593,9.99925587080648,1.20536236315123,9.40941258608105,2.9285762,80285.164
United Arab Emirates,2009,6707063.0,74333.0,7815.0,659,11.082794361704966,1.1651895919271968,8.865510607670887,4.0500016,71488.97
United Arab Emirates,2010,6938372.0,78052.0,7451.0,673,11.249324769556894,1.0738830376924156,8.622456823656025,3.7443314,70913.76
United Arab Emirates,2011,7199436.0,81872.0,7398.0,682,11.372001917928015,1.027580493805348,8.330076216533126,3.566664,73190.41
United Arab Emirates,2012,7497122.0,87548.0,7752.0,705,11.677547730982635,1.0339967790306734,8.052725362087084,3.3359637,73644.055
United Arab Emirates,2013,7831851.0,92561.0,8089.0,724,11.818534341370897,1.0328337451772256,7.821868821641945,3.5022218,74237.2
United Arab Emirates,2014,8236880.0,94485.0,8348.0,725,11.470969590427444,1.0134905449636271,7.673175636344393,3.534055,74145.12
United Arab Emirates,2015,8674633.0,95591.0,8858.0,723,11.019601636172965,1.021138300605916,7.563473548765051,3.4660935,75238.555
United Arab Emirates,2016,9030873.0,97054.0,9095.0,721,10.746912286331565,1.0071008638921177,7.428854040018958,3.895801,75671.04
United Arab Emirates,2017,9234330.0,98443.0,8961.0,715,10.660546027703147,0.9704006679423413,7.263086252958565,4.0085497,72529.04
United Arab Emirates,2018,9346870.0,95790.0,8950.0,684,10.24835051733896,0.9575397967447926,7.140620106482931,4.098542,72671.08
United Arab Emirates,2019,9377855.0,94664.0,8974.0,659,10.094419246192226,0.9569352479858134,6.961463703202907,4.4029126,72822.945
United Arab Emirates,2020,9448529.0,98881.0,10564.0,654,10.465226915216114,1.118057636273329,6.614010780635309,5.8247705,66808.62
United Arab Emirates,2021,9789055.0,90831.0,12320.0,604,9.278832328554696,1.2585484502845268,6.649712102696216,5.304943,68580.13
United Arab Emirates,2022,10242085.0,95204.0,12082.0,610,9.295372963610436,1.1796426215951146,6.407293811184404,4.565364,70075.64
United Kingdom,2000,59057333.0,684572.0,616829.0,4460,11.59165111638211,10.444579337844463,6.515019603489479,7.145591,43818.348
United Kingdom,2001,59288095.0,675043.0,610331.0,4339,11.385810254149673,10.294326373616828,6.427738677387959,7.432769,44693.66
United Kingdom,2002,59540764.0,676877.0,614959.0,4192,11.368295509274956,10.328369316859959,6.1931488291078,7.859468,45265.457
United Kingdom,2003,59820385.0,701719.0,619824.0,4434,11.730432694473633,10.361417767538606,6.318768623907861,8.052146,46505.28
United Kingdom,2004,60169964.0,721166.0,591818.0,4277,11.985481659919225,9.83577121634974,5.9306733817179405,8.32219,47317.027
United Kingdom,2005,60596107.0,729201.0,590615.0,4302,12.033792863954115,9.746748252325848,5.899607927032464,8.3810835,48304.676
United Kingdom,2006,61051093.0,754428.0,580228.0,4448,12.357321759988801,9.503973991096277,5.895857523845881,8.539708,49000.953
United Kingdom,2007,61535859.0,778605.0,581587.0,4457,12.65286635553426,9.451188452573644,5.72434032660977,8.760353,50045.918
United Kingdom,2008,62027303.0,799621.0,586510.0,4420,12.891435889127727,9.4556747050569,5.527618709363561,9.032957,49629.05
United Kingdom,2009,62506222.0,797810.0,566114.0,4289,12.763689349197909,9.056922365264693,5.375966708865519,9.83944,46995.547
United Kingdom,2010,63006482.0,812048.0,567677.0,4141,12.888324728239866,9.009819021477822,5.09945224912813,9.787995,47682.652
United Kingdom,2011,63509285.0,814718.0,557071.0,4098,12.828328960088276,8.771489082265688,5.029961287218399,9.796826,47714.29
United Kingdom,2012,63960488.0,817336.0,573444.0,3897,12.778764289603295,8.965597635840428,4.767928979024538,9.893322,48099.66
United Kingdom,2013,64389386.0,785366.0,580798.0,3593,12.197134478033382,9.02008911841464,4.574937035726018,9.990871,48600.51
United Kingdom,2014,64865914.0,779584.0,574470.0,3517,12.018392279186878,8.856269257224989,4.5113804285362455,9.976862,49763.176
United Kingdom,2015,65382107.0,779219.0,605880.0,3532,11.917924272461883,9.266755505447385,4.532743683098076,9.940449,50462.832
United Kingdom,2016,65893359.0,776038.0,599383.0,3493,11.777180762631938,9.09625809180558,4.501068246658024,9.870857,51168.293
United Kingdom,2017,66354473.0,757154.0,608563.0,3389,11.41074543686,9.171393765722472,4.475971863055601,9.704689,52429.13
United Kingdom,2018,66752473.0,733085.0,617715.0,3218,10.98213994259059,9.25381446167545,4.389668319499103,9.794966,52983.04
United Kingdom,2019,67110958.0,714388.0,605256.0,3218,10.644878590468043,9.018735807645601,4.504554947731484,9.979541,53374.094
United Kingdom,2020,67351860.0,687269.0,691536.0,2917,10.20415768770157,10.267511543111059,4.244335187532102,12.103881,47930.55
United Kingdom,2021,67668788.0,693027.0,662083.0,3122,10.241457257960642,9.784171101158188,4.504874990440488,12.083473,51840.44
United Kingdom,2022,68179315.0,688630.0,648523.0,3140,10.100277481520605,9.512019884623363,4.559778110160754,11.096798,53979.77
United States,2000,281484126.0,3956650.0,2423914.0,33289,14.056387677079877,8.611192518898918,8.41343055362491,12.490021,55045.676
United States,2001,284279634.0,3930346.0,2432923.0,32249,13.825633390255454,8.558203645358569,8.205130031808904,13.168171,55024.355
United States,2002,287084335.0,3924849.0,2461854.0,32416,13.671414708155357,8.575368628176804,8.25917124454979,13.995353,55443.22
United States,2003,289908091.0,3983291.0,2466663.0,32787,13.73984074145761,8.508431039270304,8.231133502422997,14.505575,56505.445
United States,2004,292786248.0,4014648.0,2419815.0,32601,13.711873516682383,8.264783665659051,8.120512682556479,14.551231,58139.082
United States,2005,295716666.0,4055468.0,2472159.0,33281,13.714032607144299,8.35989067995241,8.206451142013696,14.579462,59612.39
United States,2006,298730208.0,4179497.0,2452681.0,33772,13.990875003842932,8.210354809514277,8.08039819145701,14.708788,60684.34
United States,2007,301844223.0,4232701.0,2450591.0,34418,14.022799435853374,8.118727519923414,8.131450815921086,14.918325,61314.453
United States,2008,304970325.0,4184010.0,2502103.0,33140,13.719400403957335,8.20441464263777,7.920631164839473,15.207236,60806.223
United States,2009,308023452.0,4089073.0,2468889.0,31345,13.27520022728659,8.015263071592354,7.665551581006257,16.200676,58722.496
United States,2010,311062785.0,3978953.0,2502227.0,29150,12.791478736358643,8.044122025076064,7.326047832180978,16.197224,59797.074
United States,2011,314105075.0,3942528.0,2553168.0,28187,12.55162145979335,8.128388247149461,7.149473637219571,16.140005,60253.203
United States,2012,317115349.0,3942569.0,2567419.0,27887,12.43260224531106,8.096167555736951,7.073306770281002,16.119755,61142.363
United States,2013,320110752.0,3930896.0,2611127.0,27382,12.279799961233417,8.156948755035883,6.965841884394805,15.9522705,61966.664
United States,2014,323115377.0,3984348.0,2631369.0,27035,12.331038024228725,8.143744270022777,6.785300882352646,16.141584,63026.88
United States,2015,326126496.0,3982193.0,2707668.0,27358,12.210577947030712,8.30250848431524,6.870083895983947,16.401554,64367.72
United States,2016,329179423.0,3952809.0,2732734.0,27141,12.00806831719855,8.301654991357099,6.866256376161863,16.69204,65025.984
United States,2017,332204657.0,3872480.0,2795952.0,26085,11.656910637468878,8.416354018781862,6.735993471883651,16.638275,66164.03
United States,2018,335056492.0,3816077.0,2818624.0,25144,11.389354007801169,8.41238438084047,6.58896557904885,16.513126,67728.445
United States,2019,337790069.0,3772693.0,2842471.0,24611,11.168750493964344,8.41490399174524,6.523456851644171,16.54486,69121.46
United States,2020,339436156.0,3641990.0,3384292.0,22849,10.729528765933821,9.970334450758982,6.2737679125972345,18.515974,67406.83
United States,2021,340161438.0,3681202.0,3492879.0,24182,10.821926264316884,10.26829796033494,6.569050000516135,17.352077,71441.234
United States,2022,341534041.0,3750379.0,3187300.0,23713,10.980981541456362,9.33230547288257,6.322827639553229,16.528751,72828.74
Uruguay,2000,3266212.0,52104.0,31044.0,867,15.9524243986612,9.504588189621494,16.639797328420084,9.171824,18752.05
Uruguay,2001,3274257.0,51388.0,30660.0,833,15.694552993243963,9.36395646401611,16.21001011909395,9.75702,17986.895
Uruguay,2002,3278868.0,51296.0,31229.0,869,15.644423624250809,9.524323638524027,16.94089207735496,9.64023,16572.781
Uruguay,2003,3281188.0,50121.0,31490.0,835,15.275260058247197,9.597133721079071,16.659683565770834,9.5766735,16694.432
Uruguay,2004,3283157.0,49503.0,31436.0,800,15.077865603137468,9.574930470885187,16.160636729087127,8.266182,17519.373
Uruguay,2005,3285776.0,49602.0,30674.0,682,15.095977327730193,9.335389874416272,13.749445586871497,7.723905,18811.312
Uruguay,2006,3289508.0,48781.0,30997.0,637,14.829269301062652,9.422989699371456,13.058362887189684,7.709989,19560.074
Uruguay,2007,3295155.0,48151.0,30727.0,592,14.612666172001013,9.324902773921105,12.294656393429005,7.4616723,20803.885
Uruguay,2008,3302184.0,47714.0,30873.0,562,14.449225118891013,9.349267030547056,11.778513643794273,8.090817,22249.375
Uruguay,2009,3310093.0,47428.0,30484.0,494,14.328298328778073,9.209408919930647,10.415788142025809,7.916114,23138.074
Uruguay,2010,3318581.0,47277.0,31046.0,472,14.24614918243671,9.35520332334814,9.983713010554816,7.877573,24879.826
Uruguay,2011,3326829.0,46748.0,31812.0,478,14.051819315029418,9.562258835666036,10.225036365192093,7.9152136,26099.312
Uruguay,2012,3335406.0,47390.0,31868.0,503,14.208165362777425,9.554459037370563,10.614053597805444,8.033308,26953.271
Uruguay,2013,3345335.0,47959.0,31637.0,484,14.3360829333983,9.457049891864344,10.091953543651869,8.084484,28119.473
Uruguay,2014,3356343.0,47778.0,31535.0,453,14.235136277788056,9.39564281719717,9.481351249529071,8.038908,28935.086
Uruguay,2015,3368022.0,48169.0,31977.0,434,14.301866199211288,9.494296652456546,9.009944154954432,8.257037,28941.62
Uruguay,2016,3379279.0,46383.0,32377.0,399,13.725708945606446,9.581037848606167,8.602289631977234,8.638525,29332.557
Uruguay,2017,3388444.0,43058.0,32150.0,330,12.70730754293121,9.488130835274244,7.664081007013795,8.717022,29762.422
Uruguay,2018,3394538.0,39673.0,32347.0,326,11.687304723058041,9.529131799378884,8.217175408968316,8.900111,29757.928
Uruguay,2019,3397206.0,37009.0,33137.0,307,10.893952265479339,9.754192121408003,8.295279526601638,9.240695,30010.562
Uruguay,2020,3398966.0,35383.0,31336.0,242,10.409930549467104,9.219274332252809,6.839442670208857,9.0877495,27788.176
Uruguay,2021,3396693.0,34209.0,39836.0,249,10.071266375854396,11.727877673961114,7.278786284311146,8.919555,29431.873
Uruguay,2022,3390913.0,33767.0,36731.0,262,9.958085034915374,10.832185903914374,7.759054698374152,8.89016,30840.07
Uzbekistan,2000,24787052.0,538800.0,173654.0,33551,21.73715535030144,7.0058351432836785,62.269858945805495,5.1329336,3430.8838
Uzbekistan,2001,25090289.0,529342.0,172838.0,31224,21.097485166472175,6.888641258775457,58.986439768618396,5.2373743,3530.5496
Uzbekistan,2002,25399987.0,530875.0,171661.0,29397,20.90060124833922,6.758310545592011,55.37461737697198,5.1416492,3626.078
Uzbekistan,2003,25711261.0,526166.0,171048.0,27468,20.464418295158683,6.652649203008751,52.20405727470038,5.1882515,3733.798
Uzbekistan,2004,26029350.0,536325.0,172327.0,25990,20.604625163517337,6.620488026016785,48.4594229245327,4.8406377,3962.9011
Uzbekistan,2005,26356977.0,537796.0,174330.0,24340,20.404312679712852,6.614187962451081,45.25879701596888,4.781991,4185.6396
Uzbekistan,2006,26699046.0,558517.0,175265.0,23210,20.91898714283649,6.5644667603479165,41.556479032867394,4.7514133,4439.9067
Uzbekistan,2007,27076013.0,601991.0,175103.0,22773,22.233369440323433,6.467089523114057,37.82946921133372,4.54268,4792.829
Uzbekistan,2008,27494780.0,636649.0,174980.0,22160,23.155268018147446,6.364117116048938,34.807248578101905,4.7044744,5145.9917
Uzbekistan,2009,27939333.0,646638.0,174800.0,20897,23.144360676040478,6.2564127783580235,32.31638103544796,4.7964964,5471.8203
Uzbekistan,2010,28385509.0,637218.0,175950.0,19147,22.448707895285583,6.198585341555792,30.047801537307482,5.2993884,5794.9805
Uzbekistan,2011,28823194.0,632051.0,177198.0,17524,21.92855517677881,6.1477572541058425,27.725610749765444,5.262455,6170.8413
Uzbekistan,2012,29261908.0,642549.0,179223.0,16313,21.958547610770975,6.124788581797195,25.387947067071927,5.548221,6525.497
Uzbekistan,2013,29724065.0,683338.0,181572.0,15756,22.989385873029143,6.108585753664581,23.05740351041505,5.718966,6932.9336
Uzbekistan,2014,30222994.0,720690.0,183839.0,15261,23.845751350776165,6.082752754409441,21.175540107397076,4.430924,7344.443
Uzbekistan,2015,30749349.0,737436.0,184662.0,14541,23.982166256592944,6.005395431298399,19.718321318731387,4.7359657,7792.236
Uzbekistan,2016,31284565.0,735600.0,186559.0,13638,23.51319252800862,5.9632921218498645,18.539967373572594,4.715045,8172.922
Uzbekistan,2017,31819172.0,738081.0,189718.0,12871,23.196109565641745,5.962380165014979,17.438465425881443,4.3088856,8413.3
Uzbekistan,2018,32373489.0,777185.0,192064.0,12633,24.00683472825558,5.9327556569512785,16.254817064148174,4.5526156,8742.549
Uzbekistan,2019,32964700.0,814964.0,196816.0,12465,24.72232418314136,5.970507846271921,15.295154141778042,4.83521,9169.012
Uzbekistan,2020,33586373.0,860945.0,217204.0,12564,25.633759263020153,6.4670275650187055,14.593266701124927,6.0859776,9145.231
Uzbekistan,2021,34243696.0,905756.0,216427.0,12601,26.450299056503717,6.320199782173045,13.912135277050332,6.927426,9705.601
Uzbekistan,2022,34938953.0,926734.0,211323.0,12250,26.524378106006786,6.048349531252411,13.21846398211353,6.6170382,10091.388
Vanuatu,2000,186290.0,6019.0,991.0,173,32.30983949755757,5.319662891191153,28.74231599933544,3.3068326,3805.6223
Vanuatu,2001,191047.0,6166.0,1022.0,175,32.27478055138264,5.349468978837669,28.381446642880313,3.3872833,3584.9111
Vanuatu,2002,195871.0,6230.0,1050.0,174,31.80664825318705,5.36067105390793,27.929373996789728,3.9043775,3314.7126
Vanuatu,2003,200760.0,6334.0,1075.0,174,31.550109583582383,5.354652321179517,27.470792548152826,3.5069194,3372.773
Vanuatu,2004,205720.0,6461.0,1112.0,176,31.40676647870892,5.405405405405405,27.240365268534283,3.5399153,3422.6082
Vanuatu,2005,210772.0,6583.0,1126.0,175,31.23280132085856,5.342265576072723,26.583624487315813,3.304904,3517.8462
Vanuatu,2006,215939.0,6774.0,1168.0,177,31.369970223072258,5.408934930698021,26.12931798051373,3.3222933,3724.2473
Vanuatu,2007,221291.0,7048.0,1206.0,179,31.849465183852935,5.4498375442290925,25.39727582292849,3.107868,3738.6665
Vanuatu,2008,226908.0,7373.0,1230.0,182,32.493345320570455,5.420699137976625,24.684660246846605,3.1388338,3850.279
Vanuatu,2009,232740.0,7628.0,1265.0,183,32.77477012975853,5.435249634785598,23.990561090718405,3.2518141,3867.758
Vanuatu,2010,238256.0,7850.0,1300.0,183,32.947753676717475,5.456315895507354,23.312101910828027,3.5263708,3825.7566
Vanuatu,2011,243483.0,8057.0,1342.0,182,33.09060591499202,5.511678433401921,22.589052997393573,3.597707,3861.1821
Vanuatu,2012,248894.0,8256.0,1376.0,182,33.1707473864376,5.5284578977396,22.044573643410853,3.9363146,3815.419
Vanuatu,2013,254495.0,8458.0,1423.0,182,33.23444468457141,5.591465451187646,21.518089382832823,4.3924007,3748.7651
Vanuatu,2014,260247.0,8610.0,1468.0,186,33.08395485826926,5.640795090817569,21.602787456445995,3.6401885,3779.6494
Vanuatu,2015,266115.0,8725.0,1504.0,185,32.78657723164797,5.651691937696109,21.20343839541547,4.158313,3825.8123
Vanuatu,2016,272097.0,8844.0,1527.0,181,32.503114698067236,5.611969260962083,20.465852555404794,2.9890406,3877.0835
Vanuatu,2017,278518.0,8935.0,1566.0,181,32.08051185201675,5.622616850616477,20.257414661443757,2.8811805,3947.6782
Vanuatu,2018,285273.0,8965.0,1581.0,179,31.42603751494183,5.5420597112239856,19.966536530953707,3.44049,3951.1846
Vanuatu,2019,291995.0,8969.0,1604.0,174,30.71627938834569,5.493244747341564,19.400156093209944,3.4961543,3986.6562
Vanuatu,2020,298867.0,8948.0,1715.0,172,29.93973908126357,5.738338458243968,19.222172552525706,4.1212897,3671.9739
Vanuatu,2021,305882.0,8972.0,1776.0,165,29.33157230566035,5.806160545569861,18.390548372715116,4.588281,3546.0803
Vanuatu,2022,313061.0,8976.0,1619.0,162,28.671728512973512,5.171516094307499,18.048128342245988,4.058953,3658.5188
Vietnam,2000,77154016.0,1390170.0,423240.0,42533,18.01811586839498,5.485650934878102,30.595538675126065,4.1075273,4349.2236
Vietnam,2001,77969357.0,1413038.0,427394.0,40916,18.12299157475417,5.481563737918218,28.956050721919723,4.801075,4570.2686
Vietnam,2002,78772227.0,1425422.0,433986.0,39407,18.09548941659349,5.509378324418834,27.645848036581448,3.8707585,4809.6216
Vietnam,2003,79563778.0,1444171.0,442653.0,38351,18.151111426609226,5.563499008305011,26.55571950967025,3.942299,5090.29
Vietnam,2004,80338977.0,1445763.0,460364.0,37466,17.995785532593974,5.730269629895835,25.914344190576184,4.0879197,5421.097
Vietnam,2005,81088309.0,1408413.0,466347.0,35952,17.36887866289085,5.751100321995863,25.5266033471716,4.3182125,5776.3633
Vietnam,2006,82167901.0,1417335.0,474296.0,35326,17.24925406090147,5.772278398592658,24.924241622481627,4.5697985,6098.245
Vietnam,2007,83633374.0,1466698.0,484949.0,35531,17.5372334015844,5.798510532410184,24.22516428058128,4.629176,6418.544
Vietnam,2008,85175789.0,1504570.0,496397.0,35832,17.664291903418707,5.82791196686185,23.815442285835818,4.3602834,6659.1357
Vietnam,2009,86460023.0,1515454.0,507731.0,35754,17.527800102482047,5.872436559495248,23.592929907473273,4.485029,6914.339
Vietnam,2010,87455148.0,1522480.0,516929.0,35407,17.408695026163585,5.910789837094553,23.256134727549785,5.0714607,7274.733
Vietnam,2011,88468315.0,1555971.0,526143.0,35538,17.587890082454944,5.94724789321465,22.83975729624781,4.974685,7652.619
Vietnam,2012,89510355.0,1601508.0,537797.0,35938,17.891874074234202,6.0082098881185315,22.440100205556263,5.0017824,7979.868
Vietnam,2013,90573103.0,1620204.0,548595.0,36062,17.888356988277195,6.056930609962651,22.257691006811488,4.4123316,8324.198
Vietnam,2014,91679582.0,1711735.0,560519.0,37140,18.670842107460743,6.113891313335176,21.697283750113186,4.690788,8751.883
Vietnam,2015,92823254.0,1717064.0,571140.0,37228,18.498209511164088,6.152984035659857,21.681195342747856,4.711409,9248.024
Vietnam,2016,94000115.0,1627396.0,582354.0,35853,17.31270222382175,6.195247739856488,22.030900899350865,4.8699474,9743.188
Vietnam,2017,95176978.0,1595530.0,593746.0,35291,16.76382286481086,6.238336333813835,22.118669031607052,4.9901476,10290.549
Vietnam,2018,96237319.0,1485701.0,602702.0,33186,15.437888497288665,6.262664071096993,22.336930512936316,5.026788,10936.894
Vietnam,2019,97173778.0,1507477.0,612164.0,32557,15.51320768860093,6.2996830276579345,21.59701275707689,4.974075,11628.614
Vietnam,2020,98079196.0,1494146.0,570111.0,31779,15.234076755686292,5.8127617604043165,21.2690058401254,4.332198,11851.396
Vietnam,2021,98935101.0,1457843.0,658187.0,30614,14.735346558144213,6.652714692230415,20.999517780721245,4.5379243,12048.902
Vietnam,2022,99680656.0,1422615.0,646764.0,29542,14.271725900359243,6.488360188961838,20.765983769326205,4.538096,12979.764
World,2000,6171702992.0,135758480.0,52240370.0,10180099,21.99692373012366,8.464498383625394,74.98683691803267,5.440952,12780.638
World,2001,6254936464.0,135380000.0,52431244.0,9867352,21.643705060662626,8.382378350566087,72.88633476141231,5.710701,12915.056
World,2002,6337730343.0,135396480.0,52757536.0,9547369,21.36355961397836,8.324357955410726,70.51415960001324,5.694608,13104.347
World,2003,6420361633.0,135700800.0,53077070.0,9200461,21.13600568891818,8.266990713917002,67.79960766627757,5.7322364,13410.598
World,2004,6503377774.0,136596320.0,53187800.0,8935874,21.003903624682774,8.17848844836305,65.41811668132787,5.8406563,13921.34
World,2005,6586970132.0,137166460.0,53390436.0,8604697,20.823907995822683,8.105461984809255,62.73178588993257,5.9045296,14377.205
World,2006,6671452019.0,138469300.0,53281776.0,8293881,20.7554966453548,7.986533643389155,59.896894112991106,6.2483606,14934.693
World,2007,6757308776.0,139935790.0,53410050.0,8024188,20.708805034485227,7.904041648902741,57.341928037137606,5.9012628,15519.537
World,2008,6844457659.0,141758720.0,53987020.0,7821353,20.71146131112329,7.887698732274384,55.173699367488645,6.064593,15756.197
World,2009,6932766416.0,142968320.0,54122624.0,7624571,20.62211697628325,7.806786029180418,53.33049307706771,6.4407034,15456.593
World,2010,7021732143.0,143354240.0,54268588.0,7350838,20.415794433701173,7.728661090283916,51.27743692826944,6.251047,16050.853
World,2011,7110923773.0,143878780.0,54581440.0,7213025,20.23348647700375,7.675717212332435,50.132653334981015,6.207803,16478.65
World,2012,7201202478.0,146054880.0,54794788.0,6899499,20.28201268415994,7.60911641734843,47.239085746398885,6.169136,16785.055
World,2013,7291793585.0,145014780.0,55092620.0,6659059,19.887395098280198,7.55542780494108,45.919864168328225,6.250813,17121.723
World,2014,7381616239.0,145268260.0,55545320.0,6485996,19.679736157576208,7.524818170109155,44.64840426945294,6.313419,17502.781
World,2015,7470491876.0,144333950.0,56305970.0,6297864,19.320541725464288,7.537116823711543,43.633975235902575,6.431397,17870.98
World,2016,7558554527.0,144854100.0,56756910.0,6105446,19.164259447036468,7.50896349259081,42.14893468669509,6.4867334,18234.02
World,2017,7645617952.0,143601810.0,57572256.0,5920171,18.78223721111196,7.530098464433447,41.226297913654435,6.486957,18714.574
World,2018,7729902779.0,140332740.0,57792804.0,5649249,18.154528460725935,7.4765240459436315,40.25610132033337,6.365349,19189.492
World,2019,7811293699.0,138596780.0,58354932.0,5466807,17.743127494712322,7.47058480306157,39.4439683230736,6.5054693,19551.086
World,2020,7887001289.0,134719620.0,63546316.0,5240419,17.081222008660433,8.057094663928615,38.898706810485365,7.1308312,18812.492
World,2021,7954448387.0,133448840.0,69728100.0,5106789,16.77663032148102,8.765925254346616,38.26776613419795,7.180353,19875.566
World,2022,8021407196.0,132475390.0,62278628.0,5054944,16.515230652554443,7.764052675328116,38.157607990435054,6.8739033,20421.734
Zambia,2000,10017633.0,455450.0,162271.0,67181,45.46483186197778,16.19853711949719,147.50466571522668,4.1202908,2220.5654
Zambia,2001,10325186.0,462304.0,159613.0,64731,44.77439922147649,15.458607719028015,140.01825638540873,4.7785363,2268.9697
Zambia,2002,10647955.0,472047.0,156005.0,61862,44.33217458187981,14.651170107311685,131.05050980093083,5.888452,2299.333
Zambia,2003,10983604.0,482672.0,151484.0,58833,43.9447744110221,13.79183007690372,121.89022773229024,5.995536,2383.8762
Zambia,2004,11338201.0,497982.0,148634.0,56148,43.920724284214046,13.109134332686464,112.75106329144427,5.465875,2471.7207
Zambia,2005,11718819.0,513724.0,144969.0,53538,43.837523217996626,12.370615161817927,104.2154931441786,6.330887,2564.4756
Zambia,2006,12129560.0,529835.0,141948.0,51560,43.681304185807235,11.702650384680071,97.31331452244567,5.577423,2673.4614
Zambia,2007,12565093.0,542530.0,138813.0,49552,43.17755547054049,11.047510750616809,91.33504138020017,4.559941,2796.353
Zambia,2008,13021327.0,555123.0,135566.0,47926,42.63183007384731,10.41107407870181,86.33401966771329,4.4937077,2908.1436
Zambia,2009,13490395.0,567055.0,132596.0,46561,42.03398047277341,9.828919019791488,82.11020095052508,5.225685,3065.8442
Zambia,2010,13965592.0,578071.0,129745.0,45349,41.392516693885945,9.290332984094052,78.44884105931624,4.1342688,3266.5076
Zambia,2011,14437796.0,587057.0,127306.0,44399,40.661123068922706,8.817550822854125,75.62979404044242,3.9591336,3335.6433
Zambia,2012,14913631.0,594512.0,125114.0,43512,39.86366566264111,8.389238006492182,73.18943940576472,4.0454173,3474.5525
Zambia,2013,15399000.0,600296.0,123460.0,42606,38.982791090330544,8.017403727514774,70.9749856737343,4.5739045,3535.2246
Zambia,2014,15895320.0,605841.0,122170.0,41663,38.11442613297499,7.685910066610801,68.76886839946454,3.8292422,3585.5774
Zambia,2015,16399092.0,612410.0,121382.0,41135,37.34414076096408,7.401751267692139,67.16905341192991,4.429743,3576.9255
Zambia,2016,16914428.0,619352.0,121829.0,40450,36.61678656824813,7.202667450533946,65.31019517172787,4.4692316,3598.1716
Zambia,2017,17441328.0,626801.0,122172.0,39877,35.93768777239898,7.004741840758915,63.61987297403801,4.7815623,3612.5059
Zambia,2018,17973574.0,637415.0,121766.0,39478,35.46400955091069,6.774723825100117,61.93453244746358,4.769967,3646.9597
Zambia,2019,18513839.0,648090.0,120010.0,38922,35.00570573180419,6.482178007489424,60.05647363792066,6.7533026,3591.5642
Zambia,2020,19059394.0,655797.0,119312.0,38321,34.40807194604403,6.260010155621947,58.43424108375,6.306744,3391.5955
Zambia,2021,19603610.0,665154.0,129520.0,37730,33.93017918638455,6.606946373652608,56.723706089116206,6.639514,3503.035
Zambia,2022,20152935.0,675973.0,112513.0,36581,33.542161476727834,5.582958511998377,54.1160667659803,5.2104297,3585.1238
Zimbabwe,2010,13356551.0,505804.0,170234.0,40389,37.86935714167527,12.745356192627874,79.85108856394966,10.475753,3885.4106
Zimbabwe,2011,13595421.0,518550.0,158990.0,39027,38.141518383285074,11.694378570549599,75.26178767717674,8.081707,4358.945
Zimbabwe,2012,13817887.0,522389.0,151253.0,37133,37.80527370067507,10.9461743318642,71.08304347909316,6.9183874,5003.509
Zimbabwe,2013,14013811.0,518165.0,143406.0,34980,36.97530957139354,10.233190671688094,67.50745418930263,7.110222,5031.7095
Zimbabwe,2014,14207367.0,503038.0,136688.0,32501,35.40684209818751,9.620924130417691,64.6094330845781,8.1335125,5081.1343
Zimbabwe,2015,14399008.0,488386.0,132188.0,30095,33.9180310199147,9.180354646653436,61.621340497065844,7.4520407,5102.7363
Zimbabwe,2016,14600297.0,477484.0,128714.0,28013,32.70371828737457,8.815848061173002,58.66793442293354,7.2584558,5070.4243
Zimbabwe,2017,14812484.0,471228.0,127191.0,26491,31.81289512278967,8.586743452347358,56.21694805911363,6.174489,5234.4067
Zimbabwe,2018,15034457.0,470991.0,125092.0,25211,31.327436700906457,8.320353704826186,53.527562097789556,4.67328,5415.493
Zimbabwe,2019,15271377.0,475267.0,126468.0,24647,31.121424086380685,8.281375019423592,51.85927068363678,3.2326815,4993.865
Zimbabwe,2020,15526887.0,481152.0,126365.0,23828,30.98831079275582,8.138463299179032,49.52281191806331,2.954401,4527.7393
Zimbabwe,2021,15797220.0,488642.0,138738.0,23391,30.93215135321278,8.782431339184996,47.86940132039407,2.6711187,4827.1094
Zimbabwe,2022,16069061.0,496240.0,124995.0,23249,30.881704911071033,7.778612577299943,46.85031436401741,3.395195,5036.783
